This is XeTeX, Version 3.141592653-2.6-0.999997 (TeX Live 2025) (preloaded format=xelatex 2025.8.21)  7 SEP 2025 20:52
entering extended mode
 restricted \write18 enabled.
 %&-line parsing enabled.
**Elements-unicode.tex
(./Elements-unicode.tex
LaTeX2e <2024-11-01> patch level 2
L3 programming layer <2025-01-18>
(/usr/local/texlive/2025/texmf-dist/tex/latex/base/article.cls
Document Class: article 2024/06/29 v1.4n Standard LaTeX document class
(/usr/local/texlive/2025/texmf-dist/tex/latex/base/size10.clo
File: size10.clo 2024/06/29 v1.4n Standard LaTeX file (size option)
)
\c@part=\count192
\c@section=\count193
\c@subsection=\count194
\c@subsubsection=\count195
\c@paragraph=\count196
\c@subparagraph=\count197
\c@figure=\count198
\c@table=\count199
\abovecaptionskip=\skip49
\belowcaptionskip=\skip50
\bibindent=\dimen141
)
(/usr/local/texlive/2025/texmf-dist/tex/latex/fontspec/fontspec.sty
(/usr/local/texlive/2025/texmf-dist/tex/latex/l3packages/xparse/xparse.sty
(/usr/local/texlive/2025/texmf-dist/tex/latex/l3kernel/expl3.sty
Package: expl3 2025-01-18 L3 programming layer (loader) 

(/usr/local/texlive/2025/texmf-dist/tex/latex/l3backend/l3backend-xetex.def
File: l3backend-xetex.def 2024-05-08 L3 backend support: XeTeX
\g__graphics_track_int=\count266
\l__pdf_internal_box=\box52
\g__pdf_backend_annotation_int=\count267
\g__pdf_backend_link_int=\count268
))
Package: xparse 2024-08-16 L3 Experimental document command parser
)
Package: fontspec 2024/05/11 v2.9e Font selection for XeLaTeX and LuaLaTeX

(/usr/local/texlive/2025/texmf-dist/tex/latex/fontspec/fontspec-xetex.sty
Package: fontspec-xetex 2024/05/11 v2.9e Font selection for XeLaTeX and LuaLaTe
X
\l__fontspec_script_int=\count269
\l__fontspec_language_int=\count270
\l__fontspec_strnum_int=\count271
\l__fontspec_tmp_int=\count272
\l__fontspec_tmpa_int=\count273
\l__fontspec_tmpb_int=\count274
\l__fontspec_tmpc_int=\count275
\l__fontspec_em_int=\count276
\l__fontspec_emdef_int=\count277
\l__fontspec_strong_int=\count278
\l__fontspec_strongdef_int=\count279
\l__fontspec_tmpa_dim=\dimen142
\l__fontspec_tmpb_dim=\dimen143
\l__fontspec_tmpc_dim=\dimen144

(/usr/local/texlive/2025/texmf-dist/tex/latex/base/fontenc.sty
Package: fontenc 2021/04/29 v2.0v Standard LaTeX package
)
(/usr/local/texlive/2025/texmf-dist/tex/latex/fontspec/fontspec.cfg)))
(/usr/local/texlive/2025/texmf-dist/tex/latex/polyglossia/polyglossia.sty
Package: polyglossia 2025/01/31 v2.4 Modern multilingual typesetting with XeLaT
eX and LuaLaTeX

(/usr/local/texlive/2025/texmf-dist/tex/latex/etoolbox/etoolbox.sty
Package: etoolbox 2025/02/11 v2.5l e-TeX tools for LaTeX (JAW)
\etb@tempcnta=\count280
)
(/usr/local/texlive/2025/texmf-dist/tex/generic/iftex/iftex.sty
Package: iftex 2024/12/12 v1.0g TeX engine tests
)
\l_xpg_alias_keyvals_int=\count281

(/usr/local/texlive/2025/texmf-dist/tex/latex/polyglossia/gloss-latex.ldf
File: gloss-latex.ldf polyglossia: module for default language
))
(/usr/local/texlive/2025/texmf-dist/tex/latex/polyglossia/gloss-english.ldf
File: gloss-english.ldf polyglossia: module for English
)

Package polyglossia Info: Default language is english


(/usr/local/texlive/2025/texmf-dist/tex/latex/polyglossia/gloss-greek.ldf
File: gloss-greek.ldf polyglossia: module for Greek

(/usr/local/texlive/2025/texmf-dist/tex/latex/polyglossia/xgreek-fixes.def)
\@attic@num=\count282
)

Package fontspec Info: 
(fontspec)             Font family 'TimesNewRoman(0)' created for font 'Times
(fontspec)             New Roman' with options [Ligatures=TeX].
(fontspec)              
(fontspec)              This font family consists of the following NFSS
(fontspec)             series/shapes:
(fontspec)              
(fontspec)             - 'normal' (m/n) with NFSS spec.: <->"Times New
(fontspec)             Roman/OT:script=latn;language=dflt;mapping=tex-text;"
(fontspec)             - 'bold' (b/n) with NFSS spec.: <->"Times New
(fontspec)             Roman/B/OT:script=latn;language=dflt;mapping=tex-text;"
(fontspec)             - 'italic' (m/it) with NFSS spec.: <->"Times New
(fontspec)             Roman/I/OT:script=latn;language=dflt;mapping=tex-text;"
(fontspec)             - 'bold italic' (b/it) with NFSS spec.: <->"Times New
(fontspec)             Roman/BI/OT:script=latn;language=dflt;mapping=tex-text;"



Package fontspec Info: 
(fontspec)             Font family 'TimesNewRoman(1)' created for font 'Times
(fontspec)             New Roman' with options [].
(fontspec)              
(fontspec)              This font family consists of the following NFSS
(fontspec)             series/shapes:
(fontspec)              
(fontspec)             - 'normal' (m/n) with NFSS spec.: <->"Times New
(fontspec)             Roman/OT:script=latn;language=dflt;"
(fontspec)             - 'bold' (b/n) with NFSS spec.: <->"Times New
(fontspec)             Roman/B/OT:script=latn;language=dflt;"
(fontspec)             - 'italic' (m/it) with NFSS spec.: <->"Times New
(fontspec)             Roman/I/OT:script=latn;language=dflt;"
(fontspec)             - 'bold italic' (b/it) with NFSS spec.: <->"Times New
(fontspec)             Roman/BI/OT:script=latn;language=dflt;"


(/usr/local/texlive/2025/texmf-dist/tex/latex/amsmath/amsmath.sty
Package: amsmath 2024/11/05 v2.17t AMS math features
\@mathmargin=\skip51

For additional information on amsmath, use the `?' option.
(/usr/local/texlive/2025/texmf-dist/tex/latex/amsmath/amstext.sty
Package: amstext 2021/08/26 v2.01 AMS text

(/usr/local/texlive/2025/texmf-dist/tex/latex/amsmath/amsgen.sty
File: amsgen.sty 1999/11/30 v2.0 generic functions
\@emptytoks=\toks17
\ex@=\dimen145
))
(/usr/local/texlive/2025/texmf-dist/tex/latex/amsmath/amsbsy.sty
Package: amsbsy 1999/11/29 v1.2d Bold Symbols
\pmbraise@=\dimen146
)
(/usr/local/texlive/2025/texmf-dist/tex/latex/amsmath/amsopn.sty
Package: amsopn 2022/04/08 v2.04 operator names
)
\inf@bad=\count283
LaTeX Info: Redefining \frac on input line 233.
\uproot@=\count284
\leftroot@=\count285
LaTeX Info: Redefining \overline on input line 398.
LaTeX Info: Redefining \colon on input line 409.
\classnum@=\count286
\DOTSCASE@=\count287
LaTeX Info: Redefining \ldots on input line 495.
LaTeX Info: Redefining \dots on input line 498.
LaTeX Info: Redefining \cdots on input line 619.
\Mathstrutbox@=\box53
\strutbox@=\box54
LaTeX Info: Redefining \big on input line 721.
LaTeX Info: Redefining \Big on input line 722.
LaTeX Info: Redefining \bigg on input line 723.
LaTeX Info: Redefining \Bigg on input line 724.
\big@size=\dimen147
LaTeX Font Info:    Redeclaring font encoding OML on input line 742.
LaTeX Font Info:    Redeclaring font encoding OMS on input line 743.
\macc@depth=\count288
LaTeX Info: Redefining \bmod on input line 904.
LaTeX Info: Redefining \pmod on input line 909.
LaTeX Info: Redefining \smash on input line 939.
LaTeX Info: Redefining \relbar on input line 969.
LaTeX Info: Redefining \Relbar on input line 970.
\c@MaxMatrixCols=\count289
\dotsspace@=\muskip17
\c@parentequation=\count290
\dspbrk@lvl=\count291
\tag@help=\toks18
\row@=\count292
\column@=\count293
\maxfields@=\count294
\andhelp@=\toks19
\eqnshift@=\dimen148
\alignsep@=\dimen149
\tagshift@=\dimen150
\tagwidth@=\dimen151
\totwidth@=\dimen152
\lineht@=\dimen153
\@envbody=\toks20
\multlinegap=\skip52
\multlinetaggap=\skip53
\mathdisplay@stack=\toks21
LaTeX Info: Redefining \[ on input line 2953.
LaTeX Info: Redefining \] on input line 2954.
)
(/usr/local/texlive/2025/texmf-dist/tex/latex/amsfonts/amssymb.sty
Package: amssymb 2013/01/14 v3.01 AMS font symbols

(/usr/local/texlive/2025/texmf-dist/tex/latex/amsfonts/amsfonts.sty
Package: amsfonts 2013/01/14 v3.01 Basic AMSFonts support
\symAMSa=\mathgroup4
\symAMSb=\mathgroup5
LaTeX Font Info:    Redeclaring math symbol \hbar on input line 98.
LaTeX Font Info:    Overwriting math alphabet `\mathfrak' in version `bold'
(Font)                  U/euf/m/n --> U/euf/b/n on input line 106.
))
(/usr/local/texlive/2025/texmf-dist/tex/latex/parallel/parallel.sty
Package: parallel 2003/04/13, setting two texts parallel (me)

`parallel': setting two texts parallel, (beta 4) 2003/04/13.
\ParallelLWidth=\dimen154
\ParallelRWidth=\dimen155
\ParallelTextWidth=\dimen156
\ParallelLeftMargin=\dimen157
\ParallelUserMidSkip=\dimen158
\ParallelMainMidSkip=\dimen159
\ParallelLBox=\box55
\ParallelRBox=\box56
\ParallelBoxVar=\box57
\ParallelLTok=\box58
\ParallelRTok=\box59
\ParallelBoolVar=\count295
\ParallelBoolMid=\count296
\ParallelWhichBox=\count297
\ParallelMainMode=\count298
\ParallelFNMode=\count299
\ParallelLFNCounter=\count300
\ParallelRFNCounter=\count301
\ParallelMaxFN=\count302
\ParallelFNNumMode=\count303
)
(/usr/local/texlive/2025/texmf-dist/tex/latex/graphics/graphicx.sty
Package: graphicx 2021/09/16 v1.2d Enhanced LaTeX Graphics (DPC,SPQR)

(/usr/local/texlive/2025/texmf-dist/tex/latex/graphics/keyval.sty
Package: keyval 2022/05/29 v1.15 key=value parser (DPC)
\KV@toks@=\toks22
)
(/usr/local/texlive/2025/texmf-dist/tex/latex/graphics/graphics.sty
Package: graphics 2024/08/06 v1.4g Standard LaTeX Graphics (DPC,SPQR)

(/usr/local/texlive/2025/texmf-dist/tex/latex/graphics/trig.sty
Package: trig 2023/12/02 v1.11 sin cos tan (DPC)
)
(/usr/local/texlive/2025/texmf-dist/tex/latex/graphics-cfg/graphics.cfg
File: graphics.cfg 2016/06/04 v1.11 sample graphics configuration
)
Package graphics Info: Driver file: xetex.def on input line 106.

(/usr/local/texlive/2025/texmf-dist/tex/latex/graphics-def/xetex.def
File: xetex.def 2022/09/22 v5.0n Graphics/color driver for xetex
))
\Gin@req@height=\dimen160
\Gin@req@width=\dimen161
)
(/usr/local/texlive/2025/texmf-dist/tex/latex/fancyhdr/fancyhdr.sty
Package: fancyhdr 2025/02/07 v5.2 Extensive control of page headers and footers

\f@nch@headwidth=\skip54
\f@nch@offset@elh=\skip55
\f@nch@offset@erh=\skip56
\f@nch@offset@olh=\skip57
\f@nch@offset@orh=\skip58
\f@nch@offset@elf=\skip59
\f@nch@offset@erf=\skip60
\f@nch@offset@olf=\skip61
\f@nch@offset@orf=\skip62
\f@nch@height=\skip63
\f@nch@footalignment=\skip64
\f@nch@widthL=\skip65
\f@nch@widthC=\skip66
\f@nch@widthR=\skip67
\@temptokenb=\toks23
)
(/usr/local/texlive/2025/texmf-dist/tex/latex/geometry/geometry.sty
Package: geometry 2020/01/02 v5.9 Page Geometry

(/usr/local/texlive/2025/texmf-dist/tex/generic/iftex/ifvtex.sty
Package: ifvtex 2019/10/25 v1.7 ifvtex legacy package. Use iftex instead.
)
\Gm@cnth=\count304
\Gm@cntv=\count305
\c@Gm@tempcnt=\count306
\Gm@bindingoffset=\dimen162
\Gm@wd@mp=\dimen163
\Gm@odd@mp=\dimen164
\Gm@even@mp=\dimen165
\Gm@layoutwidth=\dimen166
\Gm@layoutheight=\dimen167
\Gm@layouthoffset=\dimen168
\Gm@layoutvoffset=\dimen169
\Gm@dimlist=\toks24
)
(/usr/local/texlive/2025/texmf-dist/tex/latex/hyperref/hyperref.sty
Package: hyperref 2024-11-05 v7.01l Hypertext links for LaTeX

(/usr/local/texlive/2025/texmf-dist/tex/latex/kvsetkeys/kvsetkeys.sty
Package: kvsetkeys 2022-10-05 v1.19 Key value parser (HO)
)
(/usr/local/texlive/2025/texmf-dist/tex/generic/kvdefinekeys/kvdefinekeys.sty
Package: kvdefinekeys 2019-12-19 v1.6 Define keys (HO)
)
(/usr/local/texlive/2025/texmf-dist/tex/generic/pdfescape/pdfescape.sty
Package: pdfescape 2019/12/09 v1.15 Implements pdfTeX's escape features (HO)

(/usr/local/texlive/2025/texmf-dist/tex/generic/ltxcmds/ltxcmds.sty
Package: ltxcmds 2023-12-04 v1.26 LaTeX kernel commands for general use (HO)
)
(/usr/local/texlive/2025/texmf-dist/tex/generic/pdftexcmds/pdftexcmds.sty
Package: pdftexcmds 2020-06-27 v0.33 Utility functions of pdfTeX for LuaTeX (HO
)

(/usr/local/texlive/2025/texmf-dist/tex/generic/infwarerr/infwarerr.sty
Package: infwarerr 2019/12/03 v1.5 Providing info/warning/error messages (HO)
)
Package pdftexcmds Info: \pdf@primitive is available.
Package pdftexcmds Info: \pdf@ifprimitive is available.
Package pdftexcmds Info: \pdfdraftmode not found.
))
(/usr/local/texlive/2025/texmf-dist/tex/latex/hycolor/hycolor.sty
Package: hycolor 2020-01-27 v1.10 Color options for hyperref/bookmark (HO)
)
(/usr/local/texlive/2025/texmf-dist/tex/latex/hyperref/nameref.sty
Package: nameref 2023-11-26 v2.56 Cross-referencing by name of section

(/usr/local/texlive/2025/texmf-dist/tex/latex/refcount/refcount.sty
Package: refcount 2019/12/15 v3.6 Data extraction from label references (HO)
)
(/usr/local/texlive/2025/texmf-dist/tex/generic/gettitlestring/gettitlestring.s
ty
Package: gettitlestring 2019/12/15 v1.6 Cleanup title references (HO)
 (/usr/local/texlive/2025/texmf-dist/tex/latex/kvoptions/kvoptions.sty
Package: kvoptions 2022-06-15 v3.15 Key value format for package options (HO)
))
\c@section@level=\count307
)
(/usr/local/texlive/2025/texmf-dist/tex/generic/stringenc/stringenc.sty
Package: stringenc 2019/11/29 v1.12 Convert strings between diff. encodings (HO
)
)
\@linkdim=\dimen170
\Hy@linkcounter=\count308
\Hy@pagecounter=\count309

(/usr/local/texlive/2025/texmf-dist/tex/latex/hyperref/pd1enc.def
File: pd1enc.def 2024-11-05 v7.01l Hyperref: PDFDocEncoding definition (HO)
)
(/usr/local/texlive/2025/texmf-dist/tex/generic/intcalc/intcalc.sty
Package: intcalc 2019/12/15 v1.3 Expandable calculations with integers (HO)
)
\Hy@SavedSpaceFactor=\count310

(/usr/local/texlive/2025/texmf-dist/tex/latex/hyperref/puenc.def
File: puenc.def 2024-11-05 v7.01l Hyperref: PDF Unicode definition (HO)
)
Package hyperref Info: Option `bookmarks' set `true' on input line 4040.
Package hyperref Info: Option `colorlinks' set `false' on input line 4040.
Package hyperref Info: Hyper figures OFF on input line 4157.
Package hyperref Info: Link nesting OFF on input line 4162.
Package hyperref Info: Hyper index ON on input line 4165.
Package hyperref Info: Plain pages OFF on input line 4172.
Package hyperref Info: Backreferencing OFF on input line 4177.
Package hyperref Info: Implicit mode ON; LaTeX internals redefined.
Package hyperref Info: Bookmarks ON on input line 4424.
\c@Hy@tempcnt=\count311

(/usr/local/texlive/2025/texmf-dist/tex/latex/url/url.sty
\Urlmuskip=\muskip18
Package: url 2013/09/16  ver 3.4  Verb mode for urls, etc.
)
LaTeX Info: Redefining \url on input line 4763.
\XeTeXLinkMargin=\dimen171

(/usr/local/texlive/2025/texmf-dist/tex/generic/bitset/bitset.sty
Package: bitset 2019/12/09 v1.3 Handle bit-vector datatype (HO)

(/usr/local/texlive/2025/texmf-dist/tex/generic/bigintcalc/bigintcalc.sty
Package: bigintcalc 2019/12/15 v1.5 Expandable calculations on big integers (HO
)
))
\Fld@menulength=\count312
\Field@Width=\dimen172
\Fld@charsize=\dimen173
Package hyperref Info: Hyper figures OFF on input line 6042.
Package hyperref Info: Link nesting OFF on input line 6047.
Package hyperref Info: Hyper index ON on input line 6050.
Package hyperref Info: backreferencing OFF on input line 6057.
Package hyperref Info: Link coloring OFF on input line 6062.
Package hyperref Info: Link coloring with OCG OFF on input line 6067.
Package hyperref Info: PDF/A mode OFF on input line 6072.

(/usr/local/texlive/2025/texmf-dist/tex/latex/base/atbegshi-ltx.sty
Package: atbegshi-ltx 2021/01/10 v1.0c Emulation of the original atbegshi
package with kernel methods
)
\Hy@abspage=\count313
\c@Item=\count314
\c@Hfootnote=\count315
)
Package hyperref Info: Driver (autodetected): hxetex.

(/usr/local/texlive/2025/texmf-dist/tex/latex/hyperref/hxetex.def
File: hxetex.def 2024-11-05 v7.01l Hyperref driver for XeTeX
\pdfm@box=\box60
\c@Hy@AnnotLevel=\count316
\HyField@AnnotCount=\count317
\Fld@listcount=\count318
\c@bookmark@seq@number=\count319

(/usr/local/texlive/2025/texmf-dist/tex/latex/rerunfilecheck/rerunfilecheck.sty
Package: rerunfilecheck 2022-07-10 v1.10 Rerun checks for auxiliary files (HO)
(/usr/local/texlive/2025/texmf-dist/tex/latex/base/atveryend-ltx.sty
Package: atveryend-ltx 2020/08/19 v1.0a Emulation of the original atveryend pac
kage
with kernel methods
)
(/usr/local/texlive/2025/texmf-dist/tex/generic/uniquecounter/uniquecounter.sty
Package: uniquecounter 2019/12/15 v1.4 Provide unlimited unique counter (HO)
)
Package uniquecounter Info: New unique counter `rerunfilecheck' on input line 2
85.
)
\Hy@SectionHShift=\skip68
)
\c@verso=\count320
\c@subverso=\count321
 (./Elements-unicode.aux (./Book00/Introduction.aux) (./Book01/Book1.aux)
(./Book02/Book2.aux) (./Book03/Book3.aux) (./Book04/Book4.aux)
(./Book05/Book5.aux) (./Book06/Book6.aux) (./Book07/Book7.aux)
(./Book08/Book8.aux) (./Book09/Book9.aux) (./Book10/Book10.aux)
(./Book11/Book11.aux) (./Book12/Book12.aux) (./Book13/Book13.aux)
(./Book99/Lexicon.aux))
\openout1 = `Elements-unicode.aux'.

LaTeX Font Info:    Checking defaults for OML/cmm/m/it on input line 104.
LaTeX Font Info:    ... okay on input line 104.
LaTeX Font Info:    Checking defaults for OMS/cmsy/m/n on input line 104.
LaTeX Font Info:    ... okay on input line 104.
LaTeX Font Info:    Checking defaults for OT1/cmr/m/n on input line 104.
LaTeX Font Info:    ... okay on input line 104.
LaTeX Font Info:    Checking defaults for T1/cmr/m/n on input line 104.
LaTeX Font Info:    ... okay on input line 104.
LaTeX Font Info:    Checking defaults for TS1/cmr/m/n on input line 104.
LaTeX Font Info:    ... okay on input line 104.
LaTeX Font Info:    Checking defaults for TU/lmr/m/n on input line 104.
LaTeX Font Info:    ... okay on input line 104.
LaTeX Font Info:    Checking defaults for OMX/cmex/m/n on input line 104.
LaTeX Font Info:    ... okay on input line 104.
LaTeX Font Info:    Checking defaults for U/cmr/m/n on input line 104.
LaTeX Font Info:    ... okay on input line 104.
LaTeX Font Info:    Checking defaults for PD1/pdf/m/n on input line 104.
LaTeX Font Info:    ... okay on input line 104.
LaTeX Font Info:    Checking defaults for PU/pdf/m/n on input line 104.
LaTeX Font Info:    ... okay on input line 104.

Package fontspec Info: 
(fontspec)             Adjusting the maths setup (use [no-math] to avoid
(fontspec)             this).

\symlegacymaths=\mathgroup6
LaTeX Font Info:    Overwriting symbol font `legacymaths' in version `bold'
(Font)                  OT1/cmr/m/n --> OT1/cmr/bx/n on input line 104.
LaTeX Font Info:    Redeclaring math accent \acute on input line 104.
LaTeX Font Info:    Redeclaring math accent \grave on input line 104.
LaTeX Font Info:    Redeclaring math accent \ddot on input line 104.
LaTeX Font Info:    Redeclaring math accent \tilde on input line 104.
LaTeX Font Info:    Redeclaring math accent \bar on input line 104.
LaTeX Font Info:    Redeclaring math accent \breve on input line 104.
LaTeX Font Info:    Redeclaring math accent \check on input line 104.
LaTeX Font Info:    Redeclaring math accent \hat on input line 104.
LaTeX Font Info:    Redeclaring math accent \dot on input line 104.
LaTeX Font Info:    Redeclaring math accent \mathring on input line 104.
LaTeX Font Info:    Redeclaring math symbol \Gamma on input line 104.
LaTeX Font Info:    Redeclaring math symbol \Delta on input line 104.
LaTeX Font Info:    Redeclaring math symbol \Theta on input line 104.
LaTeX Font Info:    Redeclaring math symbol \Lambda on input line 104.
LaTeX Font Info:    Redeclaring math symbol \Xi on input line 104.
LaTeX Font Info:    Redeclaring math symbol \Pi on input line 104.
LaTeX Font Info:    Redeclaring math symbol \Sigma on input line 104.
LaTeX Font Info:    Redeclaring math symbol \Upsilon on input line 104.
LaTeX Font Info:    Redeclaring math symbol \Phi on input line 104.
LaTeX Font Info:    Redeclaring math symbol \Psi on input line 104.
LaTeX Font Info:    Redeclaring math symbol \Omega on input line 104.
LaTeX Font Info:    Redeclaring math symbol \mathdollar on input line 104.
LaTeX Font Info:    Redeclaring symbol font `operators' on input line 104.
LaTeX Font Info:    Encoding `OT1' has changed to `TU' for symbol font
(Font)              `operators' in the math version `normal' on input line 104.

LaTeX Font Info:    Overwriting symbol font `operators' in version `normal'
(Font)                  OT1/cmr/m/n --> TU/TimesNewRoman(0)/m/n on input line 1
04.
LaTeX Font Info:    Encoding `OT1' has changed to `TU' for symbol font
(Font)              `operators' in the math version `bold' on input line 104.
LaTeX Font Info:    Overwriting symbol font `operators' in version `bold'
(Font)                  OT1/cmr/bx/n --> TU/TimesNewRoman(0)/m/n on input line 
104.
LaTeX Font Info:    Overwriting symbol font `operators' in version `normal'
(Font)                  TU/TimesNewRoman(0)/m/n --> TU/TimesNewRoman(0)/m/n on 
input line 104.
LaTeX Font Info:    Overwriting math alphabet `\mathit' in version `normal'
(Font)                  OT1/cmr/m/it --> TU/TimesNewRoman(0)/m/it on input line
 104.
LaTeX Font Info:    Overwriting math alphabet `\mathbf' in version `normal'
(Font)                  OT1/cmr/bx/n --> TU/TimesNewRoman(0)/b/n on input line 
104.
LaTeX Font Info:    Overwriting math alphabet `\mathsf' in version `normal'
(Font)                  OT1/cmss/m/n --> TU/lmss/m/n on input line 104.
LaTeX Font Info:    Overwriting math alphabet `\mathtt' in version `normal'
(Font)                  OT1/cmtt/m/n --> TU/lmtt/m/n on input line 104.
LaTeX Font Info:    Overwriting symbol font `operators' in version `bold'
(Font)                  TU/TimesNewRoman(0)/m/n --> TU/TimesNewRoman(0)/b/n on 
input line 104.
LaTeX Font Info:    Overwriting math alphabet `\mathit' in version `bold'
(Font)                  OT1/cmr/bx/it --> TU/TimesNewRoman(0)/b/it on input lin
e 104.
LaTeX Font Info:    Overwriting math alphabet `\mathsf' in version `bold'
(Font)                  OT1/cmss/bx/n --> TU/lmss/b/n on input line 104.
LaTeX Font Info:    Overwriting math alphabet `\mathtt' in version `bold'
(Font)                  OT1/cmtt/m/n --> TU/lmtt/b/n on input line 104.

*geometry* driver: auto-detecting
*geometry* detected driver: xetex
*geometry* verbose mode - [ preamble ] result:
* driver: xetex
* paper: a4paper
* layout: <same size as paper>
* layoutoffset:(h,v)=(0.0pt,0.0pt)
* modes: 
* h-part:(L,W,R)=(56.9055pt, 483.69687pt, 56.9055pt)
* v-part:(T,H,B)=(56.9055pt, 731.23584pt, 56.9055pt)
* \paperwidth=597.50787pt
* \paperheight=845.04684pt
* \textwidth=483.69687pt
* \textheight=731.23584pt
* \oddsidemargin=-15.36449pt
* \evensidemargin=-15.36449pt
* \topmargin=-58.81723pt
* \headheight=15.0pt
* \headsep=28.45274pt
* \topskip=10.0pt
* \footskip=30.0pt
* \marginparwidth=65.0pt
* \marginparsep=11.0pt
* \columnsep=10.0pt
* \skip\footins=9.0pt plus 4.0pt minus 2.0pt
* \hoffset=0.0pt
* \voffset=0.0pt
* \mag=1000
* \@twocolumnfalse
* \@twosidefalse
* \@mparswitchfalse
* \@reversemarginfalse
* (1in=72.27pt=25.4mm, 1cm=28.453pt)

Package hyperref Info: Link coloring OFF on input line 104.
(./Elements-unicode.out) (./Elements-unicode.out)
\@outlinefile=\write3
\openout3 = `Elements-unicode.out'.

\openout2 = `Book00/Introduction.aux'.

 (./Book00/Introduction.tex
LaTeX Font Info:    Font shape `TU/lmss/m/it' in size <14.4> not available
(Font)              Font shape `TU/lmss/m/sl' tried instead on input line 10.


[-1


]

[0]
Underfull \hbox (badness 10000) in paragraph at lines 32--34

 []

LaTeX Font Info:    Trying to load font information for U+msa on input line 37.

(/usr/local/texlive/2025/texmf-dist/tex/latex/amsfonts/umsa.fd
File: umsa.fd 2013/01/14 v3.01 AMS symbols A
)
LaTeX Font Info:    Trying to load font information for U+msb on input line 37.


(/usr/local/texlive/2025/texmf-dist/tex/latex/amsfonts/umsb.fd
File: umsb.fd 2013/01/14 v3.01 AMS symbols B
)
Overfull \hbox (7.16885pt too wide) in paragraph at lines 37--55
[] 
 []



[1])

[2]
\openout2 = `Book01/Book1.aux'.

 (./Book01/Book1.tex

[1



]
Overfull \hbox (19.2908pt too wide) in paragraph at lines 68--71
[]\TU/TimesNewRoman(1)/m/n/10 15\TU/TimesNewRoman(0)/m/n/10 . \TU/TimesNewRoman
(1)/m/n/10 Κύκλοξ ἐστὶ σθῆμα ἐπίπεδον ὑπὸ μιᾶξ γραμμῆξ περιεχόμενον
 []


Overfull \hbox (5.06879pt too wide) in paragraph at lines 77--78
\TU/TimesNewRoman(1)/m/n/10 διαμέτρου καὶ τῆξ ἀπολαμβανομένηξ ὑπ> αὐτῆξ περιφερ
είαξ.
 []



[2]
Underfull \hbox (badness 10000) in paragraph at lines 262--265

 []


Underfull \hbox (badness 10000) in paragraph at lines 262--265

 []

File: Book01/fig01g.pdf Graphic file (type pdf)
<use Book01/fig01g.pdf>
File: Book01/fig01e.pdf Graphic file (type pdf)
<use Book01/fig01e.pdf>

Overfull \vbox (269.41928pt too high) detected at line 323
 []


Overfull \vbox (272.43053pt too high) detected at line 323
 []



[3]
Underfull \hbox (badness 10000) in paragraph at lines 350--351

 []

File: Book01/fig02g.pdf Graphic file (type pdf)
<use Book01/fig02g.pdf>
File: Book01/fig02e.pdf Graphic file (type pdf)
<use Book01/fig02e.pdf>

Overfull \vbox (459.1276pt too high) detected at line 392
 []


Overfull \vbox (481.21002pt too high) detected at line 392
 []



[4]
Overfull \hbox (4.15584pt too wide) in paragraph at lines 410--411
[]\TU/TimesNewRoman(1)/m/n/10 Δύο δοθεισῶν εὐθειῶν ἀνίσων ἀπὸ τῆξ μείζονοξ τῆ| 
ἐλάσσονι
 []

File: Book01/fig03g.pdf Graphic file (type pdf)
<use Book01/fig03g.pdf>

Underfull \hbox (badness 10000) in paragraph at lines 437--440

 []

File: Book01/fig03e.pdf Graphic file (type pdf)
<use Book01/fig03e.pdf>

Overfull \vbox (331.65164pt too high) detected at line 446
 []


Overfull \vbox (327.63663pt too high) detected at line 446
 []



[5]

[6]
File: Book01/fig04g.pdf Graphic file (type pdf)
<use Book01/fig04g.pdf>

Overfull \hbox (4.94032pt too wide) in paragraph at lines 469--470
[]\TU/TimesNewRoman(1)/m/n/10 Ἐφαρμοζομένου γὰρ τοῦ ΑΒΓ τριγώνου ἐπὶ τὸ ΔΕΖ τρί
γωνον
 []

File: Book01/fig04e.pdf Graphic file (type pdf)
<use Book01/fig04e.pdf>

Overfull \vbox (218.22815pt too high) detected at line 505
 []


Overfull \vbox (216.22066pt too high) detected at line 505
 []



[7]
Underfull \hbox (badness 10000) in paragraph at lines 525--526

 []

File: Book01/fig05g.pdf Graphic file (type pdf)
<use Book01/fig05g.pdf>
File: Book01/fig05e.pdf Graphic file (type pdf)
<use Book01/fig05e.pdf>

Overfull \vbox (310.57292pt too high) detected at line 576
 []


Overfull \vbox (314.58792pt too high) detected at line 576
 []



[8]

[9]
File: Book01/fig06g.pdf Graphic file (type pdf)
<use Book01/fig06g.pdf>

Underfull \hbox (badness 10000) in paragraph at lines 618--620

 []

File: Book01/fig06e.pdf Graphic file (type pdf)
<use Book01/fig06e.pdf>

Overfull \vbox (231.27689pt too high) detected at line 636
 []


Overfull \vbox (233.28438pt too high) detected at line 636
 []


Underfull \hbox (badness 10000) in paragraph at lines 654--655

 []

File: Book01/fig07g.pdf Graphic file (type pdf)
<use Book01/fig07g.pdf>
File: Book01/fig07e.pdf Graphic file (type pdf)
<use Book01/fig07e.pdf>

Overfull \vbox (196.14572pt too high) detected at line 710
 []


Overfull \vbox (199.15697pt too high) detected at line 710
 []



[10]
File: Book01/fig08g.pdf Graphic file (type pdf)
<use Book01/fig08g.pdf>

Overfull \hbox (4.94032pt too wide) in paragraph at lines 745--746
[]\TU/TimesNewRoman(1)/m/n/10 Ἐφαρμοζομένου γὰρ τοῦ ΑΒΓ τριγώνου ἐπὶ τὸ ΔΕΖ τρί
γωνον
 []

File: Book01/fig08e.pdf Graphic file (type pdf)
<use Book01/fig08e.pdf>

Overfull \vbox (276.44553pt too high) detected at line 789
 []


Overfull \vbox (278.453pt too high) detected at line 789
 []



[11]
File: Book01/fig09g.pdf Graphic file (type pdf)
<use Book01/fig09g.pdf>
File: Book01/fig09e.pdf Graphic file (type pdf)
<use Book01/fig09e.pdf>

Overfull \vbox (318.6029pt too high) detected at line 847
 []


Overfull \vbox (320.61041pt too high) detected at line 847
 []



[12]
Underfull \hbox (badness 10000) in paragraph at lines 864--865

 []

File: Book01/fig10g.pdf Graphic file (type pdf)
<use Book01/fig10g.pdf>
File: Book01/fig10e.pdf Graphic file (type pdf)
<use Book01/fig10e.pdf>

Overfull \vbox (265.4043pt too high) detected at line 903
 []


Overfull \vbox (268.41553pt too high) detected at line 903
 []



[13]
File: Book01/fig11g.pdf Graphic file (type pdf)
<use Book01/fig11g.pdf>
File: Book01/fig11e.pdf Graphic file (type pdf)
<use Book01/fig11e.pdf>

Overfull \vbox (251.35182pt too high) detected at line 972
 []


Overfull \vbox (250.34808pt too high) detected at line 972
 []



[14]
File: Book01/fig12g.pdf Graphic file (type pdf)
<use Book01/fig12g.pdf>

Underfull \hbox (badness 10000) in paragraph at lines 1018--1020

 []

File: Book01/fig12e.pdf Graphic file (type pdf)
<use Book01/fig12e.pdf>

Overfull \vbox (301.53922pt too high) detected at line 1046
 []


Overfull \vbox (300.53548pt too high) detected at line 1046
 []



[15]
Underfull \hbox (badness 10000) in paragraph at lines 1063--1064

 []


Underfull \hbox (badness 10000) in paragraph at lines 1063--1064

 []

File: Book01/fig13g.pdf Graphic file (type pdf)
<use Book01/fig13g.pdf>
File: Book01/fig13e.pdf Graphic file (type pdf)
<use Book01/fig13e.pdf>

Overfull \vbox (246.3331pt too high) detected at line 1117
 []


Overfull \vbox (250.34808pt too high) detected at line 1117
 []



[16]
Underfull \hbox (badness 10000) in paragraph at lines 1137--1138

 []

File: Book01/fig14g.pdf Graphic file (type pdf)
<use Book01/fig14g.pdf>
File: Book01/fig14e.pdf Graphic file (type pdf)
<use Book01/fig14e.pdf>

Overfull \vbox (278.453pt too high) detected at line 1188
 []


Overfull \vbox (277.44925pt too high) detected at line 1188
 []

File: Book01/fig15g.pdf Graphic file (type pdf)
<use Book01/fig15g.pdf>

Overfull \hbox (1.28052pt too wide) in paragraph at lines 1218--1218
[]\TU/TimesNewRoman(1)/m/n/10 Ἐὰν >άρα δύο εὐθεῖαι τέμνωσιν ἀλλήλαξ, τὰξ κατὰ κ
ορυφὴν
 []

File: Book01/fig15e.pdf Graphic file (type pdf)
<use Book01/fig15e.pdf>

Overfull \vbox (332.6554pt too high) detected at line 1245
 []


Overfull \vbox (331.65164pt too high) detected at line 1245
 []



[17]
Underfull \hbox (badness 10000) in paragraph at lines 1267--1268

 []

File: Book01/fig16g.pdf Graphic file (type pdf)
<use Book01/fig16g.pdf>

Overfull \hbox (1.40843pt too wide) in paragraph at lines 1286--1286
[]\TU/TimesNewRoman(1)/m/n/10 Παντὸξ >άρα τριγώνου μιᾶξ τῶν πλευρῶν προσεκβληθε
ίσηξ
 []

File: Book01/fig16e.pdf Graphic file (type pdf)
<use Book01/fig16e.pdf>

Overfull \vbox (418.97766pt too high) detected at line 1318
 []


Overfull \vbox (417.97394pt too high) detected at line 1318
 []



[18]

[19]
Overfull \hbox (14.32999pt too wide) in paragraph at lines 1335--1336
\TU/TimesNewRoman(1)/m/n/10 δύο γωνίαι δύο ὀρθῶν ἐλάττονέξ εἰσι πάντῃ μεταλαμβα
νόμεναι. 
 []


Underfull \hbox (badness 10000) in paragraph at lines 1346--1347

 []


Underfull \hbox (badness 10000) in paragraph at lines 1346--1347

 []


Underfull \hbox (badness 10000) in paragraph at lines 1346--1347

 []

File: Book01/fig17g.pdf Graphic file (type pdf)
<use Book01/fig17g.pdf>

Overfull \hbox (2.27596pt too wide) in paragraph at lines 1351--1351
[]\TU/TimesNewRoman(1)/m/n/10 Παντὸνξ >άρα τριγώνου αἱ δύο γωνίαι δύο ὀρθῶν ἐλά
σσονέξ
 []

File: Book01/fig17e.pdf Graphic file (type pdf)
<use Book01/fig17e.pdf>

Overfull \vbox (215.21692pt too high) detected at line 1378
 []


Overfull \vbox (214.21317pt too high) detected at line 1378
 []



[20]
File: Book01/fig18g.pdf Graphic file (type pdf)
<use Book01/fig18g.pdf>

Underfull \hbox (badness 10000) in paragraph at lines 1417--1419

 []


Underfull \hbox (badness 10000) in paragraph at lines 1417--1419

 []

File: Book01/fig18e.pdf Graphic file (type pdf)
<use Book01/fig18e.pdf>

Overfull \vbox (197.14946pt too high) detected at line 1435
 []


Overfull \vbox (196.14572pt too high) detected at line 1435
 []



[21]
File: Book01/fig19g.pdf Graphic file (type pdf)
<use Book01/fig19g.pdf>

Underfull \hbox (badness 10000) in paragraph at lines 1473--1475

 []

File: Book01/fig19e.pdf Graphic file (type pdf)
<use Book01/fig19e.pdf>

Overfull \vbox (368.79028pt too high) detected at line 1489
 []


Overfull \vbox (367.78656pt too high) detected at line 1489
 []



[22]
File: Book01/fig20g.pdf Graphic file (type pdf)
<use Book01/fig20g.pdf>

Overfull \hbox (1.4327pt too wide) in paragraph at lines 1510--1511
[]\TU/TimesNewRoman(1)/m/n/10 >'Εστω γὰρ τρίγωνον τὸ ΑΒΓ; λέγω, <ότι τοῦ ΑΒΓ τρ
ιγώνου
 []


Overfull \hbox (23.8824pt too wide) in paragraph at lines 1510--1511
\TU/TimesNewRoman(1)/m/n/10 αἱ δύο πλευραὶ τῆξ λοιπῆξ μείζονέξ εἰσι πάντῃ μεταλ
αμβανόμεναι,
 []

File: Book01/fig20e.pdf Graphic file (type pdf)
<use Book01/fig20e.pdf>

Overfull \vbox (320.61041pt too high) detected at line 1555
 []


Overfull \vbox (319.60666pt too high) detected at line 1555
 []



[23]
File: Book01/fig21g.pdf Graphic file (type pdf)
<use Book01/fig21g.pdf>
File: Book01/fig21e.pdf Graphic file (type pdf)
<use Book01/fig21e.pdf>

Overfull \vbox (186.10825pt too high) detected at line 1643
 []


Overfull \vbox (185.10449pt too high) detected at line 1643
 []



[24]
Underfull \hbox (badness 10000) in paragraph at lines 1656--1657

 []


Underfull \hbox (badness 10000) in paragraph at lines 1656--1657

 []

File: Book01/fig22g.pdf Graphic file (type pdf)
<use Book01/fig22g.pdf>
File: Book01/fig22e.pdf Graphic file (type pdf)
<use Book01/fig22e.pdf>

Overfull \vbox (460.13133pt too high) detected at line 1713
 []


Overfull \vbox (459.1276pt too high) detected at line 1713
 []



[25]

[26]
File: Book01/fig23g.pdf Graphic file (type pdf)
<use Book01/fig23g.pdf>

Underfull \hbox (badness 10000) in paragraph at lines 1755--1760

 []


Underfull \hbox (badness 10000) in paragraph at lines 1755--1760

 []

File: Book01/fig23e.pdf Graphic file (type pdf)
<use Book01/fig23e.pdf>

Overfull \vbox (327.63663pt too high) detected at line 1777
 []


Overfull \vbox (327.63663pt too high) detected at line 1777
 []



[27]
Underfull \hbox (badness 10000) in paragraph at lines 1794--1795

 []

File: Book01/fig24g.pdf Graphic file (type pdf)
<use Book01/fig24g.pdf>
File: Book01/fig24e.pdf Graphic file (type pdf)
<use Book01/fig24e.pdf>

Overfull \vbox (294.51297pt too high) detected at line 1843
 []


Overfull \vbox (293.50922pt too high) detected at line 1843
 []



[28]
Underfull \hbox (badness 10000) in paragraph at lines 1860--1861

 []

File: Book01/fig25g.pdf Graphic file (type pdf)
<use Book01/fig25g.pdf>
File: Book01/fig25e.pdf Graphic file (type pdf)
<use Book01/fig25e.pdf>

Overfull \vbox (265.4043pt too high) detected at line 1892
 []


Overfull \vbox (264.40054pt too high) detected at line 1892
 []



[29]
Underfull \hbox (badness 10000) in paragraph at lines 1917--1918

 []


Underfull \hbox (badness 10000) in paragraph at lines 1917--1918

 []

File: Book01/fig26g.pdf Graphic file (type pdf)
<use Book01/fig26g.pdf>

Overfull \hbox (13.42082pt too wide) in paragraph at lines 1931--1931
\TU/TimesNewRoman(1)/m/n/10 >ίσην >ήτοι τὴν πρὸξ ταῖξ >ίσαιξ γωνίαιξ, >ὴ τὴν ὑπ
οτείνουσαν
 []

File: Book01/fig26e.pdf Graphic file (type pdf)
<use Book01/fig26e.pdf>

Overfull \vbox (193.13446pt too high) detected at line 2000
 []


Overfull \vbox (192.13072pt too high) detected at line 2000
 []



[30]

[31]
File: Book01/fig27g.pdf Graphic file (type pdf)
<use Book01/fig27g.pdf>
File: Book01/fig27e.pdf Graphic file (type pdf)
<use Book01/fig27e.pdf>

Overfull \vbox (272.43053pt too high) detected at line 2061
 []


Overfull \vbox (272.43053pt too high) detected at line 2061
 []



[32]
Underfull \hbox (badness 10000) in paragraph at lines 2089--2090

 []


Underfull \hbox (badness 10000) in paragraph at lines 2089--2090

 []

File: Book01/fig28g.pdf Graphic file (type pdf)
<use Book01/fig28g.pdf>
File: Book01/fig28e.pdf Graphic file (type pdf)
<use Book01/fig28e.pdf>

Overfull \vbox (328.64038pt too high) detected at line 2132
 []


Overfull \vbox (328.64038pt too high) detected at line 2132
 []



[33]
Underfull \hbox (badness 10000) in paragraph at lines 2148--2149

 []


Underfull \hbox (badness 10000) in paragraph at lines 2156--2157

 []


Underfull \hbox (badness 10000) in paragraph at lines 2156--2157

 []


Underfull \hbox (badness 10000) in paragraph at lines 2156--2157

 []

File: Book01/fig28g.pdf Graphic file (type pdf)
<use Book01/fig28g.pdf>
File: Book01/fig28e.pdf Graphic file (type pdf)
<use Book01/fig28e.pdf>

Overfull \vbox (328.64038pt too high) detected at line 2202
 []


Overfull \vbox (328.64038pt too high) detected at line 2202
 []



[34]

[35]
File: Book01/fig30g.pdf Graphic file (type pdf)
<use Book01/fig30g.pdf>
File: Book01/fig30e.pdf Graphic file (type pdf)
<use Book01/fig30e.pdf>

Overfull \vbox (254.36307pt too high) detected at line 2253
 []


Overfull \vbox (254.36307pt too high) detected at line 2253
 []



[36]
Underfull \hbox (badness 10000) in paragraph at lines 2272--2273

 []

File: Book01/fig31g.pdf Graphic file (type pdf)
<use Book01/fig31g.pdf>
File: Book01/fig31e.pdf Graphic file (type pdf)
<use Book01/fig31e.pdf>

Overfull \vbox (175.06702pt too high) detected at line 2311
 []


Overfull \vbox (174.06328pt too high) detected at line 2311
 []



[37]
Underfull \hbox (badness 10000) in paragraph at lines 2324--2325

 []

File: Book01/fig32g.pdf Graphic file (type pdf)
<use Book01/fig32g.pdf>

Overfull \hbox (1.40843pt too wide) in paragraph at lines 2342--2342
[]\TU/TimesNewRoman(1)/m/n/10 Παντὸξ >άρα τριγώνου μιᾶξ τῶν πλευρῶν προσεκβληθε
ίσηξ
 []

File: Book01/fig32e.pdf Graphic file (type pdf)
<use Book01/fig32e.pdf>

Overfull \vbox (283.47177pt too high) detected at line 2379
 []


Overfull \vbox (282.46802pt too high) detected at line 2379
 []



[38]
Overfull \hbox (24.69446pt too wide) in paragraph at lines 2391--2392
[]\TU/TimesNewRoman(1)/m/n/10 Αἱ τὰξ >ίσαξ τε καὶ παραλλήλουξ ἐπὶ τὰ αὐτὰ μέρη 
ἐπιζευγνύουσαι
 []


Overfull \hbox (29.094pt too wide) in paragraph at lines 2393--2394
[]\TU/TimesNewRoman(1)/m/n/10 >'Εστωσαν >ίσαι τε καὶ παράλληλοι αἱ ΑΒ, ΓΔ, καὶ 
ἐπιζευγνύτωσαν
 []

File: Book01/fig33g.pdf Graphic file (type pdf)
<use Book01/fig33g.pdf>
File: Book01/fig33e.pdf Graphic file (type pdf)
<use Book01/fig33e.pdf>

Overfull \vbox (188.11574pt too high) detected at line 2440
 []


Overfull \vbox (187.11198pt too high) detected at line 2440
 []

File: Book01/fig34g.pdf Graphic file (type pdf)
<use Book01/fig34g.pdf>

Overfull \hbox (8.2053pt too wide) in paragraph at lines 2466--2467
[]\TU/TimesNewRoman(1)/m/n/10 Τῶν >άρα παραλληλογράμμων θωρίων αἱ ἀπεναντίον πλ
ευραί
 []


Overfull \hbox (18.54301pt too wide) in paragraph at lines 2471--2471
[]\TU/TimesNewRoman(1)/m/n/10 Ἡ >άρα ΒΓ διάμετροξ δίθα τέμνει τὸ ΑΒΓΔ παραλληλό
γραμμον;
 []


Underfull \hbox (badness 10000) in paragraph at lines 2480--2483

 []

File: Book01/fig34e.pdf Graphic file (type pdf)
<use Book01/fig34e.pdf>

Overfull \vbox (251.35182pt too high) detected at line 2512
 []


Overfull \vbox (250.34808pt too high) detected at line 2512
 []



[39]
Overfull \hbox (23.85374pt too wide) in paragraph at lines 2532--2533
\TU/TimesNewRoman(1)/m/n/10 ΒΓ; λέγω, <ότι >ίσον ἐστὶ τὸ ΑΒΓΔ τῶ| ΕΒΓΖ παραλληλ
ογράμμῳ. 
 []

File: Book01/fig35g.pdf Graphic file (type pdf)
<use Book01/fig35g.pdf>
File: Book01/fig35e.pdf Graphic file (type pdf)
<use Book01/fig35e.pdf>

Overfull \vbox (233.28438pt too high) detected at line 2577
 []


Overfull \vbox (232.28064pt too high) detected at line 2577
 []



[40]
Overfull \hbox (21.4034pt too wide) in paragraph at lines 2593--2594
\TU/TimesNewRoman(1)/m/n/10 ταῖξ ΑΘ, ΒΗ; λέγω, <ότι >ίσον ἐστὶ τὸ ΑΒΓΔ παραλληλ
όγραμμον
 []

File: Book01/fig36g.pdf Graphic file (type pdf)
<use Book01/fig36g.pdf>
File: Book01/fig36e.pdf Graphic file (type pdf)
<use Book01/fig36e.pdf>

Overfull \vbox (224.25066pt too high) detected at line 2631
 []


Overfull \vbox (223.2469pt too high) detected at line 2631
 []



[41]
File: Book01/fig37g.pdf Graphic file (type pdf)
<use Book01/fig37g.pdf>

Overfull \hbox (8.0718pt too wide) in paragraph at lines 2655--2656
\TU/TimesNewRoman(1)/m/n/10 διάμετροξ αὐτὸ δίθα τέμνει; τοῦ δὲ ΔΒΓΖ παραλληλογρ
άμμου
 []

File: Book01/fig37e.pdf Graphic file (type pdf)
<use Book01/fig37e.pdf>

Overfull \vbox (193.13446pt too high) detected at line 2690
 []


Overfull \vbox (192.13072pt too high) detected at line 2690
 []



[42]
File: Book01/fig38g.pdf Graphic file (type pdf)
<use Book01/fig38g.pdf>
File: Book01/fig38e.pdf Graphic file (type pdf)
<use Book01/fig38e.pdf>

Overfull \vbox (211.20193pt too high) detected at line 2746
 []


Overfull \vbox (210.19818pt too high) detected at line 2746
 []


Overfull \hbox (10.60818pt too wide) in paragraph at lines 2764--2765
[]\TU/TimesNewRoman(1)/m/n/10 Εἰ γὰρ μή, >ήθθω διὰ τοῦ Α σημείου τῆ| ΒΓ εὐθείᾳ 
παράλληλοξ
 []

File: Book01/fig39g.pdf Graphic file (type pdf)
<use Book01/fig39g.pdf>
File: Book01/fig39e.pdf Graphic file (type pdf)
<use Book01/fig39e.pdf>

Overfull \vbox (184.10075pt too high) detected at line 2797
 []


Overfull \vbox (185.10449pt too high) detected at line 2797
 []



[43]
File: Book01/fig40g.pdf Graphic file (type pdf)
<use Book01/fig40g.pdf>
File: Book01/fig40e.pdf Graphic file (type pdf)
<use Book01/fig40e.pdf>

Overfull \vbox (197.14946pt too high) detected at line 2854
 []


Overfull \vbox (196.14572pt too high) detected at line 2854
 []



[44]
Underfull \hbox (badness 10000) in paragraph at lines 2855--2857

 []

File: Book01/fig41g.pdf Graphic file (type pdf)
<use Book01/fig41g.pdf>
File: Book01/fig41e.pdf Graphic file (type pdf)
<use Book01/fig41e.pdf>

Overfull \vbox (260.38554pt too high) detected at line 2907
 []


Overfull \vbox (259.38182pt too high) detected at line 2907
 []



[45]
Overfull \hbox (10.16737pt too wide) in paragraph at lines 2922--2923
\TU/TimesNewRoman(1)/m/n/10 παραλληλόγραμμον συστήσασθαι ἐν τῆ| Δ γωνίᾳ εὐθυγρά
μμῳ. 
 []

File: Book01/fig42g.pdf Graphic file (type pdf)
<use Book01/fig42g.pdf>
File: Book01/fig42e.pdf Graphic file (type pdf)
<use Book01/fig42e.pdf>

Overfull \vbox (307.5617pt too high) detected at line 2962
 []


Overfull \vbox (307.5617pt too high) detected at line 2962
 []



[46]
Overfull \hbox (52.37035pt too wide) in paragraph at lines 2974--2975
[]\TU/TimesNewRoman(1)/m/n/10 Παντὸξ παραλληλογράμμου τῶν περὶ τὴν διάμετρον πα
ραλληλογράμμων
 []

File: Book01/fig43g.pdf Graphic file (type pdf)
<use Book01/fig43g.pdf>
File: Book01/fig43e.pdf Graphic file (type pdf)
<use Book01/fig43e.pdf>

Overfull \vbox (224.25066pt too high) detected at line 3019
 []


Overfull \vbox (223.2469pt too high) detected at line 3019
 []



[47]
Overfull \hbox (18.01976pt too wide) in paragraph at lines 3031--3032
\TU/TimesNewRoman(1)/m/n/10 παραλληλόγραμμον παραβαλεῖν ἐν τῆ| δοθείσῃ γωνίᾳ εὐ
θυγράμ-
 []

File: Book01/fig44g.pdf Graphic file (type pdf)
<use Book01/fig44g.pdf>

Overfull \hbox (4.45395pt too wide) in paragraph at lines 3043--3044
\TU/TimesNewRoman(1)/m/n/10 συμπίπτουσιν; αἱ ΘΒ, ΖΕ >άρα ἐκβαλλόμεναι συμπεσοῦν
ται.
 []

File: Book01/fig44e.pdf Graphic file (type pdf)
<use Book01/fig44e.pdf>

Overfull \vbox (419.98141pt too high) detected at line 3086
 []


Overfull \vbox (419.98141pt too high) detected at line 3086
 []



[48]

[49]

[50]
File: Book01/fig45g.pdf Graphic file (type pdf)
<use Book01/fig45g.pdf>

Overfull \hbox (32.25885pt too wide) in paragraph at lines 3127--3127
[]\TU/TimesNewRoman(1)/m/n/10 Τῶ| >άρα δοθέντι εὐθυγράμμῳ τῶ| ΑΒΓΔ >ίσον παραλλ
ηλόγραμμον
 []

File: Book01/fig45e.pdf Graphic file (type pdf)
<use Book01/fig45e.pdf>

Overfull \vbox (413.95892pt too high) detected at line 3174
 []


Overfull \vbox (412.95518pt too high) detected at line 3174
 []



[51]
File: Book01/fig46g.pdf Graphic file (type pdf)
<use Book01/fig46g.pdf>
File: Book01/fig46e.pdf Graphic file (type pdf)
<use Book01/fig46e.pdf>

Overfull \vbox (313.58417pt too high) detected at line 3229
 []


Overfull \vbox (313.58417pt too high) detected at line 3229
 []



[52]
Underfull \hbox (badness 3333) in paragraph at lines 3241--3242
\TU/TimesNewRoman(1)/m/n/10 γωνίαν ὑποτεινούσηξ πλευρᾶξ τετράγωνον >ίσον ἐστὶ
 []

File: Book01/fig47g.pdf Graphic file (type pdf)
<use Book01/fig47g.pdf>
File: Book01/fig47e.pdf Graphic file (type pdf)
<use Book01/fig47e.pdf>

Overfull \vbox (475.18755pt too high) detected at line 3298
 []


Overfull \vbox (499.27748pt too high) detected at line 3298
 []



[53]

[54]

[55]
Overfull \hbox (19.87524pt too wide) in paragraph at lines 3313--3314
\TU/TimesNewRoman(1)/m/n/10 >ῆ| τοῖξ ἀπὸ τῶν λοιπῶν τοῦ τριγώνου δύο πλευρῶν τε
τραγώνοιξ,
 []

File: Book01/fig48g.pdf Graphic file (type pdf)
<use Book01/fig48g.pdf>
File: Book01/fig48e.pdf Graphic file (type pdf)
<use Book01/fig48e.pdf>

Overfull \vbox (295.51672pt too high) detected at line 3358
 []


Overfull \vbox (295.51672pt too high) detected at line 3358
 []



[56])

[57]
\openout2 = `Book02/Book2.aux'.

 (./Book02/Book2.tex

[58



]
Overfull \hbox (1.25055pt too wide) in paragraph at lines 33--34
[]\TU/TimesNewRoman(1)/m/n/10 1\TU/TimesNewRoman(0)/m/n/10 . \TU/TimesNewRoman(
1)/m/n/10 Πᾶν παραλληλόγραμμον ὀρθογώνιον περιέθεσθαι λέγεται
 []


Overfull \hbox (16.24121pt too wide) in paragraph at lines 61--62
[]\TU/TimesNewRoman(1)/m/n/10 Ἐὰν >ῶσι δύο εὐθεῖαι, τμηθῆ| δὲ ἡ ἑτέρα αὐτῶν εἰξ
 ὁσαδηποτοῦν
 []


Underfull \hbox (badness 10000) in paragraph at lines 61--62

 []

File: Book02/fig01g.pdf Graphic file (type pdf)
<use Book02/fig01g.pdf>
File: Book02/fig01e.pdf Graphic file (type pdf)
<use Book02/fig01e.pdf>

Overfull \hbox (14.47346pt too wide) in paragraph at lines 93--96
\TU/TimesNewRoman(0)/m/n/10 (points) $\OML/cmm/m/it/10 D$\TU/TimesNewRoman(0)/m
/n/10 , $\OML/cmm/m/it/10 E$\TU/TimesNewRoman(0)/m/n/10 , and $\OML/cmm/m/it/10
 C$ \TU/TimesNewRoman(0)/m/n/10 (respectively), parallel to $\OML/cmm/m/it/10 B
G$ \TU/TimesNewRoman(0)/m/n/10 [Prop. 1.31]. 
 []


Overfull \vbox (269.41928pt too high) detected at line 108
 []


Overfull \vbox (268.41553pt too high) detected at line 108
 []



[59]
Underfull \hbox (badness 10000) in paragraph at lines 122--123

 []

File: Book02/fig02g.pdf Graphic file (type pdf)
<use Book02/fig02g.pdf>

Overfull \hbox (5.08812pt too wide) in paragraph at lines 135--135
\TU/TimesNewRoman(1)/m/n/10 <όληξ καὶ ἑκατέρου τῶν τμημάτων περιεχόμενον ὀρθογώ
νιον
 []

File: Book02/fig02e.pdf Graphic file (type pdf)
<use Book02/fig02e.pdf>

Overfull \vbox (247.33684pt too high) detected at line 162
 []


Overfull \vbox (246.3331pt too high) detected at line 162
 []

File: Book02/fig03g.pdf Graphic file (type pdf)
<use Book02/fig03g.pdf>

Overfull \hbox (3.1576pt too wide) in paragraph at lines 188--188
\TU/TimesNewRoman(1)/m/n/10 >ίσον ἐστὶ τῶ| τε ὑπὸ τῶν τμημάτων περιεθομένῳ ὀρθο
γωνίῳ
 []

File: Book02/fig03e.pdf Graphic file (type pdf)
<use Book02/fig03e.pdf>

Overfull \vbox (224.25066pt too high) detected at line 223
 []


Overfull \vbox (223.2469pt too high) detected at line 223
 []



[60]
Overfull \hbox (8.2994pt too wide) in paragraph at lines 237--238
\TU/TimesNewRoman(1)/m/n/10 τετράγωνον >ίσον ἐστὶ τοῖξ τε ἀπὸ τῶν τμημάτων τετρ
αγώνοιξ
 []


Underfull \hbox (badness 10000) in paragraph at lines 246--247

 []


Underfull \hbox (badness 10000) in paragraph at lines 246--247

 []


Underfull \hbox (badness 10000) in paragraph at lines 246--247

 []


Underfull \hbox (badness 10000) in paragraph at lines 246--247

 []


Underfull \hbox (badness 10000) in paragraph at lines 246--247

 []

File: Book02/fig04g.pdf Graphic file (type pdf)
<use Book02/fig04g.pdf>
File: Book02/fig04e.pdf Graphic file (type pdf)
<use Book02/fig04e.pdf>

Overfull \vbox (278.453pt too high) detected at line 299
 []


Overfull \vbox (277.44925pt too high) detected at line 299
 []



[61]

[62]
Underfull \hbox (badness 10000) in paragraph at lines 314--315

 []

File: Book02/fig05g.pdf Graphic file (type pdf)
<use Book02/fig05g.pdf>
File: Book02/fig05e.pdf Graphic file (type pdf)
<use Book02/fig05e.pdf>

Overfull \vbox (224.25066pt too high) detected at line 370
 []


Overfull \vbox (223.2469pt too high) detected at line 370
 []



[63]
Underfull \hbox (badness 10000) in paragraph at lines 385--386

 []


Underfull \hbox (badness 10000) in paragraph at lines 385--386

 []

File: Book02/fig06g.pdf Graphic file (type pdf)
<use Book02/fig06g.pdf>

Overfull \hbox (15.50546pt too wide) in paragraph at lines 402--402
\TU/TimesNewRoman(1)/m/n/10 αὐτῆ| εὐθεῖα ἐπ> εὐθείαξ, τὸ ὑπὸ τῆξ <όληξ σὺν τῆ| 
προσκειμένῃ
 []

File: Book02/fig06e.pdf Graphic file (type pdf)
<use Book02/fig06e.pdf>

Overfull \vbox (205.17943pt too high) detected at line 441
 []


Overfull \vbox (206.18318pt too high) detected at line 441
 []



[64]
File: Book02/fig07g.pdf Graphic file (type pdf)
<use Book02/fig07g.pdf>
File: Book02/fig07e.pdf Graphic file (type pdf)
<use Book02/fig07e.pdf>

Overfull \vbox (279.45676pt too high) detected at line 521
 []


Overfull \vbox (277.44925pt too high) detected at line 521
 []



[65]
Underfull \hbox (badness 10000) in paragraph at lines 539--540

 []

File: Book02/fig08g.pdf Graphic file (type pdf)
<use Book02/fig08g.pdf>

Overfull \hbox (4.35408pt too wide) in paragraph at lines 558--558
\TU/TimesNewRoman(1)/m/n/10 ὑπὸ τῆξ <όληξ καὶ ἑνὸξ τῶν τμημάτων περιεχόμενον ὀρ
θογώ-
 []

File: Book02/fig08e.pdf Graphic file (type pdf)
<use Book02/fig08e.pdf>

Overfull \vbox (367.78656pt too high) detected at line 621
 []


Overfull \vbox (368.79028pt too high) detected at line 621
 []



[66]

[67]

[68]
Underfull \hbox (badness 10000) in paragraph at lines 652--653

 []


Underfull \hbox (badness 10000) in paragraph at lines 652--653

 []


Underfull \hbox (badness 10000) in paragraph at lines 652--653

 []


Underfull \hbox (badness 10000) in paragraph at lines 652--653

 []


Underfull \hbox (badness 10000) in paragraph at lines 652--653

 []


Underfull \hbox (badness 10000) in paragraph at lines 652--653

 []


Underfull \hbox (badness 10000) in paragraph at lines 652--653

 []


Underfull \hbox (badness 10000) in paragraph at lines 652--653

 []


Underfull \hbox (badness 10000) in paragraph at lines 652--653

 []

File: Book02/fig09g.pdf Graphic file (type pdf)
<use Book02/fig09g.pdf>
File: Book02/fig09e.pdf Graphic file (type pdf)
<use Book02/fig09e.pdf>

Overfull \vbox (205.17943pt too high) detected at line 719
 []


Overfull \vbox (205.17943pt too high) detected at line 719
 []



[69]
Underfull \hbox (badness 10000) in paragraph at lines 734--735

 []


Underfull \hbox (badness 10000) in paragraph at lines 734--735

 []

File: Book02/fig10g.pdf Graphic file (type pdf)
<use Book02/fig10g.pdf>

Overfull \hbox (15.79355pt too wide) in paragraph at lines 764--764
\TU/TimesNewRoman(1)/m/n/10 αὐτῆ| εὐθεῖα ἐπ> εὐθείαξ, τὸ ἀπὸ τῆξ <όληξ σὺν τῆ| 
προσκειμένῃ
 []

File: Book02/fig10e.pdf Graphic file (type pdf)
<use Book02/fig10e.pdf>

Overfull \vbox (242.3181pt too high) detected at line 836
 []


Overfull \vbox (232.28064pt too high) detected at line 836
 []



[70]

[71]
Underfull \hbox (badness 10000) in paragraph at lines 855--856

 []

File: Book02/fig11g.pdf Graphic file (type pdf)
<use Book02/fig11g.pdf>
File: Book02/fig11e.pdf Graphic file (type pdf)
<use Book02/fig11e.pdf>

Overfull \vbox (385.85399pt too high) detected at line 919
 []


Overfull \vbox (386.85774pt too high) detected at line 919
 []



[72]

[73]

[74]
Underfull \hbox (badness 10000) in paragraph at lines 944--945

 []

File: Book02/fig12g.pdf Graphic file (type pdf)
<use Book02/fig12g.pdf>

Overfull \hbox (4.75154pt too wide) in paragraph at lines 965--965
\TU/TimesNewRoman(1)/m/n/10 ἐστι τῶν ἀπὸ τῶν τὴν ἀμβλεῖαν γωνίαν περιεθουσῶν πλ
ευρῶν
 []

File: Book02/fig12e.pdf Graphic file (type pdf)
<use Book02/fig12e.pdf>

Overfull \vbox (205.17943pt too high) detected at line 1008
 []


Overfull \vbox (206.18318pt too high) detected at line 1008
 []



[75]
Underfull \hbox (badness 10000) in paragraph at lines 1027--1028

 []

File: Book02/fig13g.pdf Graphic file (type pdf)
<use Book02/fig13g.pdf>
File: Book02/fig13e.pdf Graphic file (type pdf)
<use Book02/fig13e.pdf>

Overfull \vbox (260.38554pt too high) detected at line 1092
 []


Overfull \vbox (259.38182pt too high) detected at line 1092
 []



[76]
Overfull \hbox (6.61433pt too wide) in paragraph at lines 1109--1110
[]\TU/TimesNewRoman(1)/m/n/10 >'Εστω τὸ δοθὲν εὐθύγραμμον τὸ Α; δεῖ δὴ τῶ| Α εὐ
θυγράμμῳ
 []

File: Book02/fig14g.pdf Graphic file (type pdf)
<use Book02/fig14g.pdf>
File: Book02/fig14e.pdf Graphic file (type pdf)
<use Book02/fig14e.pdf>

Overfull \vbox (266.40805pt too high) detected at line 1180
 []


Overfull \vbox (266.40805pt too high) detected at line 1180
 []



[77])

[78]
\openout2 = `Book03/Book3.aux'.

 (./Book03/Book3.tex

[79



]
Overfull \hbox (7.90486pt too wide) in paragraph at lines 51--54
\TU/TimesNewRoman(1)/m/n/10 εὐθεῖαι, ἡ περιεθομένη γωνία ὑπὸ τῶν ἐπιζευθθεισῶν 
εὐθειῶν. 
 []


Overfull \hbox (9.20955pt too wide) in paragraph at lines 55--56
[]\TU/TimesNewRoman(1)/m/n/10 9\TU/TimesNewRoman(0)/m/n/10 . \TU/TimesNewRoman(
1)/m/n/10 <'Οταν δὲ αἱ περιέθουσαι τὴν γωνίαν εὐθεῖαι ἀπολαμβάνωσί
 []


Overfull \hbox (0.13402pt too wide) in paragraph at lines 57--61
\TU/TimesNewRoman(1)/m/n/10 τὴν γωνίαν περιεθουσῶν εὐθειῶν καὶ τῆξ ἀπολαμβανομέ
νηξ
 []


Underfull \hbox (badness 10000) in paragraph at lines 134--135

 []


Underfull \hbox (badness 10000) in paragraph at lines 134--135

 []


Underfull \hbox (badness 10000) in paragraph at lines 134--135

 []


Underfull \hbox (badness 10000) in paragraph at lines 134--135

 []

File: Book03/fig01g.pdf Graphic file (type pdf)
<use Book03/fig01g.pdf>
File: Book03/fig01e.pdf Graphic file (type pdf)
<use Book03/fig01e.pdf>

Overfull \vbox (331.65164pt too high) detected at line 192
 []


Overfull \vbox (331.65164pt too high) detected at line 192
 []



[80]

[81]
Overfull \hbox (1.97388pt too wide) in paragraph at lines 207--208
\TU/TimesNewRoman(1)/m/n/10 σημεῖα, ἡ ἐπὶ τὰ σημεῖα ἐπιζευγνυμένη εὐθεῖα ἐντὸξ 
πεσεῖται
 []


Underfull \hbox (badness 10000) in paragraph at lines 228--229

 []


Underfull \hbox (badness 10000) in paragraph at lines 228--229

 []


Underfull \hbox (badness 10000) in paragraph at lines 228--229

 []

File: Book03/fig02g.pdf Graphic file (type pdf)
<use Book03/fig02g.pdf>

Overfull \hbox (1.97388pt too wide) in paragraph at lines 235--235
\TU/TimesNewRoman(1)/m/n/10 σημεῖα, ἡ ἐπὶ τὰ σημεῖα ἐπιζευγνυμένη εὐθεῖα ἐντὸξ 
πεσεῖται
 []

File: Book03/fig02e.pdf Graphic file (type pdf)
<use Book03/fig02e.pdf>

Overfull \vbox (312.58043pt too high) detected at line 269
 []


Overfull \vbox (312.58043pt too high) detected at line 269
 []



[82]
Underfull \hbox (badness 10000) in paragraph at lines 301--302

 []


Underfull \hbox (badness 10000) in paragraph at lines 301--302

 []


Underfull \hbox (badness 10000) in paragraph at lines 301--302

 []


Underfull \hbox (badness 10000) in paragraph at lines 301--302

 []

File: Book03/fig03g.pdf Graphic file (type pdf)
<use Book03/fig03g.pdf>
File: Book03/fig03e.pdf Graphic file (type pdf)
<use Book03/fig03e.pdf>

Overfull \vbox (259.38182pt too high) detected at line 350
 []


Overfull \vbox (259.38182pt too high) detected at line 350
 []



[83]
Underfull \hbox (badness 10000) in paragraph at lines 363--364

 []

File: Book03/fig04g.pdf Graphic file (type pdf)
<use Book03/fig04g.pdf>
File: Book03/fig04e.pdf Graphic file (type pdf)
<use Book03/fig04e.pdf>

Overfull \vbox (257.37433pt too high) detected at line 411
 []


Overfull \vbox (257.37433pt too high) detected at line 411
 []



[84]
File: Book03/fig05g.pdf Graphic file (type pdf)
<use Book03/fig05g.pdf>
File: Book03/fig05e.pdf Graphic file (type pdf)
<use Book03/fig05e.pdf>

Overfull \vbox (270.42303pt too high) detected at line 462
 []


Overfull \vbox (270.42303pt too high) detected at line 462
 []



[85]
File: Book03/fig06g.pdf Graphic file (type pdf)
<use Book03/fig06g.pdf>
File: Book03/fig06e.pdf Graphic file (type pdf)
<use Book03/fig06e.pdf>

Overfull \vbox (349.7191pt too high) detected at line 516
 []


Overfull \vbox (350.72285pt too high) detected at line 516
 []



[86]

[87]
Overfull \hbox (2.03833pt too wide) in paragraph at lines 545--546
[]\TU/TimesNewRoman(1)/m/n/10 Ἐπεζεύθθωσαν γὰρ αἱ ΒΕ, ΓΕ, ΗΕ. καὶ ἐπεὶ παντὸξ τ
ριγώνου
 []


Underfull \hbox (badness 10000) in paragraph at lines 549--550

 []


Underfull \hbox (badness 10000) in paragraph at lines 549--550

 []


Underfull \hbox (badness 10000) in paragraph at lines 549--550

 []


Underfull \hbox (badness 10000) in paragraph at lines 549--550

 []


Underfull \hbox (badness 10000) in paragraph at lines 549--550

 []


Underfull \hbox (badness 10000) in paragraph at lines 549--550

 []


Underfull \hbox (badness 10000) in paragraph at lines 549--550

 []

File: Book03/fig07g.pdf Graphic file (type pdf)
<use Book03/fig07g.pdf>

Overfull \hbox (25.5603pt too wide) in paragraph at lines 565--566
[]\TU/TimesNewRoman(1)/m/n/10 Λέγω, <ότι καὶ ἀπὸ τοῦ Ζ σημείου δύο μόνον >ίσαι 
προσπεσοῦνται
 []

File: Book03/fig07e.pdf Graphic file (type pdf)
<use Book03/fig07e.pdf>

Overfull \vbox (353.73407pt too high) detected at line 636
 []


Overfull \vbox (350.72285pt too high) detected at line 636
 []



[88]

[89]
Underfull \hbox (badness 10000) in paragraph at lines 683--684

 []


Underfull \hbox (badness 10000) in paragraph at lines 683--684

 []


Underfull \hbox (badness 10000) in paragraph at lines 683--684

 []


Underfull \hbox (badness 10000) in paragraph at lines 683--684

 []


Underfull \hbox (badness 10000) in paragraph at lines 683--684

 []


Underfull \hbox (badness 10000) in paragraph at lines 683--684

 []


Underfull \hbox (badness 10000) in paragraph at lines 683--684

 []


Underfull \hbox (badness 10000) in paragraph at lines 683--684

 []

File: Book03/fig08g.pdf Graphic file (type pdf)
<use Book03/fig08g.pdf>
File: Book03/fig08e.pdf Graphic file (type pdf)
<use Book03/fig08e.pdf>

Overfull \vbox (358.75284pt too high) detected at line 794
 []


Overfull \vbox (357.74908pt too high) detected at line 794
 []



[90]

[91]

[92]
Overfull \hbox (0.45955pt too wide) in paragraph at lines 810--811
\TU/TimesNewRoman(1)/m/n/10 πρὸξ τὸν κύκλον προσπίπτωσι πλείουξ >ὴ δύο >ίσαι εὐ
θεῖαι,
 []


Underfull \hbox (badness 10000) in paragraph at lines 815--816

 []

File: Book03/fig09g.pdf Graphic file (type pdf)
<use Book03/fig09g.pdf>
File: Book03/fig09e.pdf Graphic file (type pdf)
<use Book03/fig09e.pdf>

Overfull \vbox (343.6966pt too high) detected at line 873
 []


Overfull \vbox (341.68912pt too high) detected at line 873
 []



[93]
Overfull \hbox (0.50351pt too wide) in paragraph at lines 889--890
\TU/TimesNewRoman(1)/m/n/10 κατὰ πλείονα σημεῖα >ὴ δύο τὰ Β, Η, Ζ, Θ, καὶ ἐπιζε
υθθεῖσαι
 []


Underfull \hbox (badness 10000) in paragraph at lines 889--890

 []


Underfull \hbox (badness 10000) in paragraph at lines 889--890

 []

File: Book03/fig10g.pdf Graphic file (type pdf)
<use Book03/fig10g.pdf>
File: Book03/fig10e.pdf Graphic file (type pdf)
<use Book03/fig10e.pdf>

Overfull \vbox (337.67412pt too high) detected at line 936
 []


Overfull \vbox (332.6554pt too high) detected at line 936
 []



[94]
Overfull \hbox (11.98093pt too wide) in paragraph at lines 958--959
[]\TU/TimesNewRoman(1)/m/n/10 μὴ γάρ, ἀλλ> εἰ δυνατόν, πιπτέτω ὡξ ἡ ΖΗΘ, καὶ ἐπ
εζεύθθωσαν
 []


Underfull \hbox (badness 10000) in paragraph at lines 964--965

 []


Underfull \hbox (badness 10000) in paragraph at lines 964--965

 []

File: Book03/fig11g.pdf Graphic file (type pdf)
<use Book03/fig11g.pdf>

Overfull \hbox (11.2884pt too wide) in paragraph at lines 972--972
\TU/TimesNewRoman(1)/m/n/10 ληφθῆ| αὐτῶν τὰ κέντρα], ἡ ἐπὶ τὰ κέντρα αὐτῶν ἐπιζ
ευγνυμένη
 []

File: Book03/fig11e.pdf Graphic file (type pdf)
<use Book03/fig11e.pdf>

Overfull \vbox (302.54294pt too high) detected at line 1007
 []


Overfull \vbox (305.5542pt too high) detected at line 1007
 []



[95]
Underfull \hbox (badness 10000) in paragraph at lines 1020--1021

 []

File: Book03/fig12g.pdf Graphic file (type pdf)
<use Book03/fig12g.pdf>

Overfull \hbox (19.12448pt too wide) in paragraph at lines 1031--1032
[]\TU/TimesNewRoman(1)/m/n/10 μὴ γάρ, ἀλλ> εἰ δυνατόν, ἐρθέσθω ὡξ ἡ ΖΓΔΗ, καὶ ἐ
πεζεύθθωσαν
 []

File: Book03/fig12e.pdf Graphic file (type pdf)
<use Book03/fig12e.pdf>

Overfull \vbox (371.80154pt too high) detected at line 1075
 []


Overfull \vbox (356.74533pt too high) detected at line 1075
 []



[96]
File: Book03/fig13g.pdf Graphic file (type pdf)
<use Book03/fig13g.pdf>

Overfull \hbox (10.84105pt too wide) in paragraph at lines 1094--1095
[]\TU/TimesNewRoman(1)/m/n/10 Εἰ γὰρ δυνατόν, κύκλοξ ὁ ΑΒΓΔ κύκλου τοῦ ΕΒΖΔ ἐφα
πτέσθω
 []


Overfull \hbox (5.74828pt too wide) in paragraph at lines 1111--1112
[]\TU/TimesNewRoman(1)/m/n/10 Εἰ γὰρ δυνατόν, κύκλοξ ὁ ΑΓΚ κύκλου τοῦ ΑΒΓΔ ἐφαπ
τέσθω
 []

File: Book03/fig13e.pdf Graphic file (type pdf)
<use Book03/fig13e.pdf>

Overfull \vbox (341.68912pt too high) detected at line 1163
 []


Overfull \vbox (341.68912pt too high) detected at line 1163
 []



[97]
Underfull \hbox (badness 10000) in paragraph at lines 1177--1178

 []

File: Book03/fig14g.pdf Graphic file (type pdf)
<use Book03/fig14g.pdf>

Overfull \hbox (4.53658pt too wide) in paragraph at lines 1184--1185
[]\TU/TimesNewRoman(1)/m/n/10 >'Εστω κύκλοξ ὁ ΑΒΓΔ, καὶ ἐν αὐτῶ| >ίσαι εὐθεῖαι 
>έστωσαν
 []

File: Book03/fig14e.pdf Graphic file (type pdf)
<use Book03/fig14e.pdf>

Overfull \vbox (298.52797pt too high) detected at line 1272
 []


Overfull \vbox (299.53172pt too high) detected at line 1272
 []



[98]

[99]
Underfull \hbox (badness 10000) in paragraph at lines 1304--1305

 []


Underfull \hbox (badness 10000) in paragraph at lines 1304--1305

 []


Underfull \hbox (badness 10000) in paragraph at lines 1304--1305

 []


Underfull \hbox (badness 10000) in paragraph at lines 1304--1305

 []

File: Book03/fig15g.pdf Graphic file (type pdf)
<use Book03/fig15g.pdf>
File: Book03/fig15e.pdf Graphic file (type pdf)
<use Book03/fig15e.pdf>

Overfull \vbox (384.85027pt too high) detected at line 1343
 []


Overfull \vbox (385.85399pt too high) detected at line 1343
 []



[100]
Underfull \hbox (badness 10000) in paragraph at lines 1385--1386

 []


Underfull \hbox (badness 10000) in paragraph at lines 1385--1386

 []


Underfull \hbox (badness 10000) in paragraph at lines 1385--1386

 []


Underfull \hbox (badness 10000) in paragraph at lines 1385--1386

 []

File: Book03/fig16g.pdf Graphic file (type pdf)
<use Book03/fig16g.pdf>

Overfull \hbox (15.84692pt too wide) in paragraph at lines 1406--1407
[]\TU/TimesNewRoman(1)/m/n/10 Εἰ γὰρ ἐστί τιξ γωνία εὐθύγραμμοξ μείζων μὲν τῆξ 
περιεθομένηξ
 []


Underfull \hbox (badness 10000) in paragraph at lines 1406--1407

 []


Underfull \hbox (badness 10000) in paragraph at lines 1406--1407

 []


Overfull \hbox (0.6451pt too wide) in paragraph at lines 1415--1415
\TU/TimesNewRoman(1)/m/n/10 [καὶ <ότι εὐθεῖα κύκλου καθ> <ὲν μόνον ἐφάπτεται ση
μεῖον,
 []

File: Book03/fig16e.pdf Graphic file (type pdf)
<use Book03/fig16e.pdf>

Underfull \hbox (badness 10000) in paragraph at lines 1463--1474

 []


Overfull \vbox (296.52048pt too high) detected at line 1483
 []


Overfull \vbox (295.51672pt too high) detected at line 1483
 []



[101]

[102]
Overfull \hbox (9.18839pt too wide) in paragraph at lines 1496--1497
[]\TU/TimesNewRoman(1)/m/n/10 Ἀπὸ τοῦ δοθέντοξ σημείου τοῦ δοθέντοξ κύκλου ἐφαπ
τομένην
 []


Overfull \hbox (5.74925pt too wide) in paragraph at lines 1499--1500
\TU/TimesNewRoman(1)/m/n/10 ΒΓΔ; δεῖ δὴ ἀπὸ τοῦ Α σημείου τοῦ ΒΓΔ κύκλου ἐφαπτο
μένην
 []

File: Book03/fig17g.pdf Graphic file (type pdf)
<use Book03/fig17g.pdf>
File: Book03/fig17e.pdf Graphic file (type pdf)
<use Book03/fig17e.pdf>

Overfull \vbox (328.64038pt too high) detected at line 1552
 []


Overfull \vbox (327.63663pt too high) detected at line 1552
 []



[103]
Underfull \hbox (badness 10000) in paragraph at lines 1580--1581

 []


Underfull \hbox (badness 10000) in paragraph at lines 1580--1581

 []


Underfull \hbox (badness 10000) in paragraph at lines 1580--1581

 []

File: Book03/fig18g.pdf Graphic file (type pdf)
<use Book03/fig18g.pdf>
File: Book03/fig18e.pdf Graphic file (type pdf)
<use Book03/fig18e.pdf>

Overfull \vbox (322.6179pt too high) detected at line 1617
 []


Overfull \vbox (322.6179pt too high) detected at line 1617
 []



[104]
Underfull \hbox (badness 10000) in paragraph at lines 1631--1632

 []

File: Book03/fig19g.pdf Graphic file (type pdf)
<use Book03/fig19g.pdf>
File: Book03/fig19e.pdf Graphic file (type pdf)
<use Book03/fig19e.pdf>

Overfull \vbox (296.52048pt too high) detected at line 1683
 []


Overfull \vbox (296.52048pt too high) detected at line 1683
 []



[105]
File: Book03/fig20g.pdf Graphic file (type pdf)
<use Book03/fig20g.pdf>
File: Book03/fig20e.pdf Graphic file (type pdf)
<use Book03/fig20e.pdf>

Underfull \hbox (badness 10000) in paragraph at lines 1754--1756

 []


Overfull \vbox (300.53548pt too high) detected at line 1757
 []


Overfull \vbox (300.53548pt too high) detected at line 1757
 []



[106]
File: Book03/fig21g.pdf Graphic file (type pdf)
<use Book03/fig21g.pdf>
File: Book03/fig21e.pdf Graphic file (type pdf)
<use Book03/fig21e.pdf>

Overfull \vbox (257.37433pt too high) detected at line 1813
 []


Overfull \vbox (257.37433pt too high) detected at line 1813
 []



[107]
File: Book03/fig22g.pdf Graphic file (type pdf)
<use Book03/fig22g.pdf>
File: Book03/fig22e.pdf Graphic file (type pdf)
<use Book03/fig22e.pdf>

Overfull \vbox (281.46426pt too high) detected at line 1873
 []


Overfull \vbox (280.4605pt too high) detected at line 1873
 []



[108]
File: Book03/fig23g.pdf Graphic file (type pdf)
<use Book03/fig23g.pdf>
File: Book03/fig23e.pdf Graphic file (type pdf)
<use Book03/fig23e.pdf>

Overfull \vbox (144.95459pt too high) detected at line 1921
 []


Overfull \vbox (144.95459pt too high) detected at line 1921
 []



[109]
Overfull \hbox (1.20486pt too wide) in paragraph at lines 1933--1934
[]\TU/TimesNewRoman(1)/m/n/10 Τὰ ἐπὶ >ίσων εὐθειῶν <όμοια τμήματα κύλων >ίσα ἀλ
λήλοιξ
 []


Underfull \hbox (badness 10000) in paragraph at lines 1946--1947

 []


Underfull \hbox (badness 10000) in paragraph at lines 1946--1947

 []

File: Book03/fig24g.pdf Graphic file (type pdf)
<use Book03/fig24g.pdf>

Underfull \hbox (badness 10000) in paragraph at lines 1964--1973

 []

File: Book03/fig24e.pdf Graphic file (type pdf)
<use Book03/fig24e.pdf>

Overfull \vbox (336.67036pt too high) detected at line 1978
 []


Overfull \vbox (336.67036pt too high) detected at line 1978
 []



[110]
Underfull \hbox (badness 10000) in paragraph at lines 2014--2015

 []


Underfull \hbox (badness 10000) in paragraph at lines 2014--2015

 []


Underfull \hbox (badness 10000) in paragraph at lines 2014--2015

 []

File: Book03/fig25g.pdf Graphic file (type pdf)
<use Book03/fig25g.pdf>

Overfull \hbox (15.43921pt too wide) in paragraph at lines 2029--2030
[]\TU/TimesNewRoman(1)/m/n/10 Ἐὰν δὲ ἡ ὑπὸ ΑΒΔ ἐλάττων >ῆ| τῆξ ὑπὸ ΒΑΔ, καὶ συσ
τησώμεθα
 []

File: Book03/fig25e.pdf Graphic file (type pdf)
<use Book03/fig25e.pdf>

Overfull \vbox (266.40805pt too high) detected at line 2078
 []


Overfull \vbox (265.4043pt too high) detected at line 2078
 []



[111]
Overfull \hbox (6.58423pt too wide) in paragraph at lines 2091--2092
[]\TU/TimesNewRoman(1)/m/n/10 Ἐν τοῖξ >ίσοιξ κύκλοιξ αἱ >ίσαι γωνίαι ἐπὶ >ίσων 
περιφερειῶν
 []


Underfull \hbox (badness 10000) in paragraph at lines 2106--2107

 []


Underfull \hbox (badness 10000) in paragraph at lines 2106--2107

 []


Underfull \hbox (badness 10000) in paragraph at lines 2106--2107

 []

File: Book03/fig26g.pdf Graphic file (type pdf)
<use Book03/fig26g.pdf>
File: Book03/fig26e.pdf Graphic file (type pdf)
<use Book03/fig26e.pdf>

Overfull \vbox (234.28812pt too high) detected at line 2146
 []


Overfull \vbox (235.29187pt too high) detected at line 2146
 []



[112]

[113]
File: Book03/fig27g.pdf Graphic file (type pdf)
<use Book03/fig27g.pdf>

Overfull \hbox (5.12833pt too wide) in paragraph at lines 2169--2170
[]\TU/TimesNewRoman(1)/m/n/10 Ἐν γὰρ >ίσοιξ κύκλοιξ τοῖξ ΑΒΓ, ΔΕΖ ἐπὶ >ίσων περ
ιφερειῶν
 []


Overfull \hbox (3.24925pt too wide) in paragraph at lines 2169--2170
\TU/TimesNewRoman(1)/m/n/10 τῶν ΒΓ, ΕΖ πρὸξ μὲν τοῖξ Η, Θ κέντροιξ γωνίαι βεβηκ
έτωσαν
 []

File: Book03/fig27e.pdf Graphic file (type pdf)
<use Book03/fig27e.pdf>

Underfull \hbox (badness 10000) in paragraph at lines 2211--2213

 []


Overfull \vbox (232.28064pt too high) detected at line 2214
 []


Overfull \vbox (232.28064pt too high) detected at line 2214
 []



[114]
Overfull \hbox (16.05768pt too wide) in paragraph at lines 2233--2234
\TU/TimesNewRoman(1)/m/n/10 περιφερείαξ μείζοναξ ἀφαιροῦσαι τὰξ δὲ ΑΗΒ, ΔΘΕ ἐλά
ττοναξ;
 []


Underfull \hbox (badness 10000) in paragraph at lines 2233--2234

 []

File: Book03/fig28g.pdf Graphic file (type pdf)
<use Book03/fig28g.pdf>

Overfull \hbox (13.43156pt too wide) in paragraph at lines 2239--2240
[]\TU/TimesNewRoman(1)/m/n/10 Εἰλήφθω γὰρ τὰ κέντρα τῶν κύκλων τὰ Κ, Λ, καὶ ἐπε
ζεύθθωσαν
 []


Overfull \hbox (15.55884pt too wide) in paragraph at lines 2252--2252
[]\TU/TimesNewRoman(1)/m/n/10 Ἐν >άρα τοῖξ >ίσοιξ κύκλοιξ αἱ >ίσαι εὐθεῖαι >ίσα
ξ περιφερείαξ
 []

File: Book03/fig28e.pdf Graphic file (type pdf)
<use Book03/fig28e.pdf>

Overfull \vbox (268.41553pt too high) detected at line 2285
 []


Overfull \vbox (264.40054pt too high) detected at line 2285
 []



[115]
Overfull \hbox (1.09593pt too wide) in paragraph at lines 2301--2302
\TU/TimesNewRoman(1)/m/n/10 περιφέρειαι ἀπειλήφθωσαν αἱ ΒΗΓ, ΕΘΖ, καὶ ἐπεζεύθθω
σαν
 []


Underfull \hbox (badness 10000) in paragraph at lines 2309--2310

 []


Underfull \hbox (badness 10000) in paragraph at lines 2309--2310

 []


Underfull \hbox (badness 10000) in paragraph at lines 2309--2310

 []


Underfull \hbox (badness 10000) in paragraph at lines 2309--2310

 []

File: Book03/fig29g.pdf Graphic file (type pdf)
<use Book03/fig29g.pdf>
File: Book03/fig29e.pdf Graphic file (type pdf)
<use Book03/fig29e.pdf>

Overfull \vbox (264.40054pt too high) detected at line 2341
 []


Overfull \vbox (269.41928pt too high) detected at line 2341
 []



[116]
File: Book03/fig30g.pdf Graphic file (type pdf)
<use Book03/fig30g.pdf>
File: Book03/fig30e.pdf Graphic file (type pdf)
<use Book03/fig30e.pdf>

Overfull \vbox (151.98082pt too high) detected at line 2401
 []


Overfull \vbox (150.97707pt too high) detected at line 2401
 []



[117]
Underfull \hbox (badness 10000) in paragraph at lines 2416--2417

 []

File: Book03/fig31g.pdf Graphic file (type pdf)
<use Book03/fig31g.pdf>
File: Book03/fig31e.pdf Graphic file (type pdf)
<use Book03/fig31e.pdf>

Overfull \vbox (347.7116pt too high) detected at line 2523
 []


Overfull \vbox (342.69287pt too high) detected at line 2523
 []



[118]

[119]
Underfull \hbox (badness 10000) in paragraph at lines 2537--2538

 []

File: Book03/fig32e.pdf Graphic file (type pdf)
<use Book03/fig32e.pdf>
File: Book03/fig32e.pdf Graphic file (type pdf)
<use Book03/fig32e.pdf>

Overfull \vbox (328.64038pt too high) detected at line 2610
 []


Overfull \vbox (328.64038pt too high) detected at line 2610
 []



[120]
File: Book03/fig33g.pdf Graphic file (type pdf)
<use Book03/fig33g.pdf>

Overfull \hbox (17.63567pt too wide) in paragraph at lines 2629--2630
[]\TU/TimesNewRoman(1)/m/n/10 >'Εστω ἡ δοθεῖσα εὐθεῖα ἡ ΑΒ, ἡ δὲ δοθεῖσα γωνία 
εὐθύγραμμοξ
 []

File: Book03/fig33e.pdf Graphic file (type pdf)
<use Book03/fig33e.pdf>

Overfull \vbox (331.65164pt too high) detected at line 2757
 []


Overfull \vbox (347.7116pt too high) detected at line 2757
 []



[121]

[122]
File: Book03/fig34g.pdf Graphic file (type pdf)
<use Book03/fig34g.pdf>

Overfull \hbox (7.87083pt too wide) in paragraph at lines 2792--2792
\TU/TimesNewRoman(1)/m/n/10 τὸ ΒΑΓ δεθόμενον γωνίαν >ίσην τῆ| δοθείσῃ γωνίᾳ εὐθ
υγράμ-
 []

File: Book03/fig34e.pdf Graphic file (type pdf)
<use Book03/fig34e.pdf>

Overfull \vbox (282.46802pt too high) detected at line 2822
 []


Overfull \vbox (281.46426pt too high) detected at line 2822
 []


Underfull \hbox (badness 10000) in paragraph at lines 2877--2878

 []


Underfull \hbox (badness 10000) in paragraph at lines 2877--2878

 []


Underfull \hbox (badness 10000) in paragraph at lines 2877--2878

 []


Underfull \hbox (badness 10000) in paragraph at lines 2877--2878

 []


Underfull \hbox (badness 10000) in paragraph at lines 2877--2878

 []


Underfull \hbox (badness 10000) in paragraph at lines 2877--2878

 []


Underfull \hbox (badness 10000) in paragraph at lines 2877--2878

 []

File: Book03/fig35g.pdf Graphic file (type pdf)
<use Book03/fig35g.pdf>
File: Book03/fig35e.pdf Graphic file (type pdf)
<use Book03/fig35e.pdf>

Overfull \vbox (251.35182pt too high) detected at line 2941
 []


Overfull \vbox (247.33684pt too high) detected at line 2941
 []



[123]

[124]
Underfull \hbox (badness 10000) in paragraph at lines 2963--2964

 []

File: Book03/fig36g.pdf Graphic file (type pdf)
<use Book03/fig36g.pdf>
File: Book03/fig36e.pdf Graphic file (type pdf)
<use Book03/fig36e.pdf>

Overfull \vbox (350.72285pt too high) detected at line 3076
 []


Overfull \vbox (354.73784pt too high) detected at line 3076
 []



[125]

[126]

[127]
Underfull \hbox (badness 10000) in paragraph at lines 3099--3100

 []


Underfull \hbox (badness 10000) in paragraph at lines 3099--3100

 []

File: Book03/fig37g.pdf Graphic file (type pdf)
<use Book03/fig37g.pdf>

Overfull \hbox (3.84969pt too wide) in paragraph at lines 3119--3120
\TU/TimesNewRoman(1)/m/n/10 κέντρον τοῦ ΑΒΓ κύκλου, καὶ >έστω τὸ Ζ, καὶ ἐπεζεύθ
θωσαν
 []

File: Book03/fig37e.pdf Graphic file (type pdf)
<use Book03/fig37e.pdf>

Overfull \vbox (228.26564pt too high) detected at line 3174
 []


Overfull \vbox (227.26189pt too high) detected at line 3174
 []



[128]

[129])

[130]
\openout2 = `Book04/Book4.aux'.

 (./Book04/Book4.tex

[131



]
Overfull \hbox (3.2076pt too wide) in paragraph at lines 32--34
\TU/TimesNewRoman(1)/m/n/10 εσθαι λέγεται, <όταν ἑκάστη τῶν τοῦ ἐγγραφομένου σθ
ήματ-
 []


Overfull \hbox (8.58098pt too wide) in paragraph at lines 32--34
\TU/TimesNewRoman(1)/m/n/10 οξ γωνιῶν ἑκάστηξ πλευρᾶξ τοῦ, εἰξ <ὸ ἐγγράφεται, <
άπτηται. 
 []


Overfull \hbox (9.79288pt too wide) in paragraph at lines 43--46
\TU/TimesNewRoman(1)/m/n/10 λέγεται, <όταν ἑκάστη πλευρὰ τοῦ περιγραφομένου ἐφά
πτηται
 []


Underfull \hbox (badness 10000) in paragraph at lines 101--102

 []

File: Book04/fig01g.pdf Graphic file (type pdf)
<use Book04/fig01g.pdf>
File: Book04/fig01e.pdf Graphic file (type pdf)
<use Book04/fig01e.pdf>

Overfull \vbox (317.59918pt too high) detected at line 150
 []


Overfull \vbox (316.59543pt too high) detected at line 150
 []



[132]
File: Book04/fig02g.pdf Graphic file (type pdf)
<use Book04/fig02g.pdf>

Overfull \hbox (3.42342pt too wide) in paragraph at lines 192--192
[]\TU/TimesNewRoman(1)/m/n/10 Εἰξ τὸν δοθέντα >άρα κύκλον τῶ| δοθέντι τριγώνῳ ἰ
σογώνιον
 []

File: Book04/fig02e.pdf Graphic file (type pdf)
<use Book04/fig02e.pdf>

Overfull \vbox (337.67412pt too high) detected at line 224
 []


Overfull \vbox (337.67412pt too high) detected at line 224
 []



[133]
File: Book04/fig03g.pdf Graphic file (type pdf)
<use Book04/fig03g.pdf>

Overfull \hbox (9.26814pt too wide) in paragraph at lines 273--273
[]\TU/TimesNewRoman(1)/m/n/10 Περὶ τὸν δοθέντα >άρα κύκλον τῶ| δοθέντι τριγώνῳ 
ἰσογώνιον
 []

File: Book04/fig03e.pdf Graphic file (type pdf)
<use Book04/fig03e.pdf>

Overfull \vbox (208.19069pt too high) detected at line 315
 []


Overfull \vbox (203.17195pt too high) detected at line 315
 []



[134]
File: Book04/fig04g.pdf Graphic file (type pdf)
<use Book04/fig04g.pdf>
File: Book04/fig04e.pdf Graphic file (type pdf)
<use Book04/fig04e.pdf>

Overfull \vbox (241.31435pt too high) detected at line 398
 []


Overfull \vbox (236.29562pt too high) detected at line 398
 []



[135]
File: Book04/fig05g.pdf Graphic file (type pdf)
<use Book04/fig05g.pdf>

Overfull \hbox (1.42633pt too wide) in paragraph at lines 448--449
[]\TU/TimesNewRoman(1)/m/n/10 Ἀλλὰ δὴ αἱ ΔΖ, ΕΖ συμπιπτέτωσαν ἐκτὸξ τοῦ ΑΒΓ τρι
γώνου
 []

File: Book04/fig05e.pdf Graphic file (type pdf)
<use Book04/fig05e.pdf>

Overfull \vbox (245.32935pt too high) detected at line 495
 []


Overfull \vbox (243.32184pt too high) detected at line 495
 []


Underfull \hbox (badness 10000) in paragraph at lines 513--514

 []

File: Book04/fig06g.pdf Graphic file (type pdf)
<use Book04/fig06g.pdf>
File: Book04/fig06e.pdf Graphic file (type pdf)
<use Book04/fig06e.pdf>

Overfull \vbox (294.51297pt too high) detected at line 558
 []


Overfull \vbox (293.50922pt too high) detected at line 558
 []



[136]
File: Book04/fig07g.pdf Graphic file (type pdf)
<use Book04/fig07g.pdf>
File: Book04/fig07e.pdf Graphic file (type pdf)
<use Book04/fig07e.pdf>

Overfull \vbox (260.38554pt too high) detected at line 641
 []


Overfull \vbox (259.38182pt too high) detected at line 641
 []



[137]

[138]
File: Book04/fig08g.pdf Graphic file (type pdf)
<use Book04/fig08g.pdf>
File: Book04/fig08e.pdf Graphic file (type pdf)
<use Book04/fig08e.pdf>

Overfull \vbox (260.38554pt too high) detected at line 721
 []


Overfull \vbox (259.38182pt too high) detected at line 721
 []



[139]
File: Book04/fig06g.pdf Graphic file (type pdf)
<use Book04/fig06g.pdf>

Underfull \hbox (badness 10000) in paragraph at lines 771--772

 []

File: Book04/fig06e.pdf Graphic file (type pdf)
<use Book04/fig06e.pdf>

Overfull \vbox (294.51297pt too high) detected at line 789
 []


Overfull \vbox (293.50922pt too high) detected at line 789
 []



[140]
File: Book04/fig10g.pdf Graphic file (type pdf)
<use Book04/fig10g.pdf>

Overfull \hbox (6.82169pt too wide) in paragraph at lines 814--815
\TU/TimesNewRoman(1)/m/n/10 σημεῖον, <ώστε τὸ ὑπὸ τῶν ΑΒ, ΒΓ περιεχόμενον ὀρθογ
ώνιον
 []

File: Book04/fig10e.pdf Graphic file (type pdf)
<use Book04/fig10e.pdf>

Overfull \vbox (304.55045pt too high) detected at line 894
 []


Overfull \vbox (304.55045pt too high) detected at line 894
 []



[141]
File: Book04/fig11g.pdf Graphic file (type pdf)
<use Book04/fig11g.pdf>
File: Book04/fig11e.pdf Graphic file (type pdf)
<use Book04/fig11e.pdf>

Overfull \vbox (247.33684pt too high) detected at line 984
 []


Overfull \vbox (246.3331pt too high) detected at line 984
 []



[142]
File: Book04/fig12g.pdf Graphic file (type pdf)
<use Book04/fig12g.pdf>

Overfull \hbox (7.44359pt too wide) in paragraph at lines 1003--1004
\TU/TimesNewRoman(1)/m/n/10 κύκλον πεντάγωνον ἰσόπλευρόν τε καὶ ἰσογώνιον περιγ
ράψαι. 
 []

File: Book04/fig12e.pdf Graphic file (type pdf)
<use Book04/fig12e.pdf>

Overfull \vbox (296.52048pt too high) detected at line 1123
 []


Overfull \vbox (295.51672pt too high) detected at line 1123
 []



[143]
Overfull \hbox (5.38939pt too wide) in paragraph at lines 1182--1183
\TU/TimesNewRoman(1)/m/n/10 <ὸ συμβάλλουσιν ἀλλήλαιξ αἱ ΓΖ, ΔΖ εὐθεῖαι, ἐπεζεύθ
θωσαν
 []


Underfull \hbox (badness 10000) in paragraph at lines 1182--1183

 []


Underfull \hbox (badness 10000) in paragraph at lines 1182--1183

 []


Underfull \hbox (badness 10000) in paragraph at lines 1182--1183

 []

File: Book04/fig13g.pdf Graphic file (type pdf)
<use Book04/fig13g.pdf>
File: Book04/fig13e.pdf Graphic file (type pdf)
<use Book04/fig13e.pdf>

Overfull \vbox (296.52048pt too high) detected at line 1249
 []


Overfull \vbox (295.51672pt too high) detected at line 1249
 []



[144]

[145]
File: Book04/fig14g.pdf Graphic file (type pdf)
<use Book04/fig14g.pdf>

Overfull \hbox (8.14656pt too wide) in paragraph at lines 1287--1288
\TU/TimesNewRoman(1)/m/n/10 συμβάλλουσιν αἱ εὐθεῖαι, ἐπὶ τὰ Β, Α, Ε σημεῖα ἐπεζ
εύθθωσαν
 []


Overfull \hbox (7.39641pt too wide) in paragraph at lines 1287--1288
\TU/TimesNewRoman(1)/m/n/10 εὐθεῖαι αἱ ΖΒ, ΖΑ, ΖΕ. ὁμοίωξ δὴ τῶ| πρὸ τούτου δει
θθήσεται,
 []

File: Book04/fig14e.pdf Graphic file (type pdf)
<use Book04/fig14e.pdf>

Overfull \vbox (301.53922pt too high) detected at line 1326
 []


Overfull \vbox (300.53548pt too high) detected at line 1326
 []



[146]
Overfull \hbox (5.26831pt too wide) in paragraph at lines 1349--1350
\TU/TimesNewRoman(1)/m/n/10 τὸ κέντρον τοῦ κύκλου τὸ Η, καὶ κέντρῳ μὲν τῶ| Δ δι
αστήματι
 []


Underfull \hbox (badness 10000) in paragraph at lines 1349--1350

 []

File: Book04/fig15g.pdf Graphic file (type pdf)
<use Book04/fig15g.pdf>

Underfull \hbox (badness 10000) in paragraph at lines 1390--1391

 []


Underfull \hbox (badness 10000) in paragraph at lines 1390--1391

 []


Underfull \hbox (badness 10000) in paragraph at lines 1390--1391

 []


Underfull \hbox (badness 10000) in paragraph at lines 1390--1391

 []


Underfull \hbox (badness 10000) in paragraph at lines 1390--1391

 []


Overfull \hbox (2.30417pt too wide) in paragraph at lines 1405--1405
\TU/TimesNewRoman(1)/m/n/10 εἰρημένοιξ. καὶ >έτι διὰ τῶν ὁμοίων τοῖξ ἐπὶ τοῦ πε
νταγώνου
 []

File: Book04/fig15e.pdf Graphic file (type pdf)
<use Book04/fig15e.pdf>

Underfull \hbox (badness 10000) in paragraph at lines 1463--1465

 []


Overfull \vbox (422.99266pt too high) detected at line 1479
 []


Overfull \vbox (421.9889pt too high) detected at line 1479
 []



[147]

[148]

[149]
File: Book04/fig16g.pdf Graphic file (type pdf)
<use Book04/fig16g.pdf>

Overfull \hbox (4.4903pt too wide) in paragraph at lines 1510--1511
[]\TU/TimesNewRoman(1)/m/n/10 Ἐγγεγράφθω εἰξ τὸν ΑΒΓΔ κύκλον τριγώνου μὲν ἰσοπλ
εύρου
 []


Overfull \hbox (8.19215pt too wide) in paragraph at lines 1515--1516
\TU/TimesNewRoman(1)/m/n/10 >έσται εἰξ αὐτὸν ἐγγεγραμμένον πεντεκαιδεκάγωνον ἰσ
όπλευ-
 []


Overfull \hbox (21.1236pt too wide) in paragraph at lines 1522--1522
\TU/TimesNewRoman(1)/m/n/10 περιγραφήσεται περὶ τὸν κύκλον πεντεκαιδεκάγωνον ἰσ
όπλευρόν
 []

File: Book04/fig16e.pdf Graphic file (type pdf)
<use Book04/fig16e.pdf>

Overfull \hbox (4.45625pt too wide) in paragraph at lines 1549--1553
\TU/TimesNewRoman(0)/m/n/10 straight-lines equal to them into circle $\OML/cmm/
m/it/10 ABCD\OT1/cmr/m/n/10 [\OML/cmm/m/it/10 E\OT1/cmr/m/n/10 ]$ \TU/TimesNewR
oman(0)/m/n/10 [Prop. 4.1],
 []


Overfull \vbox (320.61041pt too high) detected at line 1561
 []


Overfull \vbox (319.60666pt too high) detected at line 1561
 []



[150])

[151]
\openout2 = `Book05/Book5.aux'.

 (./Book05/Book5.tex

[152



]
Overfull \hbox (24.90845pt too wide) in paragraph at lines 39--40
[]\TU/TimesNewRoman(1)/m/n/10 2\TU/TimesNewRoman(0)/m/n/10 . \TU/TimesNewRoman(
1)/m/n/10 Πολλαπλάσιον δὲ τὸ μεῖζον τοῦ ἐλάττονοξ, <όταν καταμετρῆται
 []


Overfull \hbox (28.80426pt too wide) in paragraph at lines 47--53
\TU/TimesNewRoman(1)/m/n/10 τετάρτου ἰσάκιξ πολλαπλασίων καθ> ὁποιονοῦν πολλαπλ
ασιασμὸν
 []


Overfull \hbox (7.85689pt too wide) in paragraph at lines 54--56
[]\TU/TimesNewRoman(1)/m/n/10 6\TU/TimesNewRoman(0)/m/n/10 . \TU/TimesNewRoman(
1)/m/n/10 Τὰ δὲ τὸν αὐτὸν >έθοντα λόγον μεγέθη ἀνάλογον καλείσθω. 
 []


Overfull \hbox (8.29158pt too wide) in paragraph at lines 74--76
[]\TU/TimesNewRoman(1)/m/n/10 11\TU/TimesNewRoman(0)/m/n/10 . \TU/TimesNewRoman
(1)/m/n/10 Ὁμόλογα μεγέθη λέγεται τὰ μὲν ἡγούμενα τοῖξ ἡγουμένοιξ
 []


Overfull \hbox (12.3964pt too wide) in paragraph at lines 100--106
\TU/TimesNewRoman(1)/m/n/10 ο<ύτωξ ἐν τοῖξ δευτέροιξ μεγέθεσιν ἡγούμενον πρὸξ ἑ
πόμενον,
 []



[153]
Overfull \hbox (7.83812pt too wide) in paragraph at lines 228--229
\TU/TimesNewRoman(1)/m/n/10 πλῆθοξ <έκαστον ἑκάστου ἰσάκιξ πολλαπλάσιον, ὁσαπλά
σιόν
 []


Underfull \hbox (badness 10000) in paragraph at lines 233--234

 []


Underfull \hbox (badness 10000) in paragraph at lines 233--234

 []


Underfull \hbox (badness 10000) in paragraph at lines 233--234

 []

File: Book05/fig01g.pdf Graphic file (type pdf)
<use Book05/fig01g.pdf>
File: Book05/fig01e.pdf Graphic file (type pdf)
<use Book05/fig01e.pdf>

Overfull \vbox (68.66977pt too high) detected at line 285
 []


Overfull \vbox (69.67352pt too high) detected at line 285
 []



[154]
Overfull \hbox (2.03572pt too wide) in paragraph at lines 302--303
\TU/TimesNewRoman(1)/m/n/10 τετάρτου, >ῆ| δὲ καὶ πέμπτον δευτέρου ἰσάκιξ πολλαπ
λάσιον
 []


Overfull \hbox (1.66885pt too wide) in paragraph at lines 302--303
\TU/TimesNewRoman(1)/m/n/10 δευτέρου ἰσάκιξ >έσται πολλαπλάσιον καὶ τρίτον καὶ 
<έκτον
 []


Overfull \hbox (13.8775pt too wide) in paragraph at lines 309--310
[]\TU/TimesNewRoman(1)/m/n/10 Πρῶτον γὰρ τὸ ΑΒ δευτέρου τοῦ Γ ἰσάκιξ >έστω πολλ
απλάσιον
 []


Overfull \hbox (0.32607pt too wide) in paragraph at lines 309--310
\TU/TimesNewRoman(1)/m/n/10 πέμπτον τὸ ΑΗ δευτέρου τοῦ Γ ἰσάκιξ >έσται πολλαπλά
σιον
 []


Underfull \hbox (badness 10000) in paragraph at lines 319--320

 []


Underfull \hbox (badness 10000) in paragraph at lines 319--320

 []


Underfull \hbox (badness 10000) in paragraph at lines 319--320

 []


Underfull \hbox (badness 10000) in paragraph at lines 319--320

 []


Underfull \hbox (badness 10000) in paragraph at lines 319--320

 []


Underfull \hbox (badness 10000) in paragraph at lines 319--320

 []


Underfull \hbox (badness 10000) in paragraph at lines 319--320

 []


Underfull \hbox (badness 10000) in paragraph at lines 319--320

 []


Underfull \hbox (badness 10000) in paragraph at lines 319--320

 []

File: Book05/fig02g.pdf Graphic file (type pdf)
<use Book05/fig02g.pdf>
File: Book05/fig02e.pdf Graphic file (type pdf)
<use Book05/fig02e.pdf>

Overfull \vbox (160.0108pt too high) detected at line 366
 []


Overfull \vbox (159.00706pt too high) detected at line 366
 []



[155]
Overfull \hbox (8.09625pt too wide) in paragraph at lines 388--389
[]\TU/TimesNewRoman(1)/m/n/10 Πρῶτον γὰρ τὸ Α δευτέρου τοῦ Β ἰσάκιξ >έστω πολλα
πλάσιον
 []


Underfull \hbox (badness 10000) in paragraph at lines 404--405

 []


Underfull \hbox (badness 10000) in paragraph at lines 404--405

 []


Underfull \hbox (badness 10000) in paragraph at lines 404--405

 []


Underfull \hbox (badness 10000) in paragraph at lines 404--405

 []


Underfull \hbox (badness 10000) in paragraph at lines 404--405

 []


Underfull \hbox (badness 10000) in paragraph at lines 404--405

 []

File: Book05/fig03g.pdf Graphic file (type pdf)
<use Book05/fig03g.pdf>
File: Book05/fig03e.pdf Graphic file (type pdf)
<use Book05/fig03e.pdf>

Overfull \vbox (229.26938pt too high) detected at line 448
 []


Overfull \vbox (230.27312pt too high) detected at line 448
 []



[156]
Underfull \hbox (badness 10000) in paragraph at lines 490--491

 []


Underfull \hbox (badness 10000) in paragraph at lines 490--491

 []


Underfull \hbox (badness 10000) in paragraph at lines 490--491

 []


Underfull \hbox (badness 10000) in paragraph at lines 490--491

 []

File: Book05/fig04g.pdf Graphic file (type pdf)
<use Book05/fig04g.pdf>
File: Book05/fig04e.pdf Graphic file (type pdf)
<use Book05/fig04e.pdf>

Overfull \vbox (412.95518pt too high) detected at line 535
 []


Overfull \vbox (414.96268pt too high) detected at line 535
 []



[157]

[158]
Underfull \hbox (badness 10000) in paragraph at lines 552--553

 []


Underfull \hbox (badness 10000) in paragraph at lines 552--553

 []

File: Book05/fig05g.pdf Graphic file (type pdf)
<use Book05/fig05g.pdf>

Overfull \hbox (25.43512pt too wide) in paragraph at lines 560--561
[]\TU/TimesNewRoman(1)/m/n/10 Μέγεθοξ γὰρ τὸ ΑΒ μεγέθουξ τοῦ ΓΔ ἰσάκιξ >έστω πο
λλαπλάσιον,
 []

File: Book05/fig05e.pdf Graphic file (type pdf)
<use Book05/fig05e.pdf>

Overfull \vbox (84.72974pt too high) detected at line 622
 []


Overfull \vbox (85.73349pt too high) detected at line 622
 []



[159]
Underfull \hbox (badness 10000) in paragraph at lines 643--644

 []


Underfull \hbox (badness 10000) in paragraph at lines 643--644

 []


Underfull \hbox (badness 10000) in paragraph at lines 643--644

 []

File: Book05/fig06g.pdf Graphic file (type pdf)
<use Book05/fig06g.pdf>

Overfull \hbox (7.48347pt too wide) in paragraph at lines 660--661
[]\TU/TimesNewRoman(1)/m/n/10 Κείσθω γὰρ τῶ| Ζ >ίσον τὸ ΓΚ. ἐπεὶ ἰσάκιξ ἐστὶ πο
λλαπλάσιον
 []


Overfull \hbox (0.58162pt too wide) in paragraph at lines 668--668
[]\TU/TimesNewRoman(1)/m/n/10 Ἐὰν >άρα δύο μεγέθη δύο μεγεθῶν ἰσάκιξ >ῆ| πολλαπ
λάσια,
 []

File: Book05/fig06e.pdf Graphic file (type pdf)
<use Book05/fig06e.pdf>

Overfull \vbox (197.14946pt too high) detected at line 699
 []


Overfull \vbox (196.14572pt too high) detected at line 699
 []



[160]
Underfull \hbox (badness 10000) in paragraph at lines 718--719

 []

File: Book05/fig07g.pdf Graphic file (type pdf)
<use Book05/fig07g.pdf>

Underfull \hbox (badness 10000) in paragraph at lines 746--747

 []


Underfull \hbox (badness 10000) in paragraph at lines 746--747

 []


Underfull \hbox (badness 10000) in paragraph at lines 746--747

 []


Underfull \hbox (badness 10000) in paragraph at lines 746--747

 []

File: Book05/fig07e.pdf Graphic file (type pdf)
<use Book05/fig07e.pdf>

Underfull \hbox (badness 10000) in paragraph at lines 789--792

 []


Overfull \vbox (88.74472pt too high) detected at line 800
 []


Overfull \vbox (87.74098pt too high) detected at line 800
 []



[161]
Underfull \hbox (badness 10000) in paragraph at lines 821--822

 []

File: Book05/fig08g.pdf Graphic file (type pdf)
<use Book05/fig08g.pdf>
File: Book05/fig08e.pdf Graphic file (type pdf)
<use Book05/fig08e.pdf>

Overfull \vbox (304.55045pt too high) detected at line 946
 []


Overfull \vbox (304.55045pt too high) detected at line 946
 []



[162]

[163]
File: Book05/fig09g.pdf Graphic file (type pdf)
<use Book05/fig09g.pdf>
File: Book05/fig09e.pdf Graphic file (type pdf)
<use Book05/fig09e.pdf>

Overfull \vbox (52.60982pt too high) detected at line 1001
 []


Overfull \vbox (51.60606pt too high) detected at line 1001
 []


Underfull \hbox (badness 10000) in paragraph at lines 1014--1015

 []

File: Book05/fig10g.pdf Graphic file (type pdf)
<use Book05/fig10g.pdf>
File: Book05/fig10e.pdf Graphic file (type pdf)
<use Book05/fig10e.pdf>

Overfull \vbox (52.60982pt too high) detected at line 1077
 []


Overfull \vbox (51.60606pt too high) detected at line 1077
 []



[164]
File: Book05/fig11g.pdf Graphic file (type pdf)
<use Book05/fig11g.pdf>
File: Book05/fig11e.pdf Graphic file (type pdf)
<use Book05/fig11e.pdf>

Overfull \vbox (125.88338pt too high) detected at line 1155
 []


Overfull \vbox (123.8759pt too high) detected at line 1155
 []



[165]
Underfull \hbox (badness 10000) in paragraph at lines 1169--1170

 []

File: Book05/fig12g.pdf Graphic file (type pdf)
<use Book05/fig12g.pdf>
File: Book05/fig12e.pdf Graphic file (type pdf)
<use Book05/fig12e.pdf>

Overfull \vbox (180.08574pt too high) detected at line 1239
 []


Overfull \vbox (178.07826pt too high) detected at line 1239
 []



[166]
Underfull \hbox (badness 10000) in paragraph at lines 1257--1258

 []

File: Book05/fig13g.pdf Graphic file (type pdf)
<use Book05/fig13g.pdf>

Overfull \hbox (12.62964pt too wide) in paragraph at lines 1276--1277
\TU/TimesNewRoman(1)/m/n/10 ὑπερέθει, εἰλήφθω, καὶ >έστω τῶν μὲν Γ, Ε ἰσάκιξ πο
λλαπλάσια
 []


Overfull \hbox (2.55478pt too wide) in paragraph at lines 1276--1277
\TU/TimesNewRoman(1)/m/n/10 τὰ Η, Θ, τῶν δὲ Δ, Ζ >άλλα, <ὰ >έτυθεν, ἰσάκιξ πολλ
απλάσια
 []

File: Book05/fig13e.pdf Graphic file (type pdf)
<use Book05/fig13e.pdf>

Overfull \vbox (125.88338pt too high) detected at line 1330
 []


Overfull \vbox (123.8759pt too high) detected at line 1330
 []


Underfull \hbox (badness 10000) in paragraph at lines 1346--1347

 []


Underfull \hbox (badness 10000) in paragraph at lines 1346--1347

 []


Underfull \hbox (badness 10000) in paragraph at lines 1346--1347

 []

File: Book05/fig14g.pdf Graphic file (type pdf)
<use Book05/fig14g.pdf>
File: Book05/fig14e.pdf Graphic file (type pdf)
<use Book05/fig14e.pdf>

Overfull \vbox (52.60982pt too high) detected at line 1404
 []


Overfull \vbox (51.60606pt too high) detected at line 1404
 []



[167]
File: Book05/fig15g.pdf Graphic file (type pdf)
<use Book05/fig15g.pdf>
File: Book05/fig15e.pdf Graphic file (type pdf)
<use Book05/fig15e.pdf>

Overfull \vbox (88.74472pt too high) detected at line 1477
 []


Overfull \vbox (87.74098pt too high) detected at line 1477
 []



[168]
Underfull \hbox (badness 10000) in paragraph at lines 1499--1500

 []

File: Book05/fig16g.pdf Graphic file (type pdf)
<use Book05/fig16g.pdf>
File: Book05/fig16e.pdf Graphic file (type pdf)
<use Book05/fig16e.pdf>

Overfull \vbox (123.8759pt too high) detected at line 1561
 []


Overfull \vbox (124.87964pt too high) detected at line 1561
 []



[169]
File: Book05/fig17g.pdf Graphic file (type pdf)
<use Book05/fig17g.pdf>

Overfull \hbox (1.87459pt too wide) in paragraph at lines 1620--1620
[]\TU/TimesNewRoman(1)/m/n/10 Ἐὰν >άρα συγκείμενα μεγέθη ἀνάλογον >ῆ|, καὶ διαι
ρεθέντα
 []

File: Book05/fig17e.pdf Graphic file (type pdf)
<use Book05/fig17e.pdf>

Overfull \vbox (139.93585pt too high) detected at line 1669
 []


Overfull \vbox (138.9321pt too high) detected at line 1669
 []



[170]
File: Book05/fig18g.pdf Graphic file (type pdf)
<use Book05/fig18g.pdf>
File: Book05/fig18e.pdf Graphic file (type pdf)
<use Book05/fig18e.pdf>

Overfull \vbox (85.73349pt too high) detected at line 1745
 []


Overfull \vbox (84.72974pt too high) detected at line 1745
 []


Underfull \hbox (badness 10000) in paragraph at lines 1765--1766

 []

File: Book05/fig19g.pdf Graphic file (type pdf)
<use Book05/fig19g.pdf>

Underfull \hbox (badness 10000) in paragraph at lines 1791--1792

 []


Underfull \hbox (badness 10000) in paragraph at lines 1791--1792

 []


Overfull \hbox (8.1018pt too wide) in paragraph at lines 1799--1799
[]\TU/TimesNewRoman(1)/m/n/10 Ἐκ δὴ τούτου φανερόν, <ότι ἒαν συγκείμενα μεγέθη 
ἀνάλογον
 []

File: Book05/fig19e.pdf Graphic file (type pdf)
<use Book05/fig19e.pdf>

Underfull \hbox (badness 10000) in paragraph at lines 1832--1836

 []


Overfull \vbox (84.72974pt too high) detected at line 1844
 []


Overfull \vbox (85.73349pt too high) detected at line 1844
 []



[171]
Underfull \hbox (badness 10000) in paragraph at lines 1865--1866

 []


Underfull \hbox (badness 10000) in paragraph at lines 1865--1866

 []


Underfull \hbox (badness 10000) in paragraph at lines 1865--1866

 []

File: Book05/fig20g.pdf Graphic file (type pdf)
<use Book05/fig20g.pdf>
File: Book05/fig20e.pdf Graphic file (type pdf)
<use Book05/fig20e.pdf>

Overfull \vbox (87.74098pt too high) detected at line 1939
 []


Overfull \vbox (88.74472pt too high) detected at line 1939
 []



[172]
Overfull \hbox (15.32825pt too wide) in paragraph at lines 1956--1957
\TU/TimesNewRoman(1)/m/n/10 σύνδυο λαμβανόμενα καὶ ἐν τῶ| αὐτῶ| λόγῳ, >ῆ| δὲ τε
ταραγμένη
 []


Underfull \hbox (badness 10000) in paragraph at lines 1956--1957

 []


Underfull \hbox (badness 10000) in paragraph at lines 1956--1957

 []


Underfull \hbox (badness 10000) in paragraph at lines 1956--1957

 []

File: Book05/fig21g.pdf Graphic file (type pdf)
<use Book05/fig21g.pdf>
File: Book05/fig21e.pdf Graphic file (type pdf)
<use Book05/fig21e.pdf>

Overfull \vbox (88.74472pt too high) detected at line 2024
 []


Overfull \vbox (87.74098pt too high) detected at line 2024
 []



[173]
Underfull \hbox (badness 10000) in paragraph at lines 2040--2041

 []

File: Book05/fig22g.pdf Graphic file (type pdf)
<use Book05/fig22g.pdf>
File: Book05/fig22e.pdf Graphic file (type pdf)
<use Book05/fig22e.pdf>

Overfull \vbox (125.88338pt too high) detected at line 2119
 []


Overfull \vbox (123.8759pt too high) detected at line 2119
 []



[174]
Overfull \hbox (0.78072pt too wide) in paragraph at lines 2137--2138
\TU/TimesNewRoman(1)/m/n/10 σύνδυο λαμβανόμενα ἐν τῶ| αὐτῶ| λόγῳ, >ῆ| δὲ τεταρα
γμένη
 []


Underfull \hbox (badness 10000) in paragraph at lines 2137--2138

 []

File: Book05/fig23g.pdf Graphic file (type pdf)
<use Book05/fig23g.pdf>
File: Book05/fig23e.pdf Graphic file (type pdf)
<use Book05/fig23e.pdf>

Overfull \vbox (125.88338pt too high) detected at line 2228
 []


Overfull \vbox (123.8759pt too high) detected at line 2228
 []



[175]
Underfull \hbox (badness 10000) in paragraph at lines 2253--2254

 []


Underfull \hbox (badness 10000) in paragraph at lines 2253--2254

 []

File: Book05/fig24g.pdf Graphic file (type pdf)
<use Book05/fig24g.pdf>
File: Book05/fig24e.pdf Graphic file (type pdf)
<use Book05/fig24e.pdf>

Overfull \vbox (161.01456pt too high) detected at line 2311
 []


Overfull \vbox (160.0108pt too high) detected at line 2311
 []


Underfull \hbox (badness 10000) in paragraph at lines 2326--2327

 []

File: Book05/fig25g.pdf Graphic file (type pdf)
<use Book05/fig25g.pdf>
File: Book05/fig25e.pdf Graphic file (type pdf)
<use Book05/fig25e.pdf>

Overfull \vbox (161.01456pt too high) detected at line 2386
 []


Overfull \vbox (160.0108pt too high) detected at line 2386
 []



[176]

[177])

[178]
\openout2 = `Book06/Book6.aux'.

 (./Book06/Book6.tex

[179



]
File: Book06/fig01g.pdf Graphic file (type pdf)
<use Book06/fig01g.pdf>

Overfull \hbox (15.12833pt too wide) in paragraph at lines 80--81
\TU/TimesNewRoman(1)/m/n/10 [ὁσαιδηποτοῦν] αἱ ΒΗ, ΗΘ, τῆ| δὲ ΓΔ βάσει >ίσαι ὁσα
ιδηποτοῦν
 []


Overfull \hbox (10.44814pt too wide) in paragraph at lines 99--100
\TU/TimesNewRoman(1)/m/n/10 τοσαυταπλάσιόν ἐστι καὶ τὸ ΑΛΓ τρίγωνον τοῦ ΑΓΔ τρι
γώνου;
 []

File: Book06/fig01e.pdf Graphic file (type pdf)
<use Book06/fig01e.pdf>

Overfull \vbox (242.3181pt too high) detected at line 165
 []


Overfull \vbox (241.31435pt too high) detected at line 165
 []



[180]
File: Book06/fig02g.pdf Graphic file (type pdf)
<use Book06/fig02g.pdf>
File: Book06/fig02e.pdf Graphic file (type pdf)
<use Book06/fig02e.pdf>

Overfull \vbox (240.31061pt too high) detected at line 275
 []


Overfull \vbox (240.31061pt too high) detected at line 275
 []



[181]
Underfull \hbox (badness 10000) in paragraph at lines 315--316

 []


Underfull \hbox (badness 10000) in paragraph at lines 315--316

 []

File: Book06/fig03g.pdf Graphic file (type pdf)
<use Book06/fig03g.pdf>
File: Book06/fig03e.pdf Graphic file (type pdf)
<use Book06/fig03e.pdf>

Overfull \vbox (210.19818pt too high) detected at line 399
 []


Overfull \vbox (210.19818pt too high) detected at line 399
 []



[182]
File: Book06/fig04g.pdf Graphic file (type pdf)
<use Book06/fig04g.pdf>
File: Book06/fig04e.pdf Graphic file (type pdf)
<use Book06/fig04e.pdf>

Overfull \vbox (295.51672pt too high) detected at line 496
 []


Overfull \vbox (296.52048pt too high) detected at line 496
 []



[183]

[184]
File: Book06/fig05g.pdf Graphic file (type pdf)
<use Book06/fig05g.pdf>

Overfull \hbox (7.25708pt too wide) in paragraph at lines 557--557
[]\TU/TimesNewRoman(1)/m/n/10 Ἐὰν >άρα δύο τρίγωνα τὰξ πλευρὰξ ἀνάλογον >έθῃ, ἰ
σογώνια
 []

File: Book06/fig05e.pdf Graphic file (type pdf)
<use Book06/fig05e.pdf>

Overfull \vbox (299.53172pt too high) detected at line 603
 []


Overfull \vbox (298.52797pt too high) detected at line 603
 []



[185]
File: Book06/fig06g.pdf Graphic file (type pdf)
<use Book06/fig06g.pdf>
File: Book06/fig06e.pdf Graphic file (type pdf)
<use Book06/fig06e.pdf>

Overfull \vbox (283.47177pt too high) detected at line 694
 []


Overfull \vbox (282.46802pt too high) detected at line 694
 []



[186]
Underfull \hbox (badness 10000) in paragraph at lines 719--720

 []

File: Book06/fig07g.pdf Graphic file (type pdf)
<use Book06/fig07g.pdf>
File: Book06/fig07e.pdf Graphic file (type pdf)
<use Book06/fig07e.pdf>

Overfull \vbox (336.67036pt too high) detected at line 828
 []


Overfull \vbox (337.67412pt too high) detected at line 828
 []



[187]

[188]
Underfull \hbox (badness 10000) in paragraph at lines 847--848

 []

File: Book06/fig08g.pdf Graphic file (type pdf)
<use Book06/fig08g.pdf>

Underfull \hbox (badness 10000) in paragraph at lines 886--887

 []


Underfull \hbox (badness 10000) in paragraph at lines 886--887

 []


Underfull \hbox (badness 10000) in paragraph at lines 886--887

 []


Underfull \hbox (badness 10000) in paragraph at lines 886--887

 []

File: Book06/fig08e.pdf Graphic file (type pdf)
<use Book06/fig08e.pdf>

Underfull \hbox (badness 10000) in paragraph at lines 944--948

 []


Overfull \vbox (206.18318pt too high) detected at line 957
 []


Overfull \vbox (204.17569pt too high) detected at line 957
 []



[189]

[190]
Overfull \hbox (2.39233pt too wide) in paragraph at lines 973--974
[]\TU/TimesNewRoman(1)/m/n/10 >'Εστω ἡ δοθεῖσα εὐθεῖα ἡ ΑΒ; δεῖ δὴ τῆξ ΑΒ τὸ πρ
οσταθθὲν
 []

File: Book06/fig09g.pdf Graphic file (type pdf)
<use Book06/fig09g.pdf>
File: Book06/fig09e.pdf Graphic file (type pdf)
<use Book06/fig09e.pdf>

Overfull \vbox (221.23941pt too high) detected at line 1019
 []


Overfull \vbox (221.23941pt too high) detected at line 1019
 []


Overfull \hbox (2.22688pt too wide) in paragraph at lines 1038--1039
[]\TU/TimesNewRoman(1)/m/n/10 >'Εστω ἡ μὲν δοθεῖσα εὐθεῖα <άτμητοξ ἡ ΑΒ, ἡ δὲ τ
ετμημένη
 []


Underfull \hbox (badness 10000) in paragraph at lines 1038--1039

 []

File: Book06/fig10g.pdf Graphic file (type pdf)
<use Book06/fig10g.pdf>
File: Book06/fig10e.pdf Graphic file (type pdf)
<use Book06/fig10e.pdf>

Overfull \vbox (313.58417pt too high) detected at line 1091
 []


Overfull \vbox (312.58043pt too high) detected at line 1091
 []



[191]
Overfull \hbox (9.61563pt too wide) in paragraph at lines 1110--1111
[]\TU/TimesNewRoman(1)/m/n/10 >'Εστωσαν αἱ δοθεῖσαι [δύο εὐθεῖαι] αἱ ΒΑ, ΑΓ καὶ
 κείσθωσαν
 []


Underfull \hbox (badness 10000) in paragraph at lines 1110--1111

 []


Underfull \hbox (badness 10000) in paragraph at lines 1110--1111

 []


Underfull \hbox (badness 10000) in paragraph at lines 1110--1111

 []

File: Book06/fig11g.pdf Graphic file (type pdf)
<use Book06/fig11g.pdf>
File: Book06/fig11e.pdf Graphic file (type pdf)
<use Book06/fig11e.pdf>

Overfull \vbox (323.62166pt too high) detected at line 1148
 []


Overfull \vbox (322.6179pt too high) detected at line 1148
 []



[192]
Underfull \hbox (badness 10000) in paragraph at lines 1160--1161

 []

File: Book06/fig12g.pdf Graphic file (type pdf)
<use Book06/fig12g.pdf>

Overfull \hbox (4.26895pt too wide) in paragraph at lines 1179--1179
[]\TU/TimesNewRoman(1)/m/n/10 Τριῶν >άρα δοθεισῶν εὐθειῶν τῶν Α, Β, Γ τετάρτη ἀ
νάλογον
 []

File: Book06/fig12e.pdf Graphic file (type pdf)
<use Book06/fig12e.pdf>

Overfull \vbox (301.53922pt too high) detected at line 1207
 []


Overfull \vbox (300.53548pt too high) detected at line 1207
 []



[193]
Underfull \hbox (badness 10000) in paragraph at lines 1219--1220

 []

File: Book06/fig13g.pdf Graphic file (type pdf)
<use Book06/fig13g.pdf>

Overfull \hbox (7.60782pt too wide) in paragraph at lines 1229--1230
[]\TU/TimesNewRoman(1)/m/n/10 Κείσθωσαν ἐπ> εὐθείαξ, καὶ γεγράφθω ἐπὶ τῆξ ΑΓ ἡμ
ικύκλιον
 []

File: Book06/fig13e.pdf Graphic file (type pdf)
<use Book06/fig13e.pdf>

Overfull \vbox (161.01456pt too high) detected at line 1266
 []


Overfull \vbox (160.0108pt too high) detected at line 1266
 []



[194]
Overfull \hbox (28.92308pt too wide) in paragraph at lines 1283--1284
[]\TU/TimesNewRoman(1)/m/n/10 Τῶν >ίσων τε καὶ >ίσογωνίων παραλληλογράμμων ἀντι
πεπόνθασιν
 []


Underfull \hbox (badness 10000) in paragraph at lines 1290--1291

 []

File: Book06/fig14g.pdf Graphic file (type pdf)
<use Book06/fig14g.pdf>

Overfull \hbox (22.07736pt too wide) in paragraph at lines 1302--1303
\TU/TimesNewRoman(1)/m/n/10 >ίσον ἐστὶ τὸ ΑΒ παραλληλόγραμμον τῶ| ΒΓ παραλληλογ
ράμμῳ,
 []

File: Book06/fig14e.pdf Graphic file (type pdf)
<use Book06/fig14e.pdf>

Overfull \vbox (295.51672pt too high) detected at line 1360
 []


Overfull \vbox (295.51672pt too high) detected at line 1360
 []



[195]
Overfull \hbox (10.99014pt too wide) in paragraph at lines 1375--1376
\TU/TimesNewRoman(1)/m/n/10 <ῶν μίαν μιᾶ| >ίσην ἐθόντων γωνίαν τριγώνων ἀντιπεπ
όνθασιν
 []


Underfull \hbox (badness 10000) in paragraph at lines 1381--1382

 []

File: Book06/fig15g.pdf Graphic file (type pdf)
<use Book06/fig15g.pdf>
File: Book06/fig15e.pdf Graphic file (type pdf)
<use Book06/fig15e.pdf>

Overfull \vbox (296.52048pt too high) detected at line 1470
 []


Overfull \vbox (295.51672pt too high) detected at line 1470
 []



[196]
Overfull \hbox (19.5736pt too wide) in paragraph at lines 1486--1487
\TU/TimesNewRoman(1)/m/n/10 περιεθομένῳ ὀρθογωνίῳ; κ>ὰν τὸ ὑπὸ τῶν >άκρων περιε
χόμενον
 []


Underfull \hbox (badness 10000) in paragraph at lines 1486--1487

 []

File: Book06/fig16g.pdf Graphic file (type pdf)
<use Book06/fig16g.pdf>
File: Book06/fig16e.pdf Graphic file (type pdf)
<use Book06/fig16e.pdf>

Overfull \vbox (197.14946pt too high) detected at line 1588
 []


Overfull \vbox (196.14572pt too high) detected at line 1588
 []



[197]
Overfull \hbox (15.50133pt too wide) in paragraph at lines 1604--1605
\TU/TimesNewRoman(1)/m/n/10 τετραγώνῳ; κ>ὰν τὸ ὑπὸ τῶν >άκρων περιεχόμενον ὀρθο
γώνιον
 []

File: Book06/fig17g.pdf Graphic file (type pdf)
<use Book06/fig17g.pdf>
File: Book06/fig17e.pdf Graphic file (type pdf)
<use Book06/fig17e.pdf>

Overfull \vbox (88.74472pt too high) detected at line 1693
 []


Overfull \vbox (87.74098pt too high) detected at line 1693
 []



[198]
Underfull \hbox (badness 10000) in paragraph at lines 1710--1711

 []

File: Book06/fig18g.pdf Graphic file (type pdf)
<use Book06/fig18g.pdf>

Overfull \hbox (18.20938pt too wide) in paragraph at lines 1746--1746
[]\TU/TimesNewRoman(1)/m/n/10 Ἀπὸ τῆξ δοθείσηξ >άρα εὐθείαξ τῆξ ΑΒ τῶ| δοθέντι 
εὐθυγράμμῳ
 []

File: Book06/fig18e.pdf Graphic file (type pdf)
<use Book06/fig18e.pdf>

Overfull \vbox (183.097pt too high) detected at line 1785
 []


Overfull \vbox (183.097pt too high) detected at line 1785
 []



[199]
File: Book06/fig19g.pdf Graphic file (type pdf)
<use Book06/fig19g.pdf>

Underfull \hbox (badness 10000) in paragraph at lines 1835--1836

 []


Underfull \hbox (badness 10000) in paragraph at lines 1835--1836

 []

File: Book06/fig19e.pdf Graphic file (type pdf)
<use Book06/fig19e.pdf>

Underfull \hbox (badness 10000) in paragraph at lines 1884--1887

 []


Overfull \vbox (197.14946pt too high) detected at line 1896
 []


Overfull \vbox (196.14572pt too high) detected at line 1896
 []



[200]
Underfull \hbox (badness 10000) in paragraph at lines 1919--1920

 []

File: Book06/fig20g.pdf Graphic file (type pdf)
<use Book06/fig20g.pdf>

Overfull \hbox (4.05818pt too wide) in paragraph at lines 1996--1997
[]\TU/TimesNewRoman(1)/m/n/10 Τὰ >άρα <όμοια πολύγωνα ε>ίξ τε <όμοια τρίγωνα δι
αιρεῖται
 []


Underfull \hbox (badness 10000) in paragraph at lines 1996--1997

 []


Underfull \hbox (badness 10000) in paragraph at lines 1996--1997

 []


Underfull \hbox (badness 10000) in paragraph at lines 1996--1997

 []


Underfull \hbox (badness 10000) in paragraph at lines 1996--1997

 []


Underfull \hbox (badness 10000) in paragraph at lines 1996--1997

 []

File: Book06/fig20e.pdf Graphic file (type pdf)
<use Book06/fig20e.pdf>

Overfull \hbox (5.3172pt too wide) in paragraph at lines 2029--2048
[]\TU/TimesNewRoman(0)/m/n/10 And since polygon $\OML/cmm/m/it/10 ABCDE$ \TU/Ti
mesNewRoman(0)/m/n/10 is similar to polygon $\OML/cmm/m/it/10 FGHKL$\TU/TimesNe
wRoman(0)/m/n/10 ,
 []


Underfull \hbox (badness 10000) in paragraph at lines 2098--2104

 []


Underfull \hbox (badness 10000) in paragraph at lines 2109--2113

 []


Overfull \vbox (242.3181pt too high) detected at line 2114
 []


Overfull \vbox (241.31435pt too high) detected at line 2114
 []



[201]

[202]
Underfull \hbox (badness 10000) in paragraph at lines 2126--2127

 []

File: Book06/fig21g.pdf Graphic file (type pdf)
<use Book06/fig21g.pdf>

Overfull \hbox (0.71344pt too wide) in paragraph at lines 2132--2133
[]\TU/TimesNewRoman(1)/m/n/10 >'Εστω γὰρ ἑκάτερον τῶν Α, Β εὐθυγράμμων τῶ| Γ <ό
μοιον;
 []

File: Book06/fig21e.pdf Graphic file (type pdf)
<use Book06/fig21e.pdf>

Overfull \vbox (293.50922pt too high) detected at line 2165
 []


Overfull \vbox (293.50922pt too high) detected at line 2165
 []



[203]
Overfull \hbox (3.34203pt too wide) in paragraph at lines 2181--2182
\TU/TimesNewRoman(1)/m/n/10 εὐθύγραμμα <όμοιά τε καὶ ὁμοίωξ ἀναγεγραμμένα ἀνάλο
γον
 []

File: Book06/fig22g.pdf Graphic file (type pdf)
<use Book06/fig22g.pdf>
File: Book06/fig22e.pdf Graphic file (type pdf)
<use Book06/fig22e.pdf>

Overfull \vbox (367.78656pt too high) detected at line 2279
 []


Overfull \vbox (371.80154pt too high) detected at line 2279
 []



[204]
File: Book06/fig23g.pdf Graphic file (type pdf)
<use Book06/fig23g.pdf>
File: Book06/fig23e.pdf Graphic file (type pdf)
<use Book06/fig23e.pdf>

Overfull \vbox (278.453pt too high) detected at line 2374
 []


Overfull \vbox (277.44925pt too high) detected at line 2374
 []



[205]
Overfull \hbox (40.64183pt too wide) in paragraph at lines 2388--2389
[]\TU/TimesNewRoman(1)/m/n/10 Παντὸξ παραλληλογράμμου τὰ περὶ τὴν διάμετρον παρ
αλληλόγραμμα
 []

File: Book06/fig24g.pdf Graphic file (type pdf)
<use Book06/fig24g.pdf>

Overfull \hbox (1.13527pt too wide) in paragraph at lines 2432--2433
\TU/TimesNewRoman(1)/m/n/10 ἀλλήλοιξ ἐστὶν <όμοια; καὶ τὸ ΕΗ >άρα παραλληλόγραμ
μον
 []

File: Book06/fig24e.pdf Graphic file (type pdf)
<use Book06/fig24e.pdf>

Overfull \vbox (260.38554pt too high) detected at line 2480
 []


Overfull \vbox (259.38182pt too high) detected at line 2480
 []



[206]

[207]
Underfull \hbox (badness 10000) in paragraph at lines 2493--2494

 []

File: Book06/fig25g.pdf Graphic file (type pdf)
<use Book06/fig25g.pdf>

Overfull \hbox (16.95923pt too wide) in paragraph at lines 2501--2502
[]\TU/TimesNewRoman(1)/m/n/10 >'Εστω τὸ μὲν δοθὲν εὐθύγραμμον, <ῶ| δεῖ <όμοιον 
συστήσασθ-
 []

File: Book06/fig25e.pdf Graphic file (type pdf)
<use Book06/fig25e.pdf>

Overfull \vbox (246.3331pt too high) detected at line 2571
 []


Overfull \vbox (246.3331pt too high) detected at line 2571
 []



[208]
Overfull \hbox (3.12392pt too wide) in paragraph at lines 2585--2586
[]\TU/TimesNewRoman(1)/m/n/10 Ἐὰν ἀπὸ παραλληλογράμμου παραλληλόγραμμον ἀφαιρεθ
ῆ|
 []


Underfull \hbox (badness 10000) in paragraph at lines 2590--2591

 []

File: Book06/fig26g.pdf Graphic file (type pdf)
<use Book06/fig26g.pdf>
File: Book06/fig26e.pdf Graphic file (type pdf)
<use Book06/fig26e.pdf>

Overfull \vbox (242.3181pt too high) detected at line 2651
 []


Overfull \vbox (241.31435pt too high) detected at line 2651
 []


Overfull \hbox (12.92372pt too wide) in paragraph at lines 2666--2667
\TU/TimesNewRoman(1)/m/n/10 παραλληλογράμμων καὶ ἐλλειπόντων ε>ίδεσι παραλληλογ
ράμ-
 []


Overfull \hbox (30.21866pt too wide) in paragraph at lines 2666--2667
\TU/TimesNewRoman(1)/m/n/10 ἀναγραφομένῳ μέγιστόν ἐστι τὸ ἀπὸ τῆξ ἡμισείαξ παρα
βαλλόμενον
 []


Overfull \hbox (18.00021pt too wide) in paragraph at lines 2677--2678
\TU/TimesNewRoman(1)/m/n/10 παραβεβλήσθω παρὰ τὴν ΑΒ εὐθεῖαν τὸ ΑΔ παραλληλόγρα
μμον
 []


Overfull \hbox (18.79042pt too wide) in paragraph at lines 2677--2678
\TU/TimesNewRoman(1)/m/n/10 πάντων τῶν παρὰ τὴν ΑΒ παραβαλλομένων παραλληλογράμ
μων
 []


Overfull \hbox (33.99306pt too wide) in paragraph at lines 2677--2678
\TU/TimesNewRoman(1)/m/n/10 παραβεβλήσθω γὰρ παρὰ τὴν ΑΒ εὐθεῖαν τὸ ΑΖ παραλληλ
όγραμμον
 []

File: Book06/fig27g.pdf Graphic file (type pdf)
<use Book06/fig27g.pdf>

Overfull \hbox (2.01866pt too wide) in paragraph at lines 2697--2697
[]\TU/TimesNewRoman(1)/m/n/10 Πάντων >άρα τῶν παρὰ τὴν αὐτὴν εὐθεῖαν παραβαλλομ
ένων
 []


Overfull \hbox (27.10341pt too wide) in paragraph at lines 2697--2697
\TU/TimesNewRoman(1)/m/n/10 παραλληλογράμμων καὶ ἐλλειπόντων ε>ίδεσι παραλληλογ
ράμμοιξ
 []


Overfull \hbox (12.95792pt too wide) in paragraph at lines 2697--2697
\TU/TimesNewRoman(1)/m/n/10 ἀναγραφομένῳ μέγιστόν ἐστι τὸ ἀπὸ τῆξ ἡμισείαξ παρα
βληθέν;
 []

File: Book06/fig27e.pdf Graphic file (type pdf)
<use Book06/fig27e.pdf>

Overfull \vbox (242.3181pt too high) detected at line 2744
 []


Overfull \vbox (241.31435pt too high) detected at line 2744
 []



[209]
Overfull \hbox (33.66591pt too wide) in paragraph at lines 2762--2763
\TU/TimesNewRoman(1)/m/n/10 παραλληλόγραμμον παραβαλεῖν ἐλλεῖπον ε>ίδει παραλλη
λογράμμῳ
 []


Underfull \hbox (badness 10000) in paragraph at lines 2775--2776

 []


Underfull \hbox (badness 10000) in paragraph at lines 2775--2776

 []


Underfull \hbox (badness 10000) in paragraph at lines 2775--2776

 []

File: Book06/fig28g.pdf Graphic file (type pdf)
<use Book06/fig28g.pdf>

Overfull \hbox (19.24696pt too wide) in paragraph at lines 2802--2803
\TU/TimesNewRoman(1)/m/n/10 τὴν ΑΒ τῶ| δοθέντι εὐθυγράμμῳ τῶ| Γ >ίσον παραλληλό
γραμμον
 []

File: Book06/fig28e.pdf Graphic file (type pdf)
<use Book06/fig28e.pdf>

Overfull \vbox (313.58417pt too high) detected at line 2880
 []


Overfull \vbox (295.51672pt too high) detected at line 2880
 []



[210]

[211]

[212]
Overfull \hbox (47.04482pt too wide) in paragraph at lines 2902--2903
\TU/TimesNewRoman(1)/m/n/10 παραλληλόγραμμον παραβαλεῖν ὑπερβάλλον ε>ίδει παραλ
ληλογράμμῳ
 []


Underfull \hbox (badness 10000) in paragraph at lines 2902--2903

 []

File: Book06/fig29g.pdf Graphic file (type pdf)
<use Book06/fig29g.pdf>
File: Book06/fig29e.pdf Graphic file (type pdf)
<use Book06/fig29e.pdf>

Overfull \vbox (328.64038pt too high) detected at line 2990
 []


Overfull \vbox (330.64789pt too high) detected at line 2990
 []



[213]
File: Book06/fig30g.pdf Graphic file (type pdf)
<use Book06/fig30g.pdf>

Overfull \hbox (21.39622pt too wide) in paragraph at lines 3017--3018
[]\TU/TimesNewRoman(1)/m/n/10 Ἀναγεγράφθω ἀπὸ τῆξ ΑΒ τετράγωνον τὸ ΒΓ, καὶ παρα
βεβλήσθω
 []

File: Book06/fig30e.pdf Graphic file (type pdf)
<use Book06/fig30e.pdf>

Overfull \vbox (264.40054pt too high) detected at line 3061
 []


Overfull \vbox (265.4043pt too high) detected at line 3061
 []



[214]
File: Book06/fig31g.pdf Graphic file (type pdf)
<use Book06/fig31g.pdf>
File: Book06/fig31e.pdf Graphic file (type pdf)
<use Book06/fig31e.pdf>

Underfull \hbox (badness 10000) in paragraph at lines 3149--3152

 []


Underfull \hbox (badness 10000) in paragraph at lines 3149--3152

 []


Overfull \vbox (242.3181pt too high) detected at line 3153
 []


Overfull \vbox (242.3181pt too high) detected at line 3153
 []



[215]
File: Book06/fig32g.pdf Graphic file (type pdf)
<use Book06/fig32g.pdf>
File: Book06/fig32e.pdf Graphic file (type pdf)
<use Book06/fig32e.pdf>

Overfull \vbox (224.25066pt too high) detected at line 3241
 []


Overfull \vbox (223.2469pt too high) detected at line 3241
 []



[216]

[217]
File: Book06/fig33g.pdf Graphic file (type pdf)
<use Book06/fig33g.pdf>

Overfull \hbox (27.16771pt too wide) in paragraph at lines 3294--3295
\TU/TimesNewRoman(1)/m/n/10 ὁσαπλασίων >άρα ἐστὶν ἡ ΒΛ περιφέρεια τῆξ ΒΓ, τοσαυ
ταπλασίων
 []


Overfull \hbox (4.76862pt too wide) in paragraph at lines 3294--3295
\TU/TimesNewRoman(1)/m/n/10 ὁσαπλασίων ἐστὶν ἡ ΝΕ περιφέρεια τῆξ ΕΖ, τοσαυταπλα
σίων
 []


Underfull \hbox (badness 10000) in paragraph at lines 3310--3314

 []

File: Book06/fig33e.pdf Graphic file (type pdf)
<use Book06/fig33e.pdf>

Overfull \vbox (253.35931pt too high) detected at line 3348
 []


Overfull \vbox (253.35931pt too high) detected at line 3348
 []



[218])

[219]
\openout2 = `Book07/Book7.aux'.

 (./Book07/Book7.tex

[220



]
Overfull \hbox (2.30591pt too wide) in paragraph at lines 41--42
[]\TU/TimesNewRoman(1)/m/n/10 5\TU/TimesNewRoman(0)/m/n/10 . \TU/TimesNewRoman(
1)/m/n/10 Πολλαπλάσιοξ δὲ ὁ μείζων τοῦ ἐλάσσονοξ, <όταν καταμε-
 []


Overfull \hbox (1.97876pt too wide) in paragraph at lines 188--189
\TU/TimesNewRoman(1)/m/n/10 μονάξ, οἱ ἐχ ἀρθῆξ ἀριθμοὶ πρῶτοι πρὸξ ἀλλὴλουξ >έσ
ονται. 
 []


Underfull \hbox (badness 10000) in paragraph at lines 188--189

 []

File: Book07/fig01g.pdf Graphic file (type pdf)
<use Book07/fig01g.pdf>

Overfull \hbox (1.45776pt too wide) in paragraph at lines 196--197
\TU/TimesNewRoman(1)/m/n/10 λέγω, <ότι οἱ ΑΒ, ΓΔ πρῶτοι πρὸξ ἀλλήλουξ εἰσίν, το
υτέστιν
 []

File: Book07/fig01e.pdf Graphic file (type pdf)
<use Book07/fig01e.pdf>

Overfull \vbox (215.21692pt too high) detected at line 246
 []


Overfull \vbox (214.21317pt too high) detected at line 246
 []



[221]
File: Book07/fig02g.pdf Graphic file (type pdf)
<use Book07/fig02g.pdf>

Overfull \hbox (7.2449pt too wide) in paragraph at lines 273--274
[]\TU/TimesNewRoman(1)/m/n/10 >'Εστωσαν οἱ δοθέντεξ δύο ἀριθμοὶ μὴ πρῶτοι πρὸξ 
ἀλλήλουξ
 []


Underfull \hbox (badness 10000) in paragraph at lines 306--307

 []


Underfull \hbox (badness 10000) in paragraph at lines 306--307

 []


Underfull \hbox (badness 10000) in paragraph at lines 306--307

 []


Underfull \hbox (badness 10000) in paragraph at lines 306--307

 []


Underfull \hbox (badness 10000) in paragraph at lines 306--307

 []


Underfull \hbox (badness 10000) in paragraph at lines 306--307

 []

File: Book07/fig02e.pdf Graphic file (type pdf)
<use Book07/fig02e.pdf>

Underfull \hbox (badness 10000) in paragraph at lines 335--361

 []


Overfull \vbox (179.082pt too high) detected at line 369
 []


Overfull \vbox (178.07826pt too high) detected at line 369
 []



[222]
File: Book07/fig03g.pdf Graphic file (type pdf)
<use Book07/fig03g.pdf>
File: Book07/fig03e.pdf Graphic file (type pdf)
<use Book07/fig03e.pdf>

Overfull \vbox (226.25813pt too high) detected at line 477
 []


Overfull \vbox (226.25813pt too high) detected at line 477
 []



[223]

[224]
File: Book07/fig04g.pdf Graphic file (type pdf)
<use Book07/fig04g.pdf>

Underfull \hbox (badness 10000) in paragraph at lines 526--529

 []

File: Book07/fig04e.pdf Graphic file (type pdf)
<use Book07/fig04e.pdf>

Overfull \vbox (226.25813pt too high) detected at line 543
 []


Overfull \vbox (221.23941pt too high) detected at line 543
 []


Underfull \hbox (badness 10000) in paragraph at lines 556--557

 []

File: Book07/fig05g.pdf Graphic file (type pdf)
<use Book07/fig05g.pdf>
File: Book07/fig05e.pdf Graphic file (type pdf)
<use Book07/fig05e.pdf>

Overfull \vbox (215.21692pt too high) detected at line 608
 []


Overfull \vbox (210.19818pt too high) detected at line 608
 []



[225]
Underfull \hbox (badness 10000) in paragraph at lines 625--626

 []

File: Book07/fig06g.pdf Graphic file (type pdf)
<use Book07/fig06g.pdf>
File: Book07/fig06e.pdf Graphic file (type pdf)
<use Book07/fig06e.pdf>

Overfull \vbox (226.25813pt too high) detected at line 678
 []


Overfull \vbox (221.23941pt too high) detected at line 678
 []



[226]
Overfull \hbox (23.92049pt too wide) in paragraph at lines 695--696
[]\TU/TimesNewRoman(1)/m/n/10 Ἐὰν ἀριθμὸξ ἀριθμοῦ μέροξ >ῆ|, <όπερ ἀφαιρεθεὶξ ἀ
φαιρεθέντοξ,
 []

File: Book07/fig07g.pdf Graphic file (type pdf)
<use Book07/fig07g.pdf>
File: Book07/fig07e.pdf Graphic file (type pdf)
<use Book07/fig07e.pdf>

Overfull \vbox (85.73349pt too high) detected at line 751
 []


Overfull \vbox (84.72974pt too high) detected at line 751
 []



[227]
Overfull \hbox (19.93123pt too wide) in paragraph at lines 768--769
[]\TU/TimesNewRoman(1)/m/n/10 Ἐὰν ἀριθμὸξ ἀριθμοῦ μέρη >ῆ|, <άπερ ἀφαιρεθεὶξ ἀφ
αιρεθέντοξ,
 []


Underfull \hbox (badness 10000) in paragraph at lines 768--769

 []

File: Book07/fig08g.pdf Graphic file (type pdf)
<use Book07/fig08g.pdf>
File: Book07/fig08e.pdf Graphic file (type pdf)
<use Book07/fig08e.pdf>

Overfull \vbox (139.93585pt too high) detected at line 840
 []


Overfull \vbox (138.9321pt too high) detected at line 840
 []



[228]
File: Book07/fig09g.pdf Graphic file (type pdf)
<use Book07/fig09g.pdf>
File: Book07/fig09e.pdf Graphic file (type pdf)
<use Book07/fig09e.pdf>

Overfull \vbox (250.34808pt too high) detected at line 916
 []


Overfull \vbox (246.3331pt too high) detected at line 916
 []

File: Book07/fig10g.pdf Graphic file (type pdf)
<use Book07/fig10g.pdf>
File: Book07/fig10e.pdf Graphic file (type pdf)
<use Book07/fig10e.pdf>

Overfull \vbox (244.3256pt too high) detected at line 995
 []


Overfull \vbox (239.30685pt too high) detected at line 995
 []



[229]
Underfull \hbox (badness 10000) in paragraph at lines 1015--1016

 []


Underfull \hbox (badness 10000) in paragraph at lines 1015--1016

 []

File: Book07/fig11g.pdf Graphic file (type pdf)
<use Book07/fig11g.pdf>
File: Book07/fig11e.pdf Graphic file (type pdf)
<use Book07/fig11e.pdf>

Overfull \vbox (268.41553pt too high) detected at line 1049
 []


Overfull \vbox (268.41553pt too high) detected at line 1049
 []



[230]
Underfull \hbox (badness 10000) in paragraph at lines 1066--1067

 []

File: Book07/fig12g.pdf Graphic file (type pdf)
<use Book07/fig12g.pdf>
File: Book07/fig12e.pdf Graphic file (type pdf)
<use Book07/fig12e.pdf>

Overfull \vbox (244.3256pt too high) detected at line 1103
 []


Overfull \vbox (239.30685pt too high) detected at line 1103
 []



[231]
Overfull \hbox (11.99178pt too wide) in paragraph at lines 1118--1119
[]\TU/TimesNewRoman(1)/m/n/10 Ἐὰν τέσσαρεξ ἀριθμοὶ ἀνάλογον >ῶσιν, καὶ ἐναλλὰχ 
ἀνάλογον
 []

File: Book07/fig12g.pdf Graphic file (type pdf)
<use Book07/fig12g.pdf>
File: Book07/fig12e.pdf Graphic file (type pdf)
<use Book07/fig12e.pdf>

Overfull \vbox (244.3256pt too high) detected at line 1157
 []


Overfull \vbox (239.30685pt too high) detected at line 1157
 []



[232]
Underfull \hbox (badness 10000) in paragraph at lines 1174--1175

 []

File: Book07/fig14g.pdf Graphic file (type pdf)
<use Book07/fig14g.pdf>
File: Book07/fig14e.pdf Graphic file (type pdf)
<use Book07/fig14e.pdf>

Overfull \vbox (88.74472pt too high) detected at line 1221
 []


Overfull \vbox (87.74098pt too high) detected at line 1221
 []


Underfull \hbox (badness 10000) in paragraph at lines 1237--1238

 []

File: Book07/fig15g.pdf Graphic file (type pdf)
<use Book07/fig15g.pdf>
File: Book07/fig15e.pdf Graphic file (type pdf)
<use Book07/fig15e.pdf>

Overfull \vbox (88.74472pt too high) detected at line 1298
 []


Overfull \vbox (87.74098pt too high) detected at line 1298
 []



[233]
Underfull \hbox (badness 10000) in paragraph at lines 1313--1314

 []

File: Book07/fig16g.pdf Graphic file (type pdf)
<use Book07/fig16g.pdf>

Overfull \hbox (8.76991pt too wide) in paragraph at lines 1320--1321
\TU/TimesNewRoman(1)/m/n/10 πολλαπλασιάσαξ τὸν Γ ποιείτω, ὁ δὲ Β τὸν Α πολλαπλα
σιάσαξ
 []

File: Book07/fig16e.pdf Graphic file (type pdf)
<use Book07/fig16e.pdf>

Overfull \vbox (161.01456pt too high) detected at line 1359
 []


Overfull \vbox (160.0108pt too high) detected at line 1359
 []



[234]
Overfull \hbox (43.708pt too wide) in paragraph at lines 1374--1375
\TU/TimesNewRoman(1)/m/n/10 γενόμενοι ἐχ αὐτῶν τὸν αὐτὸν <έχουσι λόγον τοῖξ πολ
λαπλασιασθεῖσιν. 
 []

File: Book07/fig17g.pdf Graphic file (type pdf)
<use Book07/fig17g.pdf>
File: Book07/fig17e.pdf Graphic file (type pdf)
<use Book07/fig17e.pdf>

Overfull \vbox (124.87964pt too high) detected at line 1417
 []


Overfull \vbox (123.8759pt too high) detected at line 1417
 []



[235]
File: Book07/fig18g.pdf Graphic file (type pdf)
<use Book07/fig18g.pdf>

Overfull \hbox (15.34398pt too wide) in paragraph at lines 1440--1441
[]\TU/TimesNewRoman(1)/m/n/10 Δύο γὰρ ἀριθμοὶ οἱ Α, Β ἀριθμόν τινα τὸν Γ πολλαπ
λασιάσαντεξ
 []

File: Book07/fig18e.pdf Graphic file (type pdf)
<use Book07/fig18e.pdf>

Overfull \vbox (161.01456pt too high) detected at line 1470
 []


Overfull \vbox (160.0108pt too high) detected at line 1470
 []

File: Book07/fig19g.pdf Graphic file (type pdf)
<use Book07/fig19g.pdf>
File: Book07/fig19e.pdf Graphic file (type pdf)
<use Book07/fig19e.pdf>

Overfull \vbox (278.453pt too high) detected at line 1564
 []


Overfull \vbox (279.45676pt too high) detected at line 1564
 []



[236]

[237]
Underfull \hbox (badness 10000) in paragraph at lines 1585--1586

 []

File: Book07/fig20g.pdf Graphic file (type pdf)
<use Book07/fig20g.pdf>
File: Book07/fig20e.pdf Graphic file (type pdf)
<use Book07/fig20e.pdf>

Overfull \vbox (225.2544pt too high) detected at line 1647
 []


Overfull \vbox (220.23566pt too high) detected at line 1647
 []


Underfull \hbox (badness 10000) in paragraph at lines 1668--1669

 []


Underfull \hbox (badness 10000) in paragraph at lines 1668--1669

 []

File: Book07/fig21g.pdf Graphic file (type pdf)
<use Book07/fig21g.pdf>
File: Book07/fig21e.pdf Graphic file (type pdf)
<use Book07/fig21e.pdf>

Overfull \vbox (202.1682pt too high) detected at line 1721
 []


Overfull \vbox (207.18695pt too high) detected at line 1721
 []



[238]
File: Book07/fig22g.pdf Graphic file (type pdf)
<use Book07/fig22g.pdf>
File: Book07/fig22e.pdf Graphic file (type pdf)
<use Book07/fig22e.pdf>

Overfull \vbox (161.01456pt too high) detected at line 1784
 []


Overfull \vbox (160.0108pt too high) detected at line 1784
 []



[239]
File: Book07/fig23g.pdf Graphic file (type pdf)
<use Book07/fig23g.pdf>
File: Book07/fig23e.pdf Graphic file (type pdf)
<use Book07/fig23e.pdf>

Overfull \vbox (221.23941pt too high) detected at line 1834
 []


Overfull \vbox (226.25813pt too high) detected at line 1834
 []



[240]
Underfull \hbox (badness 10000) in paragraph at lines 1847--1848

 []

File: Book07/fig24g.pdf Graphic file (type pdf)
<use Book07/fig24g.pdf>
File: Book07/fig24e.pdf Graphic file (type pdf)
<use Book07/fig24e.pdf>

Overfull \vbox (243.32184pt too high) detected at line 1918
 []


Overfull \vbox (238.30312pt too high) detected at line 1918
 []



[241]
Underfull \hbox (badness 10000) in paragraph at lines 1935--1936

 []

File: Book07/fig25g.pdf Graphic file (type pdf)
<use Book07/fig25g.pdf>
File: Book07/fig25e.pdf Graphic file (type pdf)
<use Book07/fig25e.pdf>

Overfull \vbox (207.18695pt too high) detected at line 1971
 []


Overfull \vbox (202.1682pt too high) detected at line 1971
 []

File: Book07/fig26g.pdf Graphic file (type pdf)
<use Book07/fig26g.pdf>
File: Book07/fig26e.pdf Graphic file (type pdf)
<use Book07/fig26e.pdf>

Overfull \vbox (123.8759pt too high) detected at line 2029
 []


Overfull \vbox (124.87964pt too high) detected at line 2029
 []



[242]
Overfull \hbox (35.21606pt too wide) in paragraph at lines 2045--2046
[]\TU/TimesNewRoman(1)/m/n/10 Ἐὰν δύο ἀριθμοὶ πρῶτοι πρὸξ ἀλλήλουξ >ῶσιν, καὶ π
ολλαπλασιάσαξ
 []


Overfull \hbox (1.04614pt too wide) in paragraph at lines 2045--2046
\TU/TimesNewRoman(1)/m/n/10 πρὸξ ἀλλήλουξ >έσονται, κ>ὰν οἱ ἐχ ἀρθῆξ τοὺξ γενομ
ένουξ
 []

File: Book07/fig27g.pdf Graphic file (type pdf)
<use Book07/fig27g.pdf>
File: Book07/fig27e.pdf Graphic file (type pdf)
<use Book07/fig27e.pdf>

Overfull \vbox (225.2544pt too high) detected at line 2102
 []


Overfull \vbox (220.23566pt too high) detected at line 2102
 []



[243]
Overfull \hbox (25.58716pt too wide) in paragraph at lines 2120--2121
[]\TU/TimesNewRoman(1)/m/n/10 Ἐὰν δύο ἀριθμοὶ πρῶτοι πρὸξ ἀλλήλουξ >ῶσιν, καὶ σ
υναμφότεροξ
 []


Overfull \hbox (2.12067pt too wide) in paragraph at lines 2120--2121
\TU/TimesNewRoman(1)/m/n/10 πρὸξ ἑκάτερον αὐτῶν πρῶτοξ >έσται; καὶ ἒαν συναμφότ
εροξ
 []

File: Book07/fig28g.pdf Graphic file (type pdf)
<use Book07/fig28g.pdf>
File: Book07/fig28e.pdf Graphic file (type pdf)
<use Book07/fig28e.pdf>

Overfull \vbox (70.67728pt too high) detected at line 2183
 []


Overfull \vbox (69.67352pt too high) detected at line 2183
 []



[244]
File: Book07/fig29g.pdf Graphic file (type pdf)
<use Book07/fig29g.pdf>
File: Book07/fig29e.pdf Graphic file (type pdf)
<use Book07/fig29e.pdf>

Overfull \vbox (88.74472pt too high) detected at line 2232
 []


Overfull \vbox (87.74098pt too high) detected at line 2232
 []


Underfull \hbox (badness 10000) in paragraph at lines 2246--2247

 []

File: Book07/fig30g.pdf Graphic file (type pdf)
<use Book07/fig30g.pdf>
File: Book07/fig30e.pdf Graphic file (type pdf)
<use Book07/fig30e.pdf>

Overfull \vbox (161.01456pt too high) detected at line 2301
 []


Overfull \vbox (160.0108pt too high) detected at line 2301
 []



[245]
File: Book07/fig31g.pdf Graphic file (type pdf)
<use Book07/fig31g.pdf>
File: Book07/fig31e.pdf Graphic file (type pdf)
<use Book07/fig31e.pdf>

Overfull \vbox (88.74472pt too high) detected at line 2368
 []


Overfull \vbox (87.74098pt too high) detected at line 2368
 []

File: Book07/fig32g.pdf Graphic file (type pdf)
<use Book07/fig32g.pdf>
File: Book07/fig32e.pdf Graphic file (type pdf)
<use Book07/fig32e.pdf>

Overfull \vbox (16.4749pt too high) detected at line 2417
 []


Overfull \vbox (15.47116pt too high) detected at line 2417
 []



[246]
Underfull \hbox (badness 10000) in paragraph at lines 2437--2438

 []

File: Book07/fig33g.pdf Graphic file (type pdf)
<use Book07/fig33g.pdf>
File: Book07/fig33e.pdf Graphic file (type pdf)
<use Book07/fig33e.pdf>

Underfull \hbox (badness 10000) in paragraph at lines 2485--2515

 []


Underfull \hbox (badness 10000) in paragraph at lines 2485--2515

 []


Overfull \vbox (243.32184pt too high) detected at line 2516
 []


Overfull \vbox (238.30312pt too high) detected at line 2516
 []



[247]
File: Book07/fig34g.pdf Graphic file (type pdf)
<use Book07/fig34g.pdf>

Underfull \hbox (badness 10000) in paragraph at lines 2555--2556

 []


Underfull \hbox (badness 10000) in paragraph at lines 2555--2556

 []


Underfull \hbox (badness 10000) in paragraph at lines 2555--2556

 []


Underfull \hbox (badness 10000) in paragraph at lines 2555--2556

 []


Underfull \hbox (badness 10000) in paragraph at lines 2555--2556

 []

File: Book07/fig34ag.pdf Graphic file (type pdf)
<use Book07/fig34ag.pdf>

Overfull \hbox (2.73643pt too wide) in paragraph at lines 2583--2583
\TU/TimesNewRoman(1)/m/n/10 εἰλήφθωσαν ἐλάθιστοι ἀριθμοὶ τῶν τὸν αὐτὸν λόγον ἐθ
όντων
 []

File: Book07/fig34e.pdf Graphic file (type pdf)
<use Book07/fig34e.pdf>
File: Book07/fig34ae.pdf Graphic file (type pdf)
<use Book07/fig34ae.pdf>

Overfull \vbox (124.87964pt too high) detected at line 2649
 []


Overfull \vbox (123.8759pt too high) detected at line 2649
 []


Overfull \vbox (161.01456pt too high) detected at line 2649
 []


Overfull \vbox (160.0108pt too high) detected at line 2649
 []



[248]
Underfull \hbox (badness 10000) in paragraph at lines 2662--2663

 []

File: Book07/fig35g.pdf Graphic file (type pdf)
<use Book07/fig35g.pdf>
File: Book07/fig35e.pdf Graphic file (type pdf)
<use Book07/fig35e.pdf>

Overfull \vbox (106.81218pt too high) detected at line 2700
 []


Overfull \vbox (105.80843pt too high) detected at line 2700
 []



[249]
File: Book07/fig36g.pdf Graphic file (type pdf)
<use Book07/fig36g.pdf>
File: Book07/fig36e.pdf Graphic file (type pdf)
<use Book07/fig36e.pdf>

Overfull \vbox (197.14946pt too high) detected at line 2798
 []


Overfull \vbox (196.14572pt too high) detected at line 2798
 []



[250]
Underfull \hbox (badness 10000) in paragraph at lines 2811--2812

 []

File: Book07/fig37g.pdf Graphic file (type pdf)
<use Book07/fig37g.pdf>
File: Book07/fig37e.pdf Graphic file (type pdf)
<use Book07/fig37e.pdf>

Overfull \vbox (124.87964pt too high) detected at line 2855
 []


Overfull \vbox (123.8759pt too high) detected at line 2855
 []

File: Book07/fig38g.pdf Graphic file (type pdf)
<use Book07/fig38g.pdf>
File: Book07/fig38e.pdf Graphic file (type pdf)
<use Book07/fig38e.pdf>

Underfull \hbox (badness 10000) in paragraph at lines 2899--2905

 []


Overfull \vbox (124.87964pt too high) detected at line 2906
 []


Overfull \vbox (123.8759pt too high) detected at line 2906
 []



[251]
Underfull \hbox (badness 10000) in paragraph at lines 2918--2919

 []

File: Book07/fig39g.pdf Graphic file (type pdf)
<use Book07/fig39g.pdf>

Underfull \hbox (badness 10000) in paragraph at lines 2946--2948

 []

File: Book07/fig39e.pdf Graphic file (type pdf)
<use Book07/fig39e.pdf>

Overfull \hbox (5.24013pt too wide) in paragraph at lines 2959--2965
[]\TU/TimesNewRoman(0)/m/n/10 Thus, $\OML/cmm/m/it/10 G$ \TU/TimesNewRoman(0)/m
/n/10 has parts called the same as $\OML/cmm/m/it/10 D$\TU/TimesNewRoman(0)/m/n
/10 , $\OML/cmm/m/it/10 E$\TU/TimesNewRoman(0)/m/n/10 , and $\OML/cmm/m/it/10 F
$ \TU/TimesNewRoman(0)/m/n/10 [Prop. 7.37].
 []


Overfull \vbox (248.34059pt too high) detected at line 2966
 []


Overfull \vbox (242.3181pt too high) detected at line 2966
 []



[252])
Underfull \hbox (badness 10000) in paragraph at lines 2970--121

 []



[253]
\openout2 = `Book08/Book8.aux'.

 (./Book08/Book8.tex

[254



]
Underfull \hbox (badness 10000) in paragraph at lines 33--34

 []

File: Book08/fig01g.pdf Graphic file (type pdf)
<use Book08/fig01g.pdf>
File: Book08/fig01e.pdf Graphic file (type pdf)
<use Book08/fig01e.pdf>

Overfull \vbox (124.87964pt too high) detected at line 93
 []


Overfull \vbox (123.8759pt too high) detected at line 93
 []


Overfull \hbox (10.88255pt too wide) in paragraph at lines 117--118
[]\TU/TimesNewRoman(1)/m/n/10 Ἐπιτετάθθωσαν δὴ τέσσαρεξ, καὶ ὁ Α ἑαυτὸν πολλαπλ
ασιάσαξ
 []

File: Book08/fig02g.pdf Graphic file (type pdf)
<use Book08/fig02g.pdf>

Underfull \hbox (badness 10000) in paragraph at lines 152--153

 []


Overfull \hbox (5.00285pt too wide) in paragraph at lines 161--161
[]\TU/TimesNewRoman(1)/m/n/10 Ἐκ δὴ τούτου φανερόν, <ότι ἒαν τρεῖξ ἀριθμοὶ ἑχῆξ
 ἀνάλογον
 []

File: Book08/fig02e.pdf Graphic file (type pdf)
<use Book08/fig02e.pdf>

Underfull \hbox (badness 10000) in paragraph at lines 182--208

 []


Underfull \hbox (badness 10000) in paragraph at lines 182--208

 []


Overfull \vbox (233.28438pt too high) detected at line 216
 []


Overfull \vbox (232.28064pt too high) detected at line 216
 []



[255]

[256]
Underfull \hbox (badness 10000) in paragraph at lines 230--231

 []

File: Book08/fig03g.pdf Graphic file (type pdf)
<use Book08/fig03g.pdf>
File: Book08/fig03e.pdf Graphic file (type pdf)
<use Book08/fig03e.pdf>

Overfull \vbox (287.48674pt too high) detected at line 298
 []


Overfull \vbox (287.48674pt too high) detected at line 298
 []



[257]
Overfull \hbox (10.03148pt too wide) in paragraph at lines 311--312
[]\TU/TimesNewRoman(1)/m/n/10 Λόγων δοθέντων ὁποσωνοῦν ἐν ἐλαθίστοιξ ἀριθμοῖξ ἀ
ριθμοὺξ
 []


Underfull \hbox (badness 10000) in paragraph at lines 311--312

 []

File: Book08/fig04g.pdf Graphic file (type pdf)
<use Book08/fig04g.pdf>

Underfull \hbox (badness 10000) in paragraph at lines 340--341

 []


Underfull \hbox (badness 10000) in paragraph at lines 340--341

 []


Underfull \hbox (badness 10000) in paragraph at lines 340--341

 []


Underfull \hbox (badness 10000) in paragraph at lines 340--341

 []


Underfull \hbox (badness 10000) in paragraph at lines 340--341

 []

File: Book08/fig04ag.pdf Graphic file (type pdf)
<use Book08/fig04ag.pdf>
File: Book08/fig04e.pdf Graphic file (type pdf)
<use Book08/fig04e.pdf>
File: Book08/fig04ae.pdf Graphic file (type pdf)
<use Book08/fig04ae.pdf>

Overfull \vbox (251.35182pt too high) detected at line 462
 []


Overfull \vbox (250.34808pt too high) detected at line 462
 []


Overfull \vbox (394.88773pt too high) detected at line 462
 []


Overfull \vbox (395.89148pt too high) detected at line 462
 []



[258]

[259]

[260]
File: Book08/fig05g.pdf Graphic file (type pdf)
<use Book08/fig05g.pdf>
File: Book08/fig05e.pdf Graphic file (type pdf)
<use Book08/fig05e.pdf>

Overfull \vbox (323.62166pt too high) detected at line 535
 []


Overfull \vbox (322.6179pt too high) detected at line 535
 []



[261]
Overfull \hbox (7.08443pt too wide) in paragraph at lines 549--550
\TU/TimesNewRoman(1)/m/n/10 τὸν δεύτερον μὴ μετρῆ|, οὐδὲ >άλλοξ οὐδεὶξ οὐδένα μ
ετρήσει. 
 []


Underfull \hbox (badness 10000) in paragraph at lines 553--554

 []


Underfull \hbox (badness 10000) in paragraph at lines 553--554

 []

File: Book08/fig06g.pdf Graphic file (type pdf)
<use Book08/fig06g.pdf>
File: Book08/fig06e.pdf Graphic file (type pdf)
<use Book08/fig06e.pdf>

Overfull \vbox (287.48674pt too high) detected at line 604
 []


Overfull \vbox (286.48299pt too high) detected at line 604
 []



[262]
Underfull \hbox (badness 10000) in paragraph at lines 617--618

 []

File: Book08/fig07g.pdf Graphic file (type pdf)
<use Book08/fig07g.pdf>
File: Book08/fig07e.pdf Graphic file (type pdf)
<use Book08/fig07e.pdf>

Overfull \vbox (124.87964pt too high) detected at line 646
 []


Overfull \vbox (123.8759pt too high) detected at line 646
 []



[263]
Overfull \hbox (16.08943pt too wide) in paragraph at lines 660--661
[]\TU/TimesNewRoman(1)/m/n/10 Ἐὰν δύο ἀριθμῶν μεταχὺ κατὰ τὸ συνεθὲξ ἀνάλογον ἐ
μπίπτωσιν
 []


Overfull \hbox (0.63423pt too wide) in paragraph at lines 660--661
\TU/TimesNewRoman(1)/m/n/10 ἀριθμοί, <όσοι εἰξ αὐτοὺξ μεταχὺ κατὰ τὸ συνεθὲξ ἀν
όλογον
 []

File: Book08/fig08g.pdf Graphic file (type pdf)
<use Book08/fig08g.pdf>

Overfull \hbox (6.00644pt too wide) in paragraph at lines 695--695
[]\TU/TimesNewRoman(1)/m/n/10 <'Οσοι γάρ εἰσι τῶ| πλήθει οἱ Α, Β, Γ, Δ, τοσοῦτο
ι εἰλήφθωσαν
 []

File: Book08/fig08e.pdf Graphic file (type pdf)
<use Book08/fig08e.pdf>

Overfull \vbox (287.48674pt too high) detected at line 733
 []


Overfull \vbox (286.48299pt too high) detected at line 733
 []



[264]
Overfull \hbox (0.87349pt too wide) in paragraph at lines 749--750
\TU/TimesNewRoman(1)/m/n/10 ἀριθμοί, <όσοι εἰξ αὐτοὺξ μεταχὺ κατὰ τὸ συνεθὲξ ἀν
άλογον
 []

File: Book08/fig09g.pdf Graphic file (type pdf)
<use Book08/fig09g.pdf>
File: Book08/fig09e.pdf Graphic file (type pdf)
<use Book08/fig09e.pdf>

Overfull \vbox (269.41928pt too high) detected at line 842
 []


Overfull \vbox (268.41553pt too high) detected at line 842
 []



[265]
File: Book08/fig10g.pdf Graphic file (type pdf)
<use Book08/fig10g.pdf>

Underfull \hbox (badness 10000) in paragraph at lines 920--923

 []

File: Book08/fig10e.pdf Graphic file (type pdf)
<use Book08/fig10e.pdf>

Overfull \vbox (250.34808pt too high) detected at line 960
 []


Overfull \vbox (250.34808pt too high) detected at line 960
 []



[266]
Overfull \hbox (1.26912pt too wide) in paragraph at lines 974--975
\TU/TimesNewRoman(1)/m/n/10 ἀριθμόξ, καὶ ὁ τετράγωνοξ πρὸξ τὸν τετράγωνον διπλα
σίονα
 []


Underfull \hbox (badness 10000) in paragraph at lines 974--975

 []

File: Book08/fig11g.pdf Graphic file (type pdf)
<use Book08/fig11g.pdf>
File: Book08/fig11e.pdf Graphic file (type pdf)
<use Book08/fig11e.pdf>

Overfull \vbox (124.87964pt too high) detected at line 1032
 []


Overfull \vbox (123.8759pt too high) detected at line 1032
 []



[267]
Underfull \hbox (badness 10000) in paragraph at lines 1053--1054

 []

File: Book08/fig12g.pdf Graphic file (type pdf)
<use Book08/fig12g.pdf>
File: Book08/fig12e.pdf Graphic file (type pdf)
<use Book08/fig12e.pdf>

Overfull \vbox (161.01456pt too high) detected at line 1133
 []


Overfull \vbox (160.0108pt too high) detected at line 1133
 []



[268]
Underfull \hbox (badness 10000) in paragraph at lines 1158--1159

 []


Underfull \hbox (badness 10000) in paragraph at lines 1158--1159

 []

File: Book08/fig13g.pdf Graphic file (type pdf)
<use Book08/fig13g.pdf>
File: Book08/fig13e.pdf Graphic file (type pdf)
<use Book08/fig13e.pdf>

Overfull \vbox (340.68536pt too high) detected at line 1211
 []


Overfull \vbox (337.67412pt too high) detected at line 1211
 []



[269]

[270]
Underfull \hbox (badness 10000) in paragraph at lines 1230--1231

 []


Underfull \hbox (badness 10000) in paragraph at lines 1230--1231

 []

File: Book08/fig14g.pdf Graphic file (type pdf)
<use Book08/fig14g.pdf>
File: Book08/fig14e.pdf Graphic file (type pdf)
<use Book08/fig14e.pdf>

Overfull \vbox (106.81218pt too high) detected at line 1291
 []


Overfull \vbox (105.80843pt too high) detected at line 1291
 []


Underfull \hbox (badness 10000) in paragraph at lines 1316--1317

 []


Underfull \hbox (badness 10000) in paragraph at lines 1316--1317

 []

File: Book08/fig15g.pdf Graphic file (type pdf)
<use Book08/fig15g.pdf>

Underfull \hbox (badness 10000) in paragraph at lines 1343--1350

 []

File: Book08/fig15e.pdf Graphic file (type pdf)
<use Book08/fig15e.pdf>

Overfull \vbox (197.14946pt too high) detected at line 1360
 []


Overfull \vbox (196.14572pt too high) detected at line 1360
 []



[271]
Underfull \hbox (badness 10000) in paragraph at lines 1374--1375

 []


Underfull \hbox (badness 10000) in paragraph at lines 1374--1375

 []

File: Book08/fig16g.pdf Graphic file (type pdf)
<use Book08/fig16g.pdf>
File: Book08/fig16e.pdf Graphic file (type pdf)
<use Book08/fig16e.pdf>

Overfull \hbox (2.61394pt too wide) in paragraph at lines 1410--1413
[]\TU/TimesNewRoman(0)/m/n/10 For if $\OML/cmm/m/it/10 C$ \TU/TimesNewRoman(0)/
m/n/10 measures $\OML/cmm/m/it/10 D$ \TU/TimesNewRoman(0)/m/n/10 then $\OML/cmm
/m/it/10 A$ \TU/TimesNewRoman(0)/m/n/10 will also measure $\OML/cmm/m/it/10 B$ 
\TU/TimesNewRoman(0)/m/n/10 [Prop. 8.14].
 []


Overfull \hbox (2.61394pt too wide) in paragraph at lines 1417--1418
[]\TU/TimesNewRoman(0)/m/n/10 For if $\OML/cmm/m/it/10 A$ \TU/TimesNewRoman(0)/
m/n/10 measures $\OML/cmm/m/it/10 B$ \TU/TimesNewRoman(0)/m/n/10 then $\OML/cmm
/m/it/10 C$ \TU/TimesNewRoman(0)/m/n/10 will also measure $\OML/cmm/m/it/10 D$ 
\TU/TimesNewRoman(0)/m/n/10 [Prop. 8.14].
 []


Overfull \vbox (52.60982pt too high) detected at line 1419
 []


Overfull \vbox (51.60606pt too high) detected at line 1419
 []



[272]
Underfull \hbox (badness 10000) in paragraph at lines 1433--1434

 []


Underfull \hbox (badness 10000) in paragraph at lines 1433--1434

 []

File: Book08/fig16g.pdf Graphic file (type pdf)
<use Book08/fig16g.pdf>
File: Book08/fig16e.pdf Graphic file (type pdf)
<use Book08/fig16e.pdf>

Overfull \hbox (2.61394pt too wide) in paragraph at lines 1470--1473
[]\TU/TimesNewRoman(0)/m/n/10 For if $\OML/cmm/m/it/10 C$ \TU/TimesNewRoman(0)/
m/n/10 measures $\OML/cmm/m/it/10 D$ \TU/TimesNewRoman(0)/m/n/10 then $\OML/cmm
/m/it/10 A$ \TU/TimesNewRoman(0)/m/n/10 will also measure $\OML/cmm/m/it/10 B$ 
\TU/TimesNewRoman(0)/m/n/10 [Prop. 8.15].
 []


Overfull \hbox (2.61394pt too wide) in paragraph at lines 1477--1478
[]\TU/TimesNewRoman(0)/m/n/10 For if $\OML/cmm/m/it/10 A$ \TU/TimesNewRoman(0)/
m/n/10 measures $\OML/cmm/m/it/10 B$ \TU/TimesNewRoman(0)/m/n/10 then $\OML/cmm
/m/it/10 C$ \TU/TimesNewRoman(0)/m/n/10 will also measure $\OML/cmm/m/it/10 D$ 
\TU/TimesNewRoman(0)/m/n/10 [Prop. 8.15].
 []


Overfull \vbox (52.60982pt too high) detected at line 1479
 []


Overfull \vbox (51.60606pt too high) detected at line 1479
 []


Underfull \hbox (badness 10000) in paragraph at lines 1494--1495

 []


Underfull \hbox (badness 10000) in paragraph at lines 1494--1495

 []

File: Book08/fig18g.pdf Graphic file (type pdf)
<use Book08/fig18g.pdf>
File: Book08/fig18e.pdf Graphic file (type pdf)
<use Book08/fig18e.pdf>

Overfull \vbox (141.94334pt too high) detected at line 1582
 []


Overfull \vbox (142.94708pt too high) detected at line 1582
 []



[273]
Overfull \hbox (13.4462pt too wide) in paragraph at lines 1597--1598
[]\TU/TimesNewRoman(1)/m/n/10 Δύο ὁμοίων στερεῶν ἀριθμῶν δύο μέσοι ἀνάλογον ἐμπ
ίπτουσιν
 []


Overfull \hbox (8.68655pt too wide) in paragraph at lines 1597--1598
\TU/TimesNewRoman(1)/m/n/10 ἀριθμοί; καὶ ὁ στερεὸξ πρὸξ τὸν <όμοιον στερεὸν τρι
πλασίονα
 []

File: Book08/fig19g.pdf Graphic file (type pdf)
<use Book08/fig19g.pdf>
File: Book08/fig19e.pdf Graphic file (type pdf)
<use Book08/fig19e.pdf>

Overfull \vbox (323.62166pt too high) detected at line 1720
 []


Overfull \vbox (323.62166pt too high) detected at line 1720
 []



[274]

[275]
Underfull \hbox (badness 10000) in paragraph at lines 1736--1737

 []

File: Book08/fig20g.pdf Graphic file (type pdf)
<use Book08/fig20g.pdf>
File: Book08/fig20e.pdf Graphic file (type pdf)
<use Book08/fig20e.pdf>

Overfull \vbox (141.94334pt too high) detected at line 1795
 []


Overfull \vbox (142.94708pt too high) detected at line 1795
 []



[276]
Overfull \hbox (7.28165pt too wide) in paragraph at lines 1814--1815
[]\TU/TimesNewRoman(1)/m/n/10 Δύο γὰρ ἀριθμῶν τῶν Α, Β δύο μέσοι ἀνάλογον ἐμπιπ
τέτωσαν
 []


Underfull \hbox (badness 10000) in paragraph at lines 1842--1843

 []


Underfull \hbox (badness 10000) in paragraph at lines 1842--1843

 []


Underfull \hbox (badness 10000) in paragraph at lines 1842--1843

 []


Underfull \hbox (badness 10000) in paragraph at lines 1842--1843

 []

File: Book08/fig21g.pdf Graphic file (type pdf)
<use Book08/fig21g.pdf>
File: Book08/fig21e.pdf Graphic file (type pdf)
<use Book08/fig21e.pdf>

Overfull \vbox (251.35182pt too high) detected at line 1908
 []


Overfull \vbox (251.35182pt too high) detected at line 1908
 []



[277]

[278]
File: Book08/fig22g.pdf Graphic file (type pdf)
<use Book08/fig22g.pdf>
File: Book08/fig22e.pdf Graphic file (type pdf)
<use Book08/fig22e.pdf>

Overfull \vbox (88.74472pt too high) detected at line 1954
 []


Overfull \vbox (87.74098pt too high) detected at line 1954
 []

File: Book08/fig23g.pdf Graphic file (type pdf)
<use Book08/fig23g.pdf>
File: Book08/fig23e.pdf Graphic file (type pdf)
<use Book08/fig23e.pdf>

Overfull \vbox (124.87964pt too high) detected at line 1997
 []


Overfull \vbox (123.8759pt too high) detected at line 1997
 []



[279]
Overfull \hbox (1.06892pt too wide) in paragraph at lines 2011--2012
\TU/TimesNewRoman(1)/m/n/10 τετράγωνοξ ἀριθμὸξ πρὸξ τετράγωνον ἀριθμόν, ὁ δὲ πρ
ῶτοξ
 []

File: Book08/fig24g.pdf Graphic file (type pdf)
<use Book08/fig24g.pdf>
File: Book08/fig24e.pdf Graphic file (type pdf)
<use Book08/fig24e.pdf>

Overfull \vbox (52.60982pt too high) detected at line 2051
 []


Overfull \vbox (51.60606pt too high) detected at line 2051
 []

File: Book08/fig25g.pdf Graphic file (type pdf)
<use Book08/fig25g.pdf>
File: Book08/fig25e.pdf Graphic file (type pdf)
<use Book08/fig25e.pdf>

Overfull \vbox (124.87964pt too high) detected at line 2110
 []


Overfull \vbox (123.8759pt too high) detected at line 2110
 []



[280]
Overfull \hbox (2.76749pt too wide) in paragraph at lines 2124--2125
[]\TU/TimesNewRoman(1)/m/n/10 Οἱ <όμοιοι ἐπίπεδοι ἀριθμοὶ πρὸξ ἀλλήλουξ λόγον >
έθουσιν,
 []


Underfull \hbox (badness 10000) in paragraph at lines 2124--2125

 []

File: Book08/fig26g.pdf Graphic file (type pdf)
<use Book08/fig26g.pdf>
File: Book08/fig26e.pdf Graphic file (type pdf)
<use Book08/fig26e.pdf>

Overfull \vbox (87.74098pt too high) detected at line 2166
 []


Overfull \vbox (88.74472pt too high) detected at line 2166
 []

File: Book08/fig27g.pdf Graphic file (type pdf)
<use Book08/fig27g.pdf>
File: Book08/fig27e.pdf Graphic file (type pdf)
<use Book08/fig27e.pdf>

Overfull \vbox (124.87964pt too high) detected at line 2219
 []


Overfull \vbox (123.8759pt too high) detected at line 2219
 []



[281])

[282]
\openout2 = `Book09/Book9.aux'.

 (./Book09/Book9.tex

[283



]
Underfull \hbox (badness 10000) in paragraph at lines 33--34

 []

File: Book09/fig01g.pdf Graphic file (type pdf)
<use Book09/fig01g.pdf>

Overfull \hbox (7.65327pt too wide) in paragraph at lines 49--49
\TU/TimesNewRoman(1)/m/n/10 τετράγωνόξ ἐστιν. ἐπεὶ ο>ῦν ὁ Α ἑαυτὸν μὲν πολλαπλα
σιάσαξ
 []


Overfull \hbox (2.2123pt too wide) in paragraph at lines 49--49
\TU/TimesNewRoman(1)/m/n/10 τὸν Δ πεποίηκεν, τὸν δὲ Β πολλαπλασιάσαξ τὸν Γ πεπο
ίηκεν,
 []


Underfull \hbox (badness 10000) in paragraph at lines 56--57

 []

File: Book09/fig01e.pdf Graphic file (type pdf)
<use Book09/fig01e.pdf>

Overfull \vbox (124.87964pt too high) detected at line 73
 []


Overfull \vbox (123.8759pt too high) detected at line 73
 []

File: Book09/fig02g.pdf Graphic file (type pdf)
<use Book09/fig02g.pdf>

Overfull \hbox (12.0253pt too wide) in paragraph at lines 93--94
[]\TU/TimesNewRoman(1)/m/n/10 >'Εστωσαν δύο ἀριθμοὶ οἱ Α, Β, καὶ ὁ Α τὸν Β πολλ
απλασιάσαξ
 []


Overfull \hbox (0.42183pt too wide) in paragraph at lines 106--106
\TU/TimesNewRoman(1)/m/n/10 τετράγωνόξ ἐστιν. καὶ ἐπεὶ ὁ Α ἑαυτὸν μὲν πολλαπλασ
ιάσαξ
 []


Overfull \hbox (2.2123pt too wide) in paragraph at lines 106--106
\TU/TimesNewRoman(1)/m/n/10 τὸν Δ πεποίηκεν, τὸν δὲ Β πολλαπλασιάσαξ τὸν Γ πεπο
ίηκεν,
 []

File: Book09/fig02e.pdf Graphic file (type pdf)
<use Book09/fig02e.pdf>

Overfull \vbox (124.87964pt too high) detected at line 129
 []


Overfull \vbox (123.8759pt too high) detected at line 129
 []

File: Book09/fig03g.pdf Graphic file (type pdf)
<use Book09/fig03g.pdf>

Overfull \hbox (14.73526pt too wide) in paragraph at lines 175--175
[]\TU/TimesNewRoman(1)/m/n/10 Εἰλήφθω γὰρ τοῦ Α πλευρὰ ὁ Γ, καὶ ὁ Γ ἑαυτὸν πολλ
απλασιάσαξ
 []


Overfull \hbox (19.87398pt too wide) in paragraph at lines 175--175
\TU/TimesNewRoman(1)/m/n/10 τὸν Δ ποιείτω. φανερὸν δή ἐστιν, <ότι ὁ Γ τὸν Δ πολ
λαπλασιάσαξ
 []

File: Book09/fig03e.pdf Graphic file (type pdf)
<use Book09/fig03e.pdf>

Overfull \vbox (124.87964pt too high) detected at line 210
 []


Overfull \vbox (123.8759pt too high) detected at line 210
 []



[284]
Overfull \hbox (10.20074pt too wide) in paragraph at lines 226--227
[]\TU/TimesNewRoman(1)/m/n/10 Κύβοξ γὰρ ἀριθμὸξ ὁ Α κύβον ἀριθμὸν τὸν Β πολλαπλ
ασιάσαξ
 []

File: Book09/fig04g.pdf Graphic file (type pdf)
<use Book09/fig04g.pdf>
File: Book09/fig04e.pdf Graphic file (type pdf)
<use Book09/fig04e.pdf>

Overfull \vbox (124.87964pt too high) detected at line 260
 []


Overfull \vbox (123.8759pt too high) detected at line 260
 []



[285]
Underfull \hbox (badness 10000) in paragraph at lines 273--274

 []

File: Book09/fig05g.pdf Graphic file (type pdf)
<use Book09/fig05g.pdf>

Overfull \hbox (2.07086pt too wide) in paragraph at lines 279--280
[]\TU/TimesNewRoman(1)/m/n/10 Κύβοξ γὰρ ἀριθμὸξ ὁ Α ἀριθμόν τινα τὸν Β πολλαπλα
σιάσαξ
 []


Overfull \hbox (2.2123pt too wide) in paragraph at lines 288--288
\TU/TimesNewRoman(1)/m/n/10 τὸν Δ πεποίηκεν, τὸν δὲ Β πολλαπλασιάσαξ τὸν Γ πεπο
ίηκεν,
 []

File: Book09/fig05e.pdf Graphic file (type pdf)
<use Book09/fig05e.pdf>

Overfull \vbox (124.87964pt too high) detected at line 312
 []


Overfull \vbox (123.8759pt too high) detected at line 312
 []

File: Book09/fig06g.pdf Graphic file (type pdf)
<use Book09/fig06g.pdf>
File: Book09/fig06e.pdf Graphic file (type pdf)
<use Book09/fig06e.pdf>

Overfull \vbox (88.74472pt too high) detected at line 379
 []


Overfull \vbox (87.74098pt too high) detected at line 379
 []



[286]
Underfull \hbox (badness 10000) in paragraph at lines 392--393

 []

File: Book09/fig07g.pdf Graphic file (type pdf)
<use Book09/fig07g.pdf>

Overfull \hbox (13.1109pt too wide) in paragraph at lines 398--399
[]\TU/TimesNewRoman(1)/m/n/10 Σύνθετοξ γὰρ ἀριθμὸξ ὁ Α ἀριθμόν τινα τὸν Β πολλα
πλασιάσαξ
 []


Overfull \hbox (11.82332pt too wide) in paragraph at lines 407--407
[]\TU/TimesNewRoman(1)/m/n/10 Ἐπεὶ γὰρ ὁ Α σύνθετόξ ἐστιν, ὑπὸ ἀριθμοῦ τινοξ με
τρηθήσεται.
 []

File: Book09/fig07e.pdf Graphic file (type pdf)
<use Book09/fig07e.pdf>

Overfull \vbox (160.0108pt too high) detected at line 432
 []


Overfull \vbox (161.01456pt too high) detected at line 432
 []



[287]
Underfull \hbox (badness 10000) in paragraph at lines 448--449

 []


Underfull \hbox (badness 10000) in paragraph at lines 448--449

 []


Underfull \hbox (badness 10000) in paragraph at lines 448--449

 []

File: Book09/fig08g.pdf Graphic file (type pdf)
<use Book09/fig08g.pdf>
File: Book09/fig08e.pdf Graphic file (type pdf)
<use Book09/fig08e.pdf>

Overfull \vbox (197.14946pt too high) detected at line 521
 []


Overfull \vbox (196.14572pt too high) detected at line 521
 []



[288]
Underfull \hbox (badness 10000) in paragraph at lines 536--537

 []

File: Book09/fig08g.pdf Graphic file (type pdf)
<use Book09/fig08g.pdf>
File: Book09/fig08e.pdf Graphic file (type pdf)
<use Book09/fig08e.pdf>

Overfull \vbox (197.14946pt too high) detected at line 611
 []


Overfull \vbox (196.14572pt too high) detected at line 611
 []



[289]
Underfull \hbox (badness 10000) in paragraph at lines 627--628

 []


Underfull \hbox (badness 10000) in paragraph at lines 627--628

 []


Underfull \hbox (badness 10000) in paragraph at lines 627--628

 []

File: Book09/fig08g.pdf Graphic file (type pdf)
<use Book09/fig08g.pdf>
File: Book09/fig08e.pdf Graphic file (type pdf)
<use Book09/fig08e.pdf>

Overfull \vbox (196.14572pt too high) detected at line 701
 []


Overfull \vbox (197.14946pt too high) detected at line 701
 []



[290]
Underfull \hbox (badness 10000) in paragraph at lines 714--715

 []

File: Book09/fig11g.pdf Graphic file (type pdf)
<use Book09/fig11g.pdf>

Underfull \hbox (badness 10000) in paragraph at lines 727--728

 []


Underfull \hbox (badness 10000) in paragraph at lines 727--728

 []


Underfull \hbox (badness 10000) in paragraph at lines 727--728

 []

File: Book09/fig11e.pdf Graphic file (type pdf)
<use Book09/fig11e.pdf>

Underfull \hbox (badness 10000) in paragraph at lines 752--757

 []


Overfull \vbox (161.01456pt too high) detected at line 765
 []


Overfull \vbox (160.0108pt too high) detected at line 765
 []



[291]
Underfull \hbox (badness 10000) in paragraph at lines 779--780

 []

File: Book09/fig12g.pdf Graphic file (type pdf)
<use Book09/fig12g.pdf>
File: Book09/fig12e.pdf Graphic file (type pdf)
<use Book09/fig12e.pdf>

Overfull \vbox (124.87964pt too high) detected at line 872
 []


Overfull \vbox (120.86465pt too high) detected at line 872
 []



[292]
Underfull \hbox (badness 10000) in paragraph at lines 892--893

 []


Underfull \hbox (badness 10000) in paragraph at lines 892--893

 []

File: Book09/fig13g.pdf Graphic file (type pdf)
<use Book09/fig13g.pdf>
File: Book09/fig13e.pdf Graphic file (type pdf)
<use Book09/fig13e.pdf>

Overfull \vbox (124.87964pt too high) detected at line 1002
 []


Overfull \vbox (123.8759pt too high) detected at line 1002
 []



[293]
File: Book09/fig14g.pdf Graphic file (type pdf)
<use Book09/fig14g.pdf>

Overfull \hbox (4.31924pt too wide) in paragraph at lines 1037--1037
\TU/TimesNewRoman(1)/m/n/10 πολλαπλασιάσαντεξ ἀλλήλουξ ποιῶσί τινα, τὸν δὲ γενό
μενον
 []

File: Book09/fig14e.pdf Graphic file (type pdf)
<use Book09/fig14e.pdf>

Overfull \vbox (88.74472pt too high) detected at line 1063
 []


Overfull \vbox (87.74098pt too high) detected at line 1063
 []



[294]
Underfull \hbox (badness 10000) in paragraph at lines 1077--1078

 []

File: Book09/fig15g.pdf Graphic file (type pdf)
<use Book09/fig15g.pdf>
File: Book09/fig15e.pdf Graphic file (type pdf)
<use Book09/fig15e.pdf>

Overfull \vbox (106.81218pt too high) detected at line 1175
 []


Overfull \vbox (105.80843pt too high) detected at line 1175
 []



[295]
File: Book09/fig16g.pdf Graphic file (type pdf)
<use Book09/fig16g.pdf>
File: Book09/fig16e.pdf Graphic file (type pdf)
<use Book09/fig16e.pdf>

Overfull \vbox (88.74472pt too high) detected at line 1232
 []


Overfull \vbox (87.74098pt too high) detected at line 1232
 []



[296]
Underfull \hbox (badness 10000) in paragraph at lines 1251--1252

 []

File: Book09/fig17g.pdf Graphic file (type pdf)
<use Book09/fig17g.pdf>
File: Book09/fig17e.pdf Graphic file (type pdf)
<use Book09/fig17e.pdf>

Overfull \vbox (160.0108pt too high) detected at line 1298
 []


Overfull \vbox (161.01456pt too high) detected at line 1298
 []

File: Book09/fig18g.pdf Graphic file (type pdf)
<use Book09/fig18g.pdf>
File: Book09/fig18e.pdf Graphic file (type pdf)
<use Book09/fig18e.pdf>

Overfull \vbox (52.60982pt too high) detected at line 1377
 []


Overfull \vbox (51.60606pt too high) detected at line 1377
 []



[297]
File: Book09/fig19g.pdf Graphic file (type pdf)
<use Book09/fig19g.pdf>
File: Book09/fig19e.pdf Graphic file (type pdf)
<use Book09/fig19e.pdf>

Overfull \vbox (161.01456pt too high) detected at line 1506
 []


Overfull \vbox (160.0108pt too high) detected at line 1506
 []



[298]
File: Book09/fig20g.pdf Graphic file (type pdf)
<use Book09/fig20g.pdf>
File: Book09/fig20e.pdf Graphic file (type pdf)
<use Book09/fig20e.pdf>

Overfull \vbox (139.93585pt too high) detected at line 1577
 []


Overfull \vbox (138.9321pt too high) detected at line 1577
 []



[299]
File: Book09/fig21g.pdf Graphic file (type pdf)
<use Book09/fig21g.pdf>
File: Book09/fig21e.pdf Graphic file (type pdf)
<use Book09/fig21e.pdf>

Overfull \vbox (31.53111pt too high) detected at line 1619
 []


Overfull \vbox (30.52736pt too high) detected at line 1619
 []


Underfull \hbox (badness 10000) in paragraph at lines 1632--1633

 []

File: Book09/fig21g.pdf Graphic file (type pdf)
<use Book09/fig21g.pdf>
File: Book09/fig21e.pdf Graphic file (type pdf)
<use Book09/fig21e.pdf>

Overfull \vbox (31.53111pt too high) detected at line 1664
 []


Overfull \vbox (30.52736pt too high) detected at line 1664
 []



[300]
Underfull \hbox (badness 10000) in paragraph at lines 1677--1678

 []

File: Book09/fig23g.pdf Graphic file (type pdf)
<use Book09/fig23g.pdf>
File: Book09/fig23e.pdf Graphic file (type pdf)
<use Book09/fig23e.pdf>

Overfull \vbox (31.53111pt too high) detected at line 1710
 []


Overfull \vbox (30.52736pt too high) detected at line 1710
 []

File: Book09/fig24g.pdf Graphic file (type pdf)
<use Book09/fig24g.pdf>
File: Book09/fig24e.pdf Graphic file (type pdf)
<use Book09/fig24e.pdf>

Overfull \vbox (31.53111pt too high) detected at line 1752
 []


Overfull \vbox (30.52736pt too high) detected at line 1752
 []

File: Book09/fig25g.pdf Graphic file (type pdf)
<use Book09/fig25g.pdf>
File: Book09/fig25e.pdf Graphic file (type pdf)
<use Book09/fig25e.pdf>

Overfull \vbox (31.53111pt too high) detected at line 1795
 []


Overfull \vbox (30.52736pt too high) detected at line 1795
 []

File: Book09/fig26g.pdf Graphic file (type pdf)
<use Book09/fig26g.pdf>
File: Book09/fig26e.pdf Graphic file (type pdf)
<use Book09/fig26e.pdf>

Overfull \vbox (31.53111pt too high) detected at line 1838
 []


Overfull \vbox (30.52736pt too high) detected at line 1838
 []



[301]
File: Book09/fig27g.pdf Graphic file (type pdf)
<use Book09/fig27g.pdf>
File: Book09/fig27e.pdf Graphic file (type pdf)
<use Book09/fig27e.pdf>

Overfull \vbox (31.53111pt too high) detected at line 1882
 []


Overfull \vbox (30.52736pt too high) detected at line 1882
 []

File: Book09/fig28g.pdf Graphic file (type pdf)
<use Book09/fig28g.pdf>
File: Book09/fig28e.pdf Graphic file (type pdf)
<use Book09/fig28e.pdf>

Overfull \vbox (88.74472pt too high) detected at line 1927
 []


Overfull \vbox (87.74098pt too high) detected at line 1927
 []

File: Book09/fig28g.pdf Graphic file (type pdf)
<use Book09/fig28g.pdf>

Overfull \hbox (1.1952pt too wide) in paragraph at lines 1947--1948
[]\TU/TimesNewRoman(1)/m/n/10 Περισσὸξ γὰρ ἀριθμὸξ ὁ Α περισσὸν τὸν Β πολλαπλασ
ιάσαξ
 []

File: Book09/fig28e.pdf Graphic file (type pdf)
<use Book09/fig28e.pdf>

Overfull \vbox (88.74472pt too high) detected at line 1972
 []


Overfull \vbox (87.74098pt too high) detected at line 1972
 []

File: Book09/fig30g.pdf Graphic file (type pdf)
<use Book09/fig30g.pdf>
File: Book09/fig30e.pdf Graphic file (type pdf)
<use Book09/fig30e.pdf>

Overfull \vbox (88.74472pt too high) detected at line 2025
 []


Overfull \vbox (87.74098pt too high) detected at line 2025
 []



[302]
File: Book09/fig31g.pdf Graphic file (type pdf)
<use Book09/fig31g.pdf>
File: Book09/fig31e.pdf Graphic file (type pdf)
<use Book09/fig31e.pdf>

Overfull \vbox (124.87964pt too high) detected at line 2079
 []


Overfull \vbox (123.8759pt too high) detected at line 2079
 []


Underfull \hbox (badness 3219) in paragraph at lines 2092--2093
[]\TU/TimesNewRoman(1)/m/n/10 Τῶν ἀπὸ δύαδοξ διπλασιαζομένων ἀριθμων <έκαστοξ
 []

File: Book09/fig32g.pdf Graphic file (type pdf)
<use Book09/fig32g.pdf>
File: Book09/fig32e.pdf Graphic file (type pdf)
<use Book09/fig32e.pdf>

Overfull \vbox (124.87964pt too high) detected at line 2134
 []


Overfull \vbox (123.8759pt too high) detected at line 2134
 []



[303]
Overfull \hbox (3.20271pt too wide) in paragraph at lines 2147--2148
[]\TU/TimesNewRoman(1)/m/n/10 Ἐὰν ἀριθμὸξ τὸν <ήμισυν >έθῃ περισσόν, ἀρτιάκιξ π
ερισσόξ
 []

File: Book09/fig33g.pdf Graphic file (type pdf)
<use Book09/fig33g.pdf>
File: Book09/fig33e.pdf Graphic file (type pdf)
<use Book09/fig33e.pdf>

Overfull \vbox (16.4749pt too high) detected at line 2184
 []


Overfull \vbox (15.47116pt too high) detected at line 2184
 []

File: Book09/fig33g.pdf Graphic file (type pdf)
<use Book09/fig33g.pdf>
File: Book09/fig33e.pdf Graphic file (type pdf)
<use Book09/fig33e.pdf>

Overfull \vbox (16.4749pt too high) detected at line 2244
 []


Overfull \vbox (15.47116pt too high) detected at line 2244
 []



[304]
Overfull \hbox (9.90518pt too wide) in paragraph at lines 2258--2259
[]\TU/TimesNewRoman(1)/m/n/10 Ἐὰν >ῶσιν ὁσοιδηποτοῦν ἀριθμοὶ ἑχῆξ ἀνάλογον, ἀφα
ιρεθῶσι
 []


Underfull \hbox (badness 10000) in paragraph at lines 2258--2259

 []

File: Book09/fig35g.pdf Graphic file (type pdf)
<use Book09/fig35g.pdf>
File: Book09/fig35e.pdf Graphic file (type pdf)
<use Book09/fig35e.pdf>

Overfull \vbox (175.06702pt too high) detected at line 2313
 []


Overfull \vbox (176.07076pt too high) detected at line 2313
 []



[305]
Underfull \hbox (badness 10000) in paragraph at lines 2337--2338

 []

File: Book09/fig36g.pdf Graphic file (type pdf)
<use Book09/fig36g.pdf>
File: Book09/fig36e.pdf Graphic file (type pdf)
<use Book09/fig36e.pdf>

Overfull \vbox (124.87964pt too high) detected at line 2360
 []


Overfull \vbox (123.8759pt too high) detected at line 2360
 []


Underfull \hbox (badness 10000) in paragraph at lines 2360--2361

 []

File: Book09/fig36ag.pdf Graphic file (type pdf)
<use Book09/fig36ag.pdf>
File: Book09/fig36ae.pdf Graphic file (type pdf)
<use Book09/fig36ae.pdf>

Overfull \vbox (268.41553pt too high) detected at line 2479
 []


Overfull \vbox (272.43053pt too high) detected at line 2479
 []



[306]

[307])

[308]
\openout2 = `Book10/Book10.aux'.

 (./Book10/Book10.tex
File: Book10/front.pdf Graphic file (type pdf)
<use Book10/front.pdf>


[309



]
Overfull \hbox (1.01443pt too wide) in paragraph at lines 34--37
[]\TU/TimesNewRoman(1)/m/n/10 1\TU/TimesNewRoman(0)/m/n/10 . \TU/TimesNewRoman(
1)/m/n/10 Σύμμετρα μεγέθη λέγεται τὰ τῶ| αὐτῶ| μετρῳ μετρούμενα,
 []


Overfull \hbox (2.20486pt too wide) in paragraph at lines 34--37
\TU/TimesNewRoman(1)/m/n/10 ἀσύμμετρα δέ, <ῶν μηδὲν ἐνδέθεται κοινὸν μέτρον γεν
έσθαι. 
 []


Overfull \hbox (7.64432pt too wide) in paragraph at lines 50--54
\TU/TimesNewRoman(1)/m/n/10 ἀσύμμετρα >άλογα καλείσθω, καὶ αἱ δυνάμεναι αὐτὰ >ά
λογοι,
 []


Underfull \hbox (badness 10000) in paragraph at lines 115--116

 []


Underfull \hbox (badness 10000) in paragraph at lines 115--116

 []


Underfull \hbox (badness 10000) in paragraph at lines 115--116

 []


Underfull \hbox (badness 10000) in paragraph at lines 115--116

 []

File: Book10/fig001g.pdf Graphic file (type pdf)
<use Book10/fig001g.pdf>

Overfull \hbox (12.92926pt too wide) in paragraph at lines 125--126
\TU/TimesNewRoman(1)/m/n/10 πεπολλαπλασιάσθω, καὶ >έστω τὸ ΔΕ τοῦ μὲν Γ πολλαπλ
άσιον,
 []

File: Book10/fig001e.pdf Graphic file (type pdf)
<use Book10/fig001e.pdf>

Overfull \vbox (128.89462pt too high) detected at line 175
 []


Overfull \vbox (129.89836pt too high) detected at line 175
 []



[310]
Underfull \hbox (badness 10000) in paragraph at lines 190--191

 []

File: Book10/fig002g.pdf Graphic file (type pdf)
<use Book10/fig002g.pdf>

Overfull \hbox (1.7836pt too wide) in paragraph at lines 198--199
[]\TU/TimesNewRoman(1)/m/n/10 Δύο γὰρ μεγεθῶν >όντων ἀνίσων τῶν ΑΒ, ΓΔ καὶ ἐλάσ
σονοξ
 []


Overfull \hbox (6.20728pt too wide) in paragraph at lines 211--212
\TU/TimesNewRoman(1)/m/n/10 εἰ δυνατόν, καὶ >έστω τὸ Ε; καὶ τὸ μὲν ΑΒ τὸ ΖΔ κατ
αμετροῦν
 []


Overfull \hbox (8.62035pt too wide) in paragraph at lines 211--212
\TU/TimesNewRoman(1)/m/n/10 λειπέτω ἑαυτοῦ >έλασσον τὸ ΓΖ, τὸ δὲ ΓΖ τὸ ΒΗ καταμ
ετροῦν
 []

File: Book10/fig002e.pdf Graphic file (type pdf)
<use Book10/fig002e.pdf>

Overfull \vbox (124.87964pt too high) detected at line 244
 []


Overfull \vbox (123.8759pt too high) detected at line 244
 []



[311]
File: Book10/fig003g.pdf Graphic file (type pdf)
<use Book10/fig003g.pdf>

Underfull \hbox (badness 10000) in paragraph at lines 297--298

 []


Underfull \hbox (badness 10000) in paragraph at lines 297--298

 []


Underfull \hbox (badness 10000) in paragraph at lines 297--298

 []


Underfull \hbox (badness 10000) in paragraph at lines 297--298

 []


Underfull \hbox (badness 10000) in paragraph at lines 297--298

 []


Underfull \hbox (badness 10000) in paragraph at lines 297--298

 []


Underfull \hbox (badness 10000) in paragraph at lines 297--298

 []

File: Book10/fig003e.pdf Graphic file (type pdf)
<use Book10/fig003e.pdf>

Underfull \hbox (badness 10000) in paragraph at lines 348--350

 []


Overfull \vbox (124.87964pt too high) detected at line 357
 []


Overfull \vbox (123.8759pt too high) detected at line 357
 []



[312]
File: Book10/fig004g.pdf Graphic file (type pdf)
<use Book10/fig004g.pdf>

Underfull \hbox (badness 10000) in paragraph at lines 406--407

 []


Underfull \hbox (badness 10000) in paragraph at lines 406--407

 []


Underfull \hbox (badness 10000) in paragraph at lines 406--407

 []


Underfull \hbox (badness 10000) in paragraph at lines 406--407

 []


Underfull \hbox (badness 10000) in paragraph at lines 406--407

 []


Underfull \hbox (badness 10000) in paragraph at lines 406--407

 []


Underfull \hbox (badness 10000) in paragraph at lines 406--407

 []


Underfull \hbox (badness 10000) in paragraph at lines 406--407

 []


Underfull \hbox (badness 10000) in paragraph at lines 406--407

 []


Underfull \hbox (badness 10000) in paragraph at lines 406--407

 []

File: Book10/fig004e.pdf Graphic file (type pdf)
<use Book10/fig004e.pdf>

Underfull \hbox (badness 10000) in paragraph at lines 464--467

 []


Overfull \vbox (142.94708pt too high) detected at line 478
 []


Overfull \vbox (141.94334pt too high) detected at line 478
 []



[313]
File: Book10/fig005g.pdf Graphic file (type pdf)
<use Book10/fig005g.pdf>
File: Book10/fig005e.pdf Graphic file (type pdf)
<use Book10/fig005e.pdf>

Overfull \vbox (84.72974pt too high) detected at line 554
 []


Overfull \vbox (83.726pt too high) detected at line 554
 []



[314]
Underfull \hbox (badness 10000) in paragraph at lines 568--569

 []

File: Book10/fig006g.pdf Graphic file (type pdf)
<use Book10/fig006g.pdf>

Underfull \hbox (badness 10000) in paragraph at lines 601--602

 []

File: Book10/fig006e.pdf Graphic file (type pdf)
<use Book10/fig006e.pdf>

Underfull \hbox (badness 10000) in paragraph at lines 654--655

 []


Overfull \vbox (88.74472pt too high) detected at line 670
 []


Overfull \vbox (87.74098pt too high) detected at line 670
 []



[315]
Underfull \hbox (badness 10000) in paragraph at lines 686--687

 []

File: Book10/fig007g.pdf Graphic file (type pdf)
<use Book10/fig007g.pdf>
File: Book10/fig007e.pdf Graphic file (type pdf)
<use Book10/fig007e.pdf>

Overfull \vbox (52.60982pt too high) detected at line 719
 []


Overfull \vbox (51.60606pt too high) detected at line 719
 []


Underfull \hbox (badness 10000) in paragraph at lines 732--733

 []

File: Book10/fig007g.pdf Graphic file (type pdf)
<use Book10/fig007g.pdf>
File: Book10/fig007e.pdf Graphic file (type pdf)
<use Book10/fig007e.pdf>

Underfull \hbox (badness 10000) in paragraph at lines 766--766

 []


Underfull \hbox (badness 10000) in paragraph at lines 766--766

 []


Overfull \vbox (52.60982pt too high) detected at line 767
 []


Overfull \vbox (51.60606pt too high) detected at line 767
 []


Overfull \hbox (20.74178pt too wide) in paragraph at lines 787--788
\TU/TimesNewRoman(1)/m/n/10 >άλληλα λόγον >έθει, <ὸν τετράγωνοξ ἀριθμὸξ πρὸξ τε
τράγωνον
 []


Overfull \hbox (1.75784pt too wide) in paragraph at lines 787--788
\TU/TimesNewRoman(1)/m/n/10 ἀριθμόν; καὶ τὰ τετράγωνα τὰ πρὸξ >άλληλα λόγον >έθ
οντα,
 []


Underfull \hbox (badness 3019) in paragraph at lines 787--788
\TU/TimesNewRoman(1)/m/n/10 ἀσυμμέτρων εὐθειῶν τετράγωνα πρὸξ >άλληλα λόγον
 []


Overfull \hbox (6.4628pt too wide) in paragraph at lines 787--788
\TU/TimesNewRoman(1)/m/n/10 >έθοντα, <ὸν τετράγωνοξ ἀριθμὸξ πρὸξ τετράγωνον ἀρι
θμόν,
 []


Underfull \hbox (badness 10000) in paragraph at lines 787--788

 []

File: Book10/fig009g.pdf Graphic file (type pdf)
<use Book10/fig009g.pdf>

Underfull \hbox (badness 10000) in paragraph at lines 847--848

 []


Underfull \hbox (badness 10000) in paragraph at lines 847--848

 []


Underfull \hbox (badness 10000) in paragraph at lines 847--848

 []

File: Book10/fig009e.pdf Graphic file (type pdf)
<use Book10/fig009e.pdf>

Underfull \hbox (badness 10000) in paragraph at lines 926--928

 []


Overfull \vbox (52.60982pt too high) detected at line 937
 []


Overfull \vbox (51.60606pt too high) detected at line 937
 []



[316]

[317]
Underfull \hbox (badness 10000) in paragraph at lines 953--954

 []

File: Book10/fig010g.pdf Graphic file (type pdf)
<use Book10/fig010g.pdf>
File: Book10/fig010e.pdf Graphic file (type pdf)
<use Book10/fig010e.pdf>

Overfull \vbox (161.01456pt too high) detected at line 1018
 []


Overfull \vbox (160.0108pt too high) detected at line 1018
 []



[318]
Overfull \hbox (6.07056pt too wide) in paragraph at lines 1034--1035
\TU/TimesNewRoman(1)/m/n/10 δευτέρῳ σύμμετρον >ῆ|, καὶ τὸ τρίτον τῶ| τετάρτῳ σύ
μμετρον
 []


Underfull \hbox (badness 10000) in paragraph at lines 1034--1035

 []

File: Book10/fig011g.pdf Graphic file (type pdf)
<use Book10/fig011g.pdf>
File: Book10/fig011e.pdf Graphic file (type pdf)
<use Book10/fig011e.pdf>

Overfull \vbox (52.60982pt too high) detected at line 1086
 []


Overfull \vbox (51.60606pt too high) detected at line 1086
 []


Overfull \hbox (0.16483pt too wide) in paragraph at lines 1098--1099
[]\TU/TimesNewRoman(1)/m/n/10 Τὰ τῶ| αὐτῶ| μεγέθει σύμμετρα καὶ ἀλλήλοιξ ἐστὶ σ
ύμμετρα. 
 []


Underfull \hbox (badness 10000) in paragraph at lines 1110--1111

 []


Underfull \hbox (badness 10000) in paragraph at lines 1110--1111

 []


Underfull \hbox (badness 10000) in paragraph at lines 1110--1111

 []

File: Book10/fig012g.pdf Graphic file (type pdf)
<use Book10/fig012g.pdf>
File: Book10/fig012e.pdf Graphic file (type pdf)
<use Book10/fig012e.pdf>

Overfull \vbox (160.0108pt too high) detected at line 1159
 []


Overfull \vbox (161.01456pt too high) detected at line 1159
 []



[319]
Underfull \hbox (badness 10000) in paragraph at lines 1173--1174

 []

File: Book10/fig013g.pdf Graphic file (type pdf)
<use Book10/fig013g.pdf>
File: Book10/fig013e.pdf Graphic file (type pdf)
<use Book10/fig013e.pdf>

Overfull \vbox (87.74098pt too high) detected at line 1212
 []


Overfull \vbox (88.74472pt too high) detected at line 1212
 []



[320]
Underfull \hbox (badness 10000) in paragraph at lines 1224--1225

 []

File: Book10/fig013ag.pdf Graphic file (type pdf)
<use Book10/fig013ag.pdf>
File: Book10/fig013ae.pdf Graphic file (type pdf)
<use Book10/fig013ae.pdf>

Overfull \vbox (155.9958pt too high) detected at line 1272
 []


Overfull \vbox (155.9958pt too high) detected at line 1272
 []


Underfull \hbox (badness 10000) in paragraph at lines 1299--1300

 []


Underfull \hbox (badness 10000) in paragraph at lines 1299--1300

 []


Underfull \hbox (badness 10000) in paragraph at lines 1299--1300

 []


Underfull \hbox (badness 10000) in paragraph at lines 1299--1300

 []


Underfull \hbox (badness 10000) in paragraph at lines 1299--1300

 []


Underfull \hbox (badness 10000) in paragraph at lines 1299--1300

 []

File: Book10/fig014g.pdf Graphic file (type pdf)
<use Book10/fig014g.pdf>
File: Book10/fig014e.pdf Graphic file (type pdf)
<use Book10/fig014e.pdf>

Overfull \vbox (226.25813pt too high) detected at line 1362
 []


Overfull \vbox (226.25813pt too high) detected at line 1362
 []



[321]

[322]
Overfull \hbox (9.41058pt too wide) in paragraph at lines 1376--1377
\TU/TimesNewRoman(1)/m/n/10 αὐτῶν σύμμετρον >έσται; κ>ὰν τὸ <όλον ἑνὶ αὐτῶν σύμ
μετρον
 []


Underfull \hbox (badness 10000) in paragraph at lines 1379--1380

 []


Underfull \hbox (badness 10000) in paragraph at lines 1379--1380

 []


Underfull \hbox (badness 10000) in paragraph at lines 1379--1380

 []

File: Book10/fig015g.pdf Graphic file (type pdf)
<use Book10/fig015g.pdf>
File: Book10/fig015e.pdf Graphic file (type pdf)
<use Book10/fig015e.pdf>

Overfull \vbox (70.67728pt too high) detected at line 1434
 []


Overfull \vbox (69.67352pt too high) detected at line 1434
 []


Overfull \hbox (0.19653pt too wide) in paragraph at lines 1448--1449
[]\TU/TimesNewRoman(1)/m/n/10 Ἐὰν δύο μεγέθη ἀσύμμετρα συντεθῆ|, καὶ τὸ <όλον ἑ
κατέρῳ
 []


Underfull \hbox (badness 10000) in paragraph at lines 1448--1449

 []


Underfull \hbox (badness 10000) in paragraph at lines 1448--1449

 []

File: Book10/fig015g.pdf Graphic file (type pdf)
<use Book10/fig015g.pdf>
File: Book10/fig015e.pdf Graphic file (type pdf)
<use Book10/fig015e.pdf>

Overfull \vbox (70.67728pt too high) detected at line 1518
 []


Overfull \vbox (69.67352pt too high) detected at line 1518
 []



[323]
Underfull \hbox (badness 10000) in paragraph at lines 1531--1532

 []

File: Book10/fig016ag.pdf Graphic file (type pdf)
<use Book10/fig016ag.pdf>

Overfull \hbox (10.48476pt too wide) in paragraph at lines 1538--1539
[]\TU/TimesNewRoman(1)/m/n/10 Παρὰ γὰρ εὐθεῖαν τὴν ΑΒ παραβεβλήσθω παραλληλόγρα
μμον
 []

File: Book10/fig016ae.pdf Graphic file (type pdf)
<use Book10/fig016ae.pdf>

Overfull \vbox (151.98082pt too high) detected at line 1566
 []


Overfull \vbox (150.97707pt too high) detected at line 1566
 []



[324]
Underfull \hbox (badness 10000) in paragraph at lines 1594--1595

 []


Underfull \hbox (badness 10000) in paragraph at lines 1594--1595

 []


Underfull \hbox (badness 10000) in paragraph at lines 1594--1595

 []


Underfull \hbox (badness 10000) in paragraph at lines 1594--1595

 []


Underfull \hbox (badness 10000) in paragraph at lines 1594--1595

 []


Underfull \hbox (badness 10000) in paragraph at lines 1594--1595

 []


Underfull \hbox (badness 10000) in paragraph at lines 1594--1595

 []


Underfull \hbox (badness 10000) in paragraph at lines 1594--1595

 []

File: Book10/fig017g.pdf Graphic file (type pdf)
<use Book10/fig017g.pdf>
File: Book10/fig017e.pdf Graphic file (type pdf)
<use Book10/fig017e.pdf>

Overfull \vbox (123.8759pt too high) detected at line 1709
 []


Overfull \vbox (124.87964pt too high) detected at line 1709
 []



[325]
Overfull \hbox (1.99167pt too wide) in paragraph at lines 1730--1731
\TU/TimesNewRoman(1)/m/n/10 τῶ| ἀπὸ ἀσυμμέτρου ἑαυτῆ|. καὶ ἒαν ἡ μείζων τῆξ ἐλά
σσονοξ
 []


Underfull \hbox (badness 10000) in paragraph at lines 1737--1738

 []


Underfull \hbox (badness 10000) in paragraph at lines 1737--1738

 []


Underfull \hbox (badness 10000) in paragraph at lines 1737--1738

 []


Underfull \hbox (badness 10000) in paragraph at lines 1737--1738

 []


Underfull \hbox (badness 10000) in paragraph at lines 1737--1738

 []


Underfull \hbox (badness 10000) in paragraph at lines 1737--1738

 []


Underfull \hbox (badness 10000) in paragraph at lines 1737--1738

 []

File: Book10/fig018g.pdf Graphic file (type pdf)
<use Book10/fig018g.pdf>
File: Book10/fig018e.pdf Graphic file (type pdf)
<use Book10/fig018e.pdf>

Overfull \vbox (87.74098pt too high) detected at line 1821
 []


Overfull \vbox (88.74472pt too high) detected at line 1821
 []



[326]
Underfull \hbox (badness 10000) in paragraph at lines 1839--1840

 []

File: Book10/fig019g.pdf Graphic file (type pdf)
<use Book10/fig019g.pdf>
File: Book10/fig019e.pdf Graphic file (type pdf)
<use Book10/fig019e.pdf>

Overfull \vbox (268.41553pt too high) detected at line 1876
 []


Overfull \vbox (269.41928pt too high) detected at line 1876
 []



[327]
Underfull \hbox (badness 10000) in paragraph at lines 1888--1889

 []


Underfull \hbox (badness 10000) in paragraph at lines 1888--1889

 []

File: Book10/fig020g.pdf Graphic file (type pdf)
<use Book10/fig020g.pdf>
File: Book10/fig020e.pdf Graphic file (type pdf)
<use Book10/fig020e.pdf>

Overfull \vbox (341.68912pt too high) detected at line 1931
 []


Overfull \vbox (340.68536pt too high) detected at line 1931
 []



[328]
Overfull \hbox (19.24698pt too wide) in paragraph at lines 1945--1946
[]\TU/TimesNewRoman(1)/m/n/10 Τὸ ὑπὸ <ρητῶν δυνάμει μόνον συμμέτρων εὐθειῶν περ
ιεχόμενον
 []

File: Book10/fig020g.pdf Graphic file (type pdf)
<use Book10/fig020g.pdf>
File: Book10/fig020e.pdf Graphic file (type pdf)
<use Book10/fig020e.pdf>

Overfull \vbox (341.68912pt too high) detected at line 1984
 []


Overfull \vbox (340.68536pt too high) detected at line 1984
 []



[329]
Underfull \hbox (badness 10000) in paragraph at lines 1999--2000

 []

File: Book10/fig021ag.pdf Graphic file (type pdf)
<use Book10/fig021ag.pdf>
File: Book10/fig021ae.pdf Graphic file (type pdf)
<use Book10/fig021ae.pdf>

Overfull \vbox (132.90962pt too high) detected at line 2040
 []


Overfull \vbox (133.91338pt too high) detected at line 2040
 []



[330]
Underfull \hbox (badness 10000) in paragraph at lines 2058--2059

 []


Underfull \hbox (badness 10000) in paragraph at lines 2058--2059

 []


Underfull \hbox (badness 10000) in paragraph at lines 2058--2059

 []

File: Book10/fig022g.pdf Graphic file (type pdf)
<use Book10/fig022g.pdf>
File: Book10/fig022e.pdf Graphic file (type pdf)
<use Book10/fig022e.pdf>

Overfull \vbox (260.38554pt too high) detected at line 2136
 []


Overfull \vbox (259.38182pt too high) detected at line 2136
 []



[331]
Underfull \hbox (badness 10000) in paragraph at lines 2137--2138

 []


Overfull \hbox (11.38484pt too wide) in paragraph at lines 2168--2169
\TU/TimesNewRoman(1)/m/n/10 πλάτοξ ποιοῦν τὴν ΕΔ; <ρητὴ >άρα ἐστὶν ἡ ΕΔ καὶ ἀσύ
μμετροξ
 []


Underfull \hbox (badness 10000) in paragraph at lines 2168--2169

 []


Underfull \hbox (badness 10000) in paragraph at lines 2168--2169

 []


Underfull \hbox (badness 10000) in paragraph at lines 2168--2169

 []


Underfull \hbox (badness 10000) in paragraph at lines 2168--2169

 []


Underfull \hbox (badness 10000) in paragraph at lines 2168--2169

 []

File: Book10/fig023g.pdf Graphic file (type pdf)
<use Book10/fig023g.pdf>
File: Book10/fig023e.pdf Graphic file (type pdf)
<use Book10/fig023e.pdf>

Overfull \vbox (265.4043pt too high) detected at line 2221
 []


Overfull \vbox (264.40054pt too high) detected at line 2221
 []



[332]

[333]
Underfull \hbox (badness 10000) in paragraph at lines 2245--2246

 []


Underfull \hbox (badness 10000) in paragraph at lines 2245--2246

 []


Underfull \hbox (badness 10000) in paragraph at lines 2245--2246

 []

File: Book10/fig024g.pdf Graphic file (type pdf)
<use Book10/fig024g.pdf>
File: Book10/fig024e.pdf Graphic file (type pdf)
<use Book10/fig024e.pdf>

Overfull \vbox (300.53548pt too high) detected at line 2272
 []


Overfull \vbox (300.53548pt too high) detected at line 2272
 []



[334]
Overfull \hbox (14.32022pt too wide) in paragraph at lines 2285--2286
[]\TU/TimesNewRoman(1)/m/n/10 Τὸ ὑπὸ μέσων δυνάμει μόνον συμμέτρων εὐθειῶν περι
εχόμενον
 []

File: Book10/fig025g.pdf Graphic file (type pdf)
<use Book10/fig025g.pdf>

Overfull \hbox (13.37296pt too wide) in paragraph at lines 2324--2325
\TU/TimesNewRoman(1)/m/n/10 <ρητὴ ἡ ΖΗ, καὶ τῶ| μὲν ΑΔ >ίσον παρὰ τὴν ΖΗ παραβε
βλήσθω
 []

File: Book10/fig025e.pdf Graphic file (type pdf)
<use Book10/fig025e.pdf>

Overfull \vbox (247.33684pt too high) detected at line 2380
 []


Overfull \vbox (246.3331pt too high) detected at line 2380
 []



[335]

[336]
Underfull \hbox (badness 10000) in paragraph at lines 2392--2393

 []

File: Book10/fig026g.pdf Graphic file (type pdf)
<use Book10/fig026g.pdf>
File: Book10/fig026e.pdf Graphic file (type pdf)
<use Book10/fig026e.pdf>

Overfull \vbox (251.35182pt too high) detected at line 2476
 []


Overfull \vbox (250.34808pt too high) detected at line 2476
 []



[337]
Overfull \hbox (14.49925pt too wide) in paragraph at lines 2489--2490
[]\TU/TimesNewRoman(1)/m/n/10 Μέσαξ εὑρεῖν δυνάμει μόνον συμμέτρουξ <ρητὸν περι
εθούσαξ. 
 []


Underfull \hbox (badness 10000) in paragraph at lines 2489--2490

 []

File: Book10/fig027g.pdf Graphic file (type pdf)
<use Book10/fig027g.pdf>
File: Book10/fig027e.pdf Graphic file (type pdf)
<use Book10/fig027e.pdf>

Overfull \vbox (167.03703pt too high) detected at line 2548
 []


Overfull \vbox (166.03328pt too high) detected at line 2548
 []


Overfull \hbox (12.26292pt too wide) in paragraph at lines 2561--2562
[]\TU/TimesNewRoman(1)/m/n/10 Μέσαξ εὑρεῖν δυνάμει μόνον συμμέτρουξ μέσον πειρι
εθούσαξ. 
 []

File: Book10/fig028g.pdf Graphic file (type pdf)
<use Book10/fig028g.pdf>
File: Book10/fig028e.pdf Graphic file (type pdf)
<use Book10/fig028e.pdf>

Overfull \vbox (88.74472pt too high) detected at line 2623
 []


Overfull \vbox (87.74098pt too high) detected at line 2623
 []



[338]
Overfull \hbox (12.03084pt too wide) in paragraph at lines 2636--2637
[]\TU/TimesNewRoman(1)/m/n/10 Εὑρειν δύο τετραγώνουξ ἀριθμούξ, <ώστε καὶ τὸν συ
γκείμενον
 []

File: Book10/fig028ag.pdf Graphic file (type pdf)
<use Book10/fig028ag.pdf>
File: Book10/fig028ae.pdf Graphic file (type pdf)
<use Book10/fig028ae.pdf>

Overfull \vbox (31.53111pt too high) detected at line 2693
 []


Overfull \vbox (31.53111pt too high) detected at line 2693
 []



[339]
File: Book10/fig028bg.pdf Graphic file (type pdf)
<use Book10/fig028bg.pdf>
File: Book10/fig028be.pdf Graphic file (type pdf)
<use Book10/fig028be.pdf>

Overfull \vbox (52.60982pt too high) detected at line 2801
 []


Overfull \vbox (51.60606pt too high) detected at line 2801
 []



[340]
Underfull \hbox (badness 10000) in paragraph at lines 2815--2816

 []


Underfull \hbox (badness 10000) in paragraph at lines 2815--2816

 []

File: Book10/fig029g.pdf Graphic file (type pdf)
<use Book10/fig029g.pdf>
File: Book10/fig029e.pdf Graphic file (type pdf)
<use Book10/fig029e.pdf>

Overfull \vbox (198.15321pt too high) detected at line 2900
 []


Overfull \vbox (198.15321pt too high) detected at line 2900
 []



[341]
Overfull \hbox (3.78311pt too wide) in paragraph at lines 2916--2917
\TU/TimesNewRoman(1)/m/n/10 μείζονα τῆξ ἐλάσσονοξ μεῖζον δύνασθαι τῶ| ἀπὸ ἀσυμμ
έτρου
 []


Underfull \hbox (badness 10000) in paragraph at lines 2916--2917

 []


Underfull \hbox (badness 10000) in paragraph at lines 2916--2917

 []

File: Book10/fig030g.pdf Graphic file (type pdf)
<use Book10/fig030g.pdf>
File: Book10/fig030e.pdf Graphic file (type pdf)
<use Book10/fig030e.pdf>

Overfull \vbox (198.15321pt too high) detected at line 2981
 []


Overfull \vbox (198.15321pt too high) detected at line 2981
 []



[342]
Underfull \hbox (badness 10000) in paragraph at lines 2997--2998

 []


Underfull \hbox (badness 10000) in paragraph at lines 2997--2998

 []

File: Book10/fig031g.pdf Graphic file (type pdf)
<use Book10/fig031g.pdf>
File: Book10/fig031e.pdf Graphic file (type pdf)
<use Book10/fig031e.pdf>

Overfull \vbox (185.10449pt too high) detected at line 3077
 []


Overfull \vbox (185.10449pt too high) detected at line 3077
 []



[343]
Overfull \hbox (24.28116pt too wide) in paragraph at lines 3094--3095
[]\TU/TimesNewRoman(1)/m/n/10 Εὑρεῖν δύο μέσαξ δυνάμει μόνον συμμέτρουξ μέσον π
εριεθούσαξ,
 []


Underfull \hbox (badness 10000) in paragraph at lines 3094--3095

 []


Underfull \hbox (badness 10000) in paragraph at lines 3094--3095

 []

File: Book10/fig032g.pdf Graphic file (type pdf)
<use Book10/fig032g.pdf>
File: Book10/fig032e.pdf Graphic file (type pdf)
<use Book10/fig032e.pdf>

Overfull \vbox (88.74472pt too high) detected at line 3180
 []


Overfull \vbox (87.74098pt too high) detected at line 3180
 []



[344]
Underfull \hbox (badness 10000) in paragraph at lines 3203--3204

 []


Underfull \hbox (badness 10000) in paragraph at lines 3203--3204

 []


Underfull \hbox (badness 10000) in paragraph at lines 3203--3204

 []

File: Book10/fig032ag.pdf Graphic file (type pdf)
<use Book10/fig032ag.pdf>
File: Book10/fig032ae.pdf Graphic file (type pdf)
<use Book10/fig032ae.pdf>

Overfull \vbox (239.30685pt too high) detected at line 3274
 []


Overfull \vbox (240.31061pt too high) detected at line 3274
 []



[345]
Underfull \hbox (badness 10000) in paragraph at lines 3296--3297

 []


Underfull \hbox (badness 10000) in paragraph at lines 3296--3297

 []


Underfull \hbox (badness 10000) in paragraph at lines 3296--3297

 []

File: Book10/fig033g.pdf Graphic file (type pdf)
<use Book10/fig033g.pdf>

Overfull \hbox (7.36354pt too wide) in paragraph at lines 3324--3325
\TU/TimesNewRoman(1)/m/n/10 αὐτῆξ, >ίσον παρὰ τὴν ΑΒ παραβέβληται παραλληλόγραμ
μον
 []

File: Book10/fig033e.pdf Graphic file (type pdf)
<use Book10/fig033e.pdf>

Overfull \vbox (137.92836pt too high) detected at line 3381
 []


Overfull \vbox (137.92836pt too high) detected at line 3381
 []



[346]
File: Book10/fig034g.pdf Graphic file (type pdf)
<use Book10/fig034g.pdf>
File: Book10/fig034e.pdf Graphic file (type pdf)
<use Book10/fig034e.pdf>

Overfull \vbox (138.9321pt too high) detected at line 3479
 []


Overfull \vbox (137.92836pt too high) detected at line 3479
 []



[347]
File: Book10/fig034g.pdf Graphic file (type pdf)
<use Book10/fig034g.pdf>

Overfull \hbox (0.46361pt too wide) in paragraph at lines 3530--3530
[]\TU/TimesNewRoman(1)/m/n/10 Ε<ύρηνται >άρα δύο εὐθεῖαι αἱ ΑΔ, ΔΒ δυνάμει ἀσύμ
μετροι
 []

File: Book10/fig034e.pdf Graphic file (type pdf)
<use Book10/fig034e.pdf>

Overfull \vbox (138.9321pt too high) detected at line 3577
 []


Overfull \vbox (137.92836pt too high) detected at line 3577
 []



[348]
Underfull \hbox (badness 10000) in paragraph at lines 3593--3594

 []

File: Book10/fig036g.pdf Graphic file (type pdf)
<use Book10/fig036g.pdf>
File: Book10/fig036e.pdf Graphic file (type pdf)
<use Book10/fig036e.pdf>

Overfull \vbox (31.53111pt too high) detected at line 3648
 []


Overfull \vbox (31.53111pt too high) detected at line 3648
 []



[349]
Underfull \hbox (badness 10000) in paragraph at lines 3666--3667

 []

File: Book10/fig036g.pdf Graphic file (type pdf)
<use Book10/fig036g.pdf>
File: Book10/fig036e.pdf Graphic file (type pdf)
<use Book10/fig036e.pdf>

Overfull \vbox (31.53111pt too high) detected at line 3710
 []


Overfull \vbox (31.53111pt too high) detected at line 3710
 []



[350]
Underfull \hbox (badness 10000) in paragraph at lines 3728--3729

 []

File: Book10/fig038g.pdf Graphic file (type pdf)
<use Book10/fig038g.pdf>
File: Book10/fig038e.pdf Graphic file (type pdf)
<use Book10/fig038e.pdf>

Overfull \vbox (215.21692pt too high) detected at line 3809
 []


Overfull \vbox (214.21317pt too high) detected at line 3809
 []



[351]
Underfull \hbox (badness 10000) in paragraph at lines 3831--3832

 []

File: Book10/fig036g.pdf Graphic file (type pdf)
<use Book10/fig036g.pdf>
File: Book10/fig036e.pdf Graphic file (type pdf)
<use Book10/fig036e.pdf>

Overfull \vbox (31.53111pt too high) detected at line 3876
 []


Overfull \vbox (31.53111pt too high) detected at line 3876
 []


Underfull \hbox (badness 10000) in paragraph at lines 3894--3895

 []


Underfull \hbox (badness 10000) in paragraph at lines 3894--3895

 []

File: Book10/fig036g.pdf Graphic file (type pdf)
<use Book10/fig036g.pdf>
File: Book10/fig036e.pdf Graphic file (type pdf)
<use Book10/fig036e.pdf>

Overfull \vbox (31.53111pt too high) detected at line 3937
 []


Overfull \vbox (31.53111pt too high) detected at line 3937
 []



[352]
Overfull \hbox (12.3433pt too wide) in paragraph at lines 3938--3942
$[]$ \TU/TimesNewRoman(0)/m/n/8 Thus, the square-root of a rational plus a medi
al (area) has a length expressible as $[] \OT1/cmr/m/n/8 + []$\TU/TimesNewRoman
(0)/m/n/8 .
 []


Overfull \hbox (22.44315pt too wide) in paragraph at lines 3938--3942
\TU/TimesNewRoman(0)/m/n/8 This and the corresponding irrational with a minus s
ign, whose length is expressible as $[] \OMS/cmsy/m/n/8 ^^@ []$
 []


Underfull \hbox (badness 10000) in paragraph at lines 3957--3958

 []

File: Book10/fig041g.pdf Graphic file (type pdf)
<use Book10/fig041g.pdf>
File: Book10/fig041e.pdf Graphic file (type pdf)
<use Book10/fig041e.pdf>

Overfull \vbox (287.48674pt too high) detected at line 4021
 []


Overfull \vbox (286.48299pt too high) detected at line 4021
 []



[353]
Overfull \hbox (3.09552pt too wide) in paragraph at lines 4022--4029
\TU/TimesNewRoman(0)/m/n/8 This and the corresponding irrational with a minus s
ign, whose length is expressible as $\OML/cmm/m/it/8 k[] []$
 []


Underfull \hbox (badness 10000) in paragraph at lines 4041--4042

 []

File: Book10/fig041ag.pdf Graphic file (type pdf)
<use Book10/fig041ag.pdf>
File: Book10/fig041ae.pdf Graphic file (type pdf)
<use Book10/fig041ae.pdf>

Overfull \vbox (31.53111pt too high) detected at line 4103
 []


Overfull \vbox (30.52736pt too high) detected at line 4103
 []



[354]
File: Book10/fig042g.pdf Graphic file (type pdf)
<use Book10/fig042g.pdf>
File: Book10/fig042e.pdf Graphic file (type pdf)
<use Book10/fig042e.pdf>

Overfull \vbox (31.53111pt too high) detected at line 4194
 []


Overfull \vbox (30.52736pt too high) detected at line 4194
 []


Underfull \hbox (badness 10000) in paragraph at lines 4210--4211

 []

File: Book10/fig042g.pdf Graphic file (type pdf)
<use Book10/fig042g.pdf>
File: Book10/fig042e.pdf Graphic file (type pdf)
<use Book10/fig042e.pdf>

Overfull \vbox (31.53111pt too high) detected at line 4267
 []


Overfull \vbox (30.52736pt too high) detected at line 4267
 []



[355]
Overfull \hbox (2.44766pt too wide) in paragraph at lines 4281--4282
[]\TU/TimesNewRoman(1)/m/n/10 Ἡ ἐκ δύο μέσων δευτέρα καθ> <ὲν μόνον σημεῖον δια
ιρεῖται. 
 []


Underfull \hbox (badness 10000) in paragraph at lines 4287--4288

 []


Underfull \hbox (badness 10000) in paragraph at lines 4287--4288

 []


Underfull \hbox (badness 10000) in paragraph at lines 4287--4288

 []

File: Book10/fig044g.pdf Graphic file (type pdf)
<use Book10/fig044g.pdf>
File: Book10/fig044e.pdf Graphic file (type pdf)
<use Book10/fig044e.pdf>

Overfull \vbox (211.20193pt too high) detected at line 4401
 []


Overfull \vbox (210.19818pt too high) detected at line 4401
 []



[356]
Underfull \hbox (badness 10000) in paragraph at lines 4416--4417

 []

File: Book10/fig042g.pdf Graphic file (type pdf)
<use Book10/fig042g.pdf>
File: Book10/fig042e.pdf Graphic file (type pdf)
<use Book10/fig042e.pdf>

Overfull \vbox (31.53111pt too high) detected at line 4472
 []


Overfull \vbox (30.52736pt too high) detected at line 4472
 []



[357]
File: Book10/fig042g.pdf Graphic file (type pdf)
<use Book10/fig042g.pdf>
File: Book10/fig042e.pdf Graphic file (type pdf)
<use Book10/fig042e.pdf>

Overfull \vbox (31.53111pt too high) detected at line 4542
 []


Overfull \vbox (30.52736pt too high) detected at line 4542
 []



[358]
Underfull \hbox (badness 10000) in paragraph at lines 4556--4557

 []

File: Book10/fig047g.pdf Graphic file (type pdf)
<use Book10/fig047g.pdf>

Overfull \hbox (13.20532pt too wide) in paragraph at lines 4587--4587
\TU/TimesNewRoman(1)/m/n/10 ὑπόθεσιν τὴν ΑΓ, καὶ ἐκκείσθω <ρητὴ ἡ ΕΖ, καὶ παραβ
εβλήσθω
 []

File: Book10/fig047e.pdf Graphic file (type pdf)
<use Book10/fig047e.pdf>

Overfull \vbox (270.42303pt too high) detected at line 4631
 []


Overfull \vbox (268.41553pt too high) detected at line 4631
 []



[359]
Overfull \hbox (5.2447pt too wide) in paragraph at lines 4646--4652
[]\TU/TimesNewRoman(1)/m/n/10 5\TU/TimesNewRoman(0)/m/n/10 . \TU/TimesNewRoman(
1)/m/n/10 Ὑποκειμένηξ <ρητῆξ καὶ τῆξ ἐκ δύο ὀνομάτων διῃρημένηξ
 []


Overfull \hbox (4.8785pt too wide) in paragraph at lines 4729--4730
[]\TU/TimesNewRoman(1)/m/n/10 Ἐκκείσθωσαν δύο ἀριθμοὶ οἱ ΑΓ, ΓΒ, <ώστε τὸν συγκ
είμενον
 []


Underfull \hbox (badness 10000) in paragraph at lines 4729--4730

 []


Underfull \hbox (badness 10000) in paragraph at lines 4729--4730

 []


Underfull \hbox (badness 10000) in paragraph at lines 4729--4730

 []


Underfull \hbox (badness 10000) in paragraph at lines 4729--4730

 []


Underfull \hbox (badness 10000) in paragraph at lines 4729--4730

 []

File: Book10/fig048g.pdf Graphic file (type pdf)
<use Book10/fig048g.pdf>
File: Book10/fig048e.pdf Graphic file (type pdf)
<use Book10/fig048e.pdf>

Overfull \vbox (121.8684pt too high) detected at line 4795
 []


Overfull \vbox (120.86465pt too high) detected at line 4795
 []



[360]
Overfull \hbox (4.8785pt too wide) in paragraph at lines 4829--4830
[]\TU/TimesNewRoman(1)/m/n/10 Ἐκκείσθωσαν δύο ἀριθμοὶ οἱ ΑΓ, ΓΒ, <ώστε τὸν συγκ
είμενον
 []


Underfull \hbox (badness 10000) in paragraph at lines 4829--4830

 []


Underfull \hbox (badness 10000) in paragraph at lines 4829--4830

 []


Underfull \hbox (badness 10000) in paragraph at lines 4829--4830

 []


Underfull \hbox (badness 10000) in paragraph at lines 4829--4830

 []


Underfull \hbox (badness 10000) in paragraph at lines 4829--4830

 []

File: Book10/fig049g.pdf Graphic file (type pdf)
<use Book10/fig049g.pdf>
File: Book10/fig049e.pdf Graphic file (type pdf)
<use Book10/fig049e.pdf>

Overfull \vbox (121.8684pt too high) detected at line 4896
 []


Overfull \vbox (120.86465pt too high) detected at line 4896
 []



[361]
Overfull \hbox (4.8785pt too wide) in paragraph at lines 4937--4938
[]\TU/TimesNewRoman(1)/m/n/10 Ἐκκείσθωσαν δύο ἀριθμοὶ οἱ ΑΓ, ΓΒ, <ώστε τὸν συγκ
είμενον
 []


Underfull \hbox (badness 10000) in paragraph at lines 4937--4938

 []


Underfull \hbox (badness 10000) in paragraph at lines 4937--4938

 []


Underfull \hbox (badness 10000) in paragraph at lines 4937--4938

 []


Underfull \hbox (badness 10000) in paragraph at lines 4937--4938

 []


Underfull \hbox (badness 10000) in paragraph at lines 4937--4938

 []


Underfull \hbox (badness 10000) in paragraph at lines 4937--4938

 []


Underfull \hbox (badness 10000) in paragraph at lines 4937--4938

 []

File: Book10/fig050g.pdf Graphic file (type pdf)
<use Book10/fig050g.pdf>
File: Book10/fig050e.pdf Graphic file (type pdf)
<use Book10/fig050e.pdf>

Overfull \vbox (139.93585pt too high) detected at line 5027
 []


Overfull \vbox (138.9321pt too high) detected at line 5027
 []



[362]
File: Book10/fig051g.pdf Graphic file (type pdf)
<use Book10/fig051g.pdf>
File: Book10/fig051e.pdf Graphic file (type pdf)
<use Book10/fig051e.pdf>

Overfull \vbox (161.01456pt too high) detected at line 5118
 []


Overfull \vbox (160.0108pt too high) detected at line 5118
 []



[363]
File: Book10/fig052g.pdf Graphic file (type pdf)
<use Book10/fig052g.pdf>
File: Book10/fig052e.pdf Graphic file (type pdf)
<use Book10/fig052e.pdf>

Overfull \vbox (161.01456pt too high) detected at line 5212
 []


Overfull \vbox (160.0108pt too high) detected at line 5212
 []



[364]
File: Book10/fig053g.pdf Graphic file (type pdf)
<use Book10/fig053g.pdf>
File: Book10/fig053e.pdf Graphic file (type pdf)
<use Book10/fig053e.pdf>

Overfull \vbox (120.86465pt too high) detected at line 5330
 []


Overfull \vbox (120.86465pt too high) detected at line 5330
 []



[365]

[366]
Overfull \hbox (22.78375pt too wide) in paragraph at lines 5349--5350
\TU/TimesNewRoman(1)/m/n/10 καὶ ἡ ΖΒ τῆ| ΒΗ. καὶ συμπεπληρώσθω τὸ ΑΓ παραλληλόγ
ραμμον;
 []

File: Book10/fig053ag.pdf Graphic file (type pdf)
<use Book10/fig053ag.pdf>
File: Book10/fig053ae.pdf Graphic file (type pdf)
<use Book10/fig053ae.pdf>

Overfull \vbox (224.25066pt too high) detected at line 5410
 []


Overfull \vbox (223.2469pt too high) detected at line 5410
 []



[367]
Overfull \hbox (2.3606pt too wide) in paragraph at lines 5424--5425
[]\TU/TimesNewRoman(1)/m/n/10 Ἐὰν θωρίον περιέθηται ὑπὸ <ρητῆξ καὶ τῆξ ἐκ δύο ὀ
νομάτων
 []

File: Book10/fig054g.pdf Graphic file (type pdf)
<use Book10/fig054g.pdf>
File: Book10/fig054e.pdf Graphic file (type pdf)
<use Book10/fig054e.pdf>

Overfull \vbox (242.3181pt too high) detected at line 5558
 []


Overfull \vbox (244.3256pt too high) detected at line 5558
 []



[368]

[369]
Overfull \hbox (2.3606pt too wide) in paragraph at lines 5576--5577
[]\TU/TimesNewRoman(1)/m/n/10 Ἐὰν θωρίον περιέθηται ὑπὸ <ρητῆξ καὶ τῆξ ἐκ δύο ὁ
νομάτων
 []


Overfull \hbox (2.43286pt too wide) in paragraph at lines 5576--5577
\TU/TimesNewRoman(1)/m/n/10 δευτέραξ, ἡ τὸ θωρίον δυναμένη >άλογόξ ἐστιν ἡ καλο
υμένη
 []

File: Book10/fig054g.pdf Graphic file (type pdf)
<use Book10/fig054g.pdf>
File: Book10/fig054e.pdf Graphic file (type pdf)
<use Book10/fig054e.pdf>

Overfull \vbox (242.3181pt too high) detected at line 5698
 []


Overfull \vbox (244.3256pt too high) detected at line 5698
 []



[370]
Overfull \hbox (2.3606pt too wide) in paragraph at lines 5716--5717
[]\TU/TimesNewRoman(1)/m/n/10 Ἐὰν θωρίον περιέθηται ὑπὸ <ρητῆξ καὶ τῆξ ἐκ δύο ὀ
νομάτων
 []

File: Book10/fig054g.pdf Graphic file (type pdf)
<use Book10/fig054g.pdf>

Overfull \hbox (2.12378pt too wide) in paragraph at lines 5741--5742
\TU/TimesNewRoman(1)/m/n/10 tout'esti t h| EK, s'ummetroc d`e <h DE t h| EZ, >a
s'ummetroc
 []

File: Book10/fig054e.pdf Graphic file (type pdf)
<use Book10/fig054e.pdf>

Overfull \vbox (242.3181pt too high) detected at line 5784
 []


Overfull \vbox (244.3256pt too high) detected at line 5784
 []



[371]

[372]
Overfull \hbox (2.3606pt too wide) in paragraph at lines 5802--5803
[]\TU/TimesNewRoman(1)/m/n/10 Ἐὰν θωρίον περιέθηται ὑπὸ <ρητῆξ καὶ τῆξ ἐκ δύο ὀ
νομάτων
 []


Overfull \hbox (1.83716pt too wide) in paragraph at lines 5802--5803
\TU/TimesNewRoman(1)/m/n/10 τετάρτηξ, ἡ τὸ θωρίον δυναμένη >άλογόξ ἐστιν ἡ καλο
υμένη
 []

File: Book10/fig054g.pdf Graphic file (type pdf)
<use Book10/fig054g.pdf>
File: Book10/fig054e.pdf Graphic file (type pdf)
<use Book10/fig054e.pdf>

Overfull \vbox (242.3181pt too high) detected at line 5893
 []


Overfull \vbox (244.3256pt too high) detected at line 5893
 []



[373]
Overfull \hbox (27.30434pt too wide) in paragraph at lines 5894--5898
\TU/TimesNewRoman(0)/m/n/8 fourth binomial straight-line has a length $\OML/cmm
/m/it/8 k \OT1/cmr/m/n/8 (1 + 1/[])$ \TU/TimesNewRoman(0)/m/n/8 whose square-ro
ot can be written $\OML/cmm/m/it/8 ^^Z [] \OT1/cmr/m/n/8 + \OML/cmm/m/it/8 ^^Z 
[]$\TU/TimesNewRoman(0)/m/n/8 ,
 []


Overfull \hbox (2.3606pt too wide) in paragraph at lines 5911--5912
[]\TU/TimesNewRoman(1)/m/n/10 Ἐὰν θωρίον περιέθηται ὑπὸ <ρητῆξ καὶ τῆξ ἐκ δύο ὀ
νομάτων
 []


Underfull \hbox (badness 10000) in paragraph at lines 5921--5922

 []


Underfull \hbox (badness 10000) in paragraph at lines 5921--5922

 []


Underfull \hbox (badness 10000) in paragraph at lines 5921--5922

 []

File: Book10/fig054g.pdf Graphic file (type pdf)
<use Book10/fig054g.pdf>
File: Book10/fig054e.pdf Graphic file (type pdf)
<use Book10/fig054e.pdf>

Overfull \vbox (242.3181pt too high) detected at line 5989
 []


Overfull \vbox (244.3256pt too high) detected at line 5989
 []



[374]
Overfull \hbox (2.3606pt too wide) in paragraph at lines 6008--6009
[]\TU/TimesNewRoman(1)/m/n/10 Ἐὰν θωρίον περιέθηται ὑπὸ <ρητῆξ καὶ τῆξ ἐκ δύο ὀ
νομάτων
 []


Underfull \hbox (badness 10000) in paragraph at lines 6008--6009

 []

File: Book10/fig054g.pdf Graphic file (type pdf)
<use Book10/fig054g.pdf>

Overfull \hbox (4.85611pt too wide) in paragraph at lines 6031--6032
[]\TU/TimesNewRoman(1)/m/n/10 Κατεσκευάσθω [γὰρ] τὰ αὐτὰ τοῖξ προδεδειγμένοιξ. 
φανερὸν
 []


Overfull \hbox (7.94963pt too wide) in paragraph at lines 6031--6032
\TU/TimesNewRoman(1)/m/n/10 δή, <ότι [ἡ] τὸ ΑΓ δυναμένη ἐστὶν ἡ ΜΧ, καὶ <ότι ἀσ
ύμμετρόξ
 []


Overfull \hbox (8.77238pt too wide) in paragraph at lines 6031--6032
\TU/TimesNewRoman(1)/m/n/10 συγκείμενον ἐκ τῶν ἀπὸ τῶν ΜΝ, ΝΧ. πάλιν, ἐπεὶ ἀσύμ
μετρόξ
 []

File: Book10/fig054e.pdf Graphic file (type pdf)
<use Book10/fig054e.pdf>

Overfull \vbox (242.3181pt too high) detected at line 6076
 []


Overfull \vbox (244.3256pt too high) detected at line 6076
 []



[375]
Overfull \hbox (6.64119pt too wide) in paragraph at lines 6093--6094
\TU/TimesNewRoman(1)/m/n/10 τετράγωνα μείζονά ἐστι τοῦ δὶξ ὑπὸ τῶν ἀνίσων περιε
θομένου
 []

File: Book10/fig059ag.pdf Graphic file (type pdf)
<use Book10/fig059ag.pdf>
File: Book10/fig059ae.pdf Graphic file (type pdf)
<use Book10/fig059ae.pdf>

Overfull \vbox (31.53111pt too high) detected at line 6139
 []


Overfull \vbox (31.53111pt too high) detected at line 6139
 []


Underfull \hbox (badness 10000) in paragraph at lines 6152--6153

 []

File: Book10/fig060g.pdf Graphic file (type pdf)
<use Book10/fig060g.pdf>
File: Book10/fig060e.pdf Graphic file (type pdf)
<use Book10/fig060e.pdf>

Overfull \vbox (229.26938pt too high) detected at line 6269
 []


Overfull \vbox (228.26564pt too high) detected at line 6269
 []



[376]

[377]
Overfull \hbox (17.82935pt too wide) in paragraph at lines 6283--6284
[]\TU/TimesNewRoman(1)/m/n/10 Τὸ ἀπὸ τῆξ ἐκ δύο μέσων πρώτηξ παρὰ <ρητὴν παραβα
λλόμενον
 []


Underfull \hbox (badness 10000) in paragraph at lines 6300--6301

 []


Underfull \hbox (badness 10000) in paragraph at lines 6300--6301

 []


Underfull \hbox (badness 10000) in paragraph at lines 6300--6301

 []


Underfull \hbox (badness 10000) in paragraph at lines 6300--6301

 []


Underfull \hbox (badness 10000) in paragraph at lines 6300--6301

 []


Underfull \hbox (badness 10000) in paragraph at lines 6300--6301

 []


Underfull \hbox (badness 10000) in paragraph at lines 6300--6301

 []


Underfull \hbox (badness 10000) in paragraph at lines 6300--6301

 []

File: Book10/fig060g.pdf Graphic file (type pdf)
<use Book10/fig060g.pdf>
File: Book10/fig060e.pdf Graphic file (type pdf)
<use Book10/fig060e.pdf>

Overfull \vbox (229.26938pt too high) detected at line 6359
 []


Overfull \vbox (228.26564pt too high) detected at line 6359
 []



[378]
Overfull \hbox (24.26978pt too wide) in paragraph at lines 6374--6375
[]\TU/TimesNewRoman(1)/m/n/10 Τὸ ἀπὸ τῆξ ἐκ δύο μέσων δευτέραξ παρὰ <ρητὴν παρα
βαλλόμενον
 []


Underfull \hbox (badness 10000) in paragraph at lines 6397--6398

 []


Underfull \hbox (badness 10000) in paragraph at lines 6397--6398

 []


Underfull \hbox (badness 10000) in paragraph at lines 6397--6398

 []


Underfull \hbox (badness 10000) in paragraph at lines 6397--6398

 []


Underfull \hbox (badness 10000) in paragraph at lines 6397--6398

 []


Underfull \hbox (badness 10000) in paragraph at lines 6397--6398

 []


Underfull \hbox (badness 10000) in paragraph at lines 6397--6398

 []


Underfull \hbox (badness 10000) in paragraph at lines 6397--6398

 []


Underfull \hbox (badness 10000) in paragraph at lines 6397--6398

 []

File: Book10/fig060g.pdf Graphic file (type pdf)
<use Book10/fig060g.pdf>
File: Book10/fig060e.pdf Graphic file (type pdf)
<use Book10/fig060e.pdf>

Overfull \vbox (229.26938pt too high) detected at line 6458
 []


Overfull \vbox (228.26564pt too high) detected at line 6458
 []



[379]
Overfull \hbox (8.18576pt too wide) in paragraph at lines 6478--6479
\TU/TimesNewRoman(1)/m/n/10 >ίσον παρὰ τὴν ΔΕ παραβεβλήσθω τὸ ΔΖ παραλληλόγραμμ
ον
 []


Underfull \hbox (badness 10000) in paragraph at lines 6478--6479

 []

File: Book10/fig060g.pdf Graphic file (type pdf)
<use Book10/fig060g.pdf>
File: Book10/fig060e.pdf Graphic file (type pdf)
<use Book10/fig060e.pdf>

Overfull \vbox (229.26938pt too high) detected at line 6561
 []


Overfull \vbox (228.26564pt too high) detected at line 6561
 []



[380]
Underfull \hbox (badness 10000) in paragraph at lines 6562--6564

 []


Overfull \hbox (6.04874pt too wide) in paragraph at lines 6577--6578
\TU/TimesNewRoman(1)/m/n/10 παραβαλλόμενον πλάτοξ ποιεῖ τὴν ἐκ δύο ὀνομάτων πέμ
πτην. 
 []


Underfull \hbox (badness 10000) in paragraph at lines 6583--6584

 []


Underfull \hbox (badness 10000) in paragraph at lines 6583--6584

 []

File: Book10/fig060g.pdf Graphic file (type pdf)
<use Book10/fig060g.pdf>
File: Book10/fig060e.pdf Graphic file (type pdf)
<use Book10/fig060e.pdf>

Overfull \vbox (229.26938pt too high) detected at line 6657
 []


Overfull \vbox (228.26564pt too high) detected at line 6657
 []



[381]
Overfull \hbox (13.92635pt too wide) in paragraph at lines 6672--6673
[]\TU/TimesNewRoman(1)/m/n/10 Τὸ ἀπὸ τῆξ δύο μέσα δυναμένηξ παρὰ <ρητὴν παραβαλ
λόμενον
 []


Underfull \hbox (badness 10000) in paragraph at lines 6676--6677

 []


Underfull \hbox (badness 10000) in paragraph at lines 6676--6677

 []

File: Book10/fig060g.pdf Graphic file (type pdf)
<use Book10/fig060g.pdf>
File: Book10/fig060e.pdf Graphic file (type pdf)
<use Book10/fig060e.pdf>

Overfull \vbox (229.26938pt too high) detected at line 6743
 []


Overfull \vbox (228.26564pt too high) detected at line 6743
 []



[382]

[383]
Underfull \hbox (badness 10000) in paragraph at lines 6744--6746

 []

File: Book10/fig066g.pdf Graphic file (type pdf)
<use Book10/fig066g.pdf>
File: Book10/fig066e.pdf Graphic file (type pdf)
<use Book10/fig066e.pdf>

Overfull \vbox (85.73349pt too high) detected at line 6866
 []


Overfull \vbox (84.72974pt too high) detected at line 6866
 []



[384]
File: Book10/fig066g.pdf Graphic file (type pdf)
<use Book10/fig066g.pdf>
File: Book10/fig066e.pdf Graphic file (type pdf)
<use Book10/fig066e.pdf>

Overfull \vbox (85.73349pt too high) detected at line 6959
 []


Overfull \vbox (84.72974pt too high) detected at line 6959
 []



[385]
Underfull \hbox (badness 10000) in paragraph at lines 6971--6972

 []

File: Book10/fig066g.pdf Graphic file (type pdf)
<use Book10/fig066g.pdf>
File: Book10/fig066e.pdf Graphic file (type pdf)
<use Book10/fig066e.pdf>

Overfull \vbox (85.73349pt too high) detected at line 7060
 []


Overfull \vbox (84.72974pt too high) detected at line 7060
 []



[386]
Underfull \hbox (badness 10000) in paragraph at lines 7073--7074

 []

File: Book10/fig066g.pdf Graphic file (type pdf)
<use Book10/fig066g.pdf>
File: Book10/fig066e.pdf Graphic file (type pdf)
<use Book10/fig066e.pdf>

Overfull \vbox (85.73349pt too high) detected at line 7127
 []


Overfull \vbox (84.72974pt too high) detected at line 7127
 []


Underfull \hbox (badness 10000) in paragraph at lines 7143--7144

 []


Underfull \hbox (badness 10000) in paragraph at lines 7143--7144

 []


Underfull \hbox (badness 10000) in paragraph at lines 7143--7144

 []

File: Book10/fig066g.pdf Graphic file (type pdf)
<use Book10/fig066g.pdf>
File: Book10/fig066e.pdf Graphic file (type pdf)
<use Book10/fig066e.pdf>

Overfull \vbox (85.73349pt too high) detected at line 7199
 []


Overfull \vbox (84.72974pt too high) detected at line 7199
 []



[387]
Overfull \hbox (2.02367pt too wide) in paragraph at lines 7254--7255
\TU/TimesNewRoman(1)/m/n/10 ποιοῦν τὴν ΕΘ; τῶ| δὲ ΔΓ >ίσον παρὰ τὴν ΕΖ παραβεβλ
ήσθω
 []


Underfull \hbox (badness 10000) in paragraph at lines 7274--7275

 []


Underfull \hbox (badness 10000) in paragraph at lines 7274--7275

 []


Underfull \hbox (badness 10000) in paragraph at lines 7274--7275

 []


Underfull \hbox (badness 10000) in paragraph at lines 7274--7275

 []


Underfull \hbox (badness 10000) in paragraph at lines 7274--7275

 []


Underfull \hbox (badness 10000) in paragraph at lines 7274--7275

 []


Underfull \hbox (badness 10000) in paragraph at lines 7274--7275

 []


Underfull \hbox (badness 10000) in paragraph at lines 7274--7275

 []


Underfull \hbox (badness 10000) in paragraph at lines 7274--7275

 []


Underfull \hbox (badness 10000) in paragraph at lines 7274--7275

 []


Underfull \hbox (badness 10000) in paragraph at lines 7274--7275

 []


Underfull \hbox (badness 10000) in paragraph at lines 7274--7275

 []


Underfull \hbox (badness 10000) in paragraph at lines 7274--7275

 []


Underfull \hbox (badness 10000) in paragraph at lines 7274--7275

 []


Underfull \hbox (badness 10000) in paragraph at lines 7274--7275

 []


Underfull \hbox (badness 10000) in paragraph at lines 7274--7275

 []


Underfull \hbox (badness 10000) in paragraph at lines 7274--7275

 []


Underfull \hbox (badness 10000) in paragraph at lines 7274--7275

 []


Underfull \hbox (badness 10000) in paragraph at lines 7274--7275

 []


Underfull \hbox (badness 10000) in paragraph at lines 7274--7275

 []


Underfull \hbox (badness 10000) in paragraph at lines 7274--7275

 []


Underfull \hbox (badness 10000) in paragraph at lines 7274--7275

 []


Underfull \hbox (badness 10000) in paragraph at lines 7274--7275

 []


Underfull \hbox (badness 10000) in paragraph at lines 7274--7275

 []


Underfull \hbox (badness 10000) in paragraph at lines 7274--7275

 []


Underfull \hbox (badness 10000) in paragraph at lines 7274--7275

 []

File: Book10/fig071g.pdf Graphic file (type pdf)
<use Book10/fig071g.pdf>
File: Book10/fig071e.pdf Graphic file (type pdf)
<use Book10/fig071e.pdf>

Overfull \vbox (295.51672pt too high) detected at line 7378
 []


Overfull \vbox (296.52048pt too high) detected at line 7378
 []



[388]

[389]
Underfull \hbox (badness 10000) in paragraph at lines 7425--7426

 []


Underfull \hbox (badness 10000) in paragraph at lines 7425--7426

 []


Underfull \hbox (badness 10000) in paragraph at lines 7425--7426

 []


Underfull \hbox (badness 10000) in paragraph at lines 7425--7426

 []


Underfull \hbox (badness 10000) in paragraph at lines 7425--7426

 []


Underfull \hbox (badness 10000) in paragraph at lines 7425--7426

 []


Underfull \hbox (badness 10000) in paragraph at lines 7425--7426

 []


Underfull \hbox (badness 10000) in paragraph at lines 7425--7426

 []


Underfull \hbox (badness 10000) in paragraph at lines 7425--7426

 []


Underfull \hbox (badness 10000) in paragraph at lines 7425--7426

 []


Underfull \hbox (badness 10000) in paragraph at lines 7425--7426

 []


Underfull \hbox (badness 10000) in paragraph at lines 7425--7426

 []


Underfull \hbox (badness 10000) in paragraph at lines 7425--7426

 []


Underfull \hbox (badness 10000) in paragraph at lines 7425--7426

 []

File: Book10/fig071g.pdf Graphic file (type pdf)
<use Book10/fig071g.pdf>

Underfull \hbox (badness 10000) in paragraph at lines 7436--7437

 []

File: Book10/fig071e.pdf Graphic file (type pdf)
<use Book10/fig071e.pdf>

Underfull \hbox (badness 10000) in paragraph at lines 7516--7519

 []


Overfull \hbox (2.40599pt too wide) in paragraph at lines 7520--7539
[]\TU/TimesNewRoman(0)/m/n/10 A binomial (straight-line), and the (other) irrat
ional (straight-
 []


Overfull \vbox (296.52048pt too high) detected at line 7540
 []


Overfull \vbox (295.51672pt too high) detected at line 7540
 []



[390]

[391]
Overfull \hbox (1.98135pt too wide) in paragraph at lines 7553--7554
[]\TU/TimesNewRoman(1)/m/n/10 Ἐὰν ἀπὸ <ρητῆξ <ρητὴ ἀφαιρεθῆ| δυνάμει μόνον σύμμ
ετροξ
 []


Underfull \hbox (badness 10000) in paragraph at lines 7553--7554

 []


Underfull \hbox (badness 10000) in paragraph at lines 7553--7554

 []

File: Book10/fig073g.pdf Graphic file (type pdf)
<use Book10/fig073g.pdf>
File: Book10/fig073e.pdf Graphic file (type pdf)
<use Book10/fig073e.pdf>

Overfull \vbox (30.52736pt too high) detected at line 7602
 []


Overfull \vbox (31.53111pt too high) detected at line 7602
 []



[392]
Underfull \hbox (badness 10000) in paragraph at lines 7617--7618

 []


Underfull \hbox (badness 10000) in paragraph at lines 7617--7618

 []


Underfull \hbox (badness 10000) in paragraph at lines 7617--7618

 []

File: Book10/fig073g.pdf Graphic file (type pdf)
<use Book10/fig073g.pdf>
File: Book10/fig073e.pdf Graphic file (type pdf)
<use Book10/fig073e.pdf>

Overfull \vbox (31.53111pt too high) detected at line 7668
 []


Overfull \vbox (30.52736pt too high) detected at line 7668
 []



[393]
Underfull \hbox (badness 10000) in paragraph at lines 7689--7690

 []


Underfull \hbox (badness 10000) in paragraph at lines 7689--7690

 []


Underfull \hbox (badness 10000) in paragraph at lines 7689--7690

 []


Underfull \hbox (badness 10000) in paragraph at lines 7689--7690

 []


Underfull \hbox (badness 10000) in paragraph at lines 7689--7690

 []

File: Book10/fig075g.pdf Graphic file (type pdf)
<use Book10/fig075g.pdf>
File: Book10/fig075e.pdf Graphic file (type pdf)
<use Book10/fig075e.pdf>

Overfull \vbox (247.33684pt too high) detected at line 7779
 []


Overfull \vbox (246.3331pt too high) detected at line 7779
 []



[394]
Underfull \hbox (badness 10000) in paragraph at lines 7795--7796

 []


Underfull \hbox (badness 10000) in paragraph at lines 7795--7796

 []

File: Book10/fig073g.pdf Graphic file (type pdf)
<use Book10/fig073g.pdf>
File: Book10/fig073e.pdf Graphic file (type pdf)
<use Book10/fig073e.pdf>

Overfull \vbox (31.53111pt too high) detected at line 7841
 []


Overfull \vbox (30.52736pt too high) detected at line 7841
 []


Overfull \hbox (13.91074pt too wide) in paragraph at lines 7858--7859
\TU/TimesNewRoman(1)/m/n/10 ο>ῦσα τῆ| <όλῃ, μετὰ δὲ τῆξ <όληξ ποιοῦσα τὸ μὲν συ
γκείμενον
 []


Underfull \hbox (badness 10000) in paragraph at lines 7858--7859

 []

File: Book10/fig073g.pdf Graphic file (type pdf)
<use Book10/fig073g.pdf>
File: Book10/fig073e.pdf Graphic file (type pdf)
<use Book10/fig073e.pdf>

Overfull \hbox (1.07632pt too wide) in paragraph at lines 7891--7895
\TU/TimesNewRoman(0)/m/n/10 tions), be subtracted from the straight-line $\OML/
cmm/m/it/10 AB$ \TU/TimesNewRoman(0)/m/n/10 [Prop. 10.34].
 []


Overfull \vbox (31.53111pt too high) detected at line 7908
 []


Overfull \vbox (30.52736pt too high) detected at line 7908
 []



[395]
Overfull \hbox (8.04648pt too wide) in paragraph at lines 7926--7927
\TU/TimesNewRoman(1)/m/n/10 ο>ῦσα τῆ| <όλῃ, μετὰ δὲ τῆξ <όληξ ποιοῦσα τό τε συγ
κείμενον
 []


Underfull \hbox (badness 10000) in paragraph at lines 7926--7927

 []


Underfull \hbox (badness 10000) in paragraph at lines 7926--7927

 []

File: Book10/fig078g.pdf Graphic file (type pdf)
<use Book10/fig078g.pdf>
File: Book10/fig078e.pdf Graphic file (type pdf)
<use Book10/fig078e.pdf>

Overfull \vbox (247.33684pt too high) detected at line 8005
 []


Overfull \vbox (246.3331pt too high) detected at line 8005
 []



[396]
Overfull \hbox (3.61534pt too wide) in paragraph at lines 8019--8020
[]\TU/TimesNewRoman(1)/m/n/10 Τῆ| ἀποτομῆ| μία [μόνον] προσαρμόζει εὐθεῖα <ρητὴ
 δυνάμει
 []


Underfull \hbox (badness 10000) in paragraph at lines 8019--8020

 []

File: Book10/fig079g.pdf Graphic file (type pdf)
<use Book10/fig079g.pdf>
File: Book10/fig079e.pdf Graphic file (type pdf)
<use Book10/fig079e.pdf>

Overfull \vbox (30.52736pt too high) detected at line 8084
 []


Overfull \vbox (31.53111pt too high) detected at line 8084
 []



[397]
Underfull \hbox (badness 10000) in paragraph at lines 8101--8102

 []

File: Book10/fig079g.pdf Graphic file (type pdf)
<use Book10/fig079g.pdf>
File: Book10/fig079e.pdf Graphic file (type pdf)
<use Book10/fig079e.pdf>

Overfull \vbox (31.53111pt too high) detected at line 8177
 []


Overfull \vbox (30.52736pt too high) detected at line 8177
 []



[398]
Underfull \hbox (badness 10000) in paragraph at lines 8194--8195

 []

File: Book10/fig081g.pdf Graphic file (type pdf)
<use Book10/fig081g.pdf>

Overfull \hbox (21.35133pt too wide) in paragraph at lines 8203--8204
[]\TU/TimesNewRoman(1)/m/n/10 >'Εστω μέσηξ ἀποτομὴ δευτέρα ἡ ΑΒ καὶ τῆ| ΑΒ προσ
αρμόζουσα
 []

File: Book10/fig081e.pdf Graphic file (type pdf)
<use Book10/fig081e.pdf>

Overfull \vbox (247.33684pt too high) detected at line 8323
 []


Overfull \vbox (246.3331pt too high) detected at line 8323
 []



[399]
Overfull \hbox (21.89835pt too wide) in paragraph at lines 8341--8342
[]\TU/TimesNewRoman(1)/m/n/10 Τῆ| ἐλάσσονι μία μόνον προσαρμόζει εὐθεῖα δυνάμει
 ἀσύμμετροξ
 []


Underfull \hbox (badness 10000) in paragraph at lines 8341--8342

 []

File: Book10/fig079g.pdf Graphic file (type pdf)
<use Book10/fig079g.pdf>
File: Book10/fig079e.pdf Graphic file (type pdf)
<use Book10/fig079e.pdf>

Overfull \vbox (31.53111pt too high) detected at line 8406
 []


Overfull \vbox (30.52736pt too high) detected at line 8406
 []



[400]
Underfull \hbox (badness 10000) in paragraph at lines 8423--8424

 []


Underfull \hbox (badness 10000) in paragraph at lines 8423--8424

 []

File: Book10/fig079g.pdf Graphic file (type pdf)
<use Book10/fig079g.pdf>
File: Book10/fig079e.pdf Graphic file (type pdf)
<use Book10/fig079e.pdf>

Overfull \vbox (30.52736pt too high) detected at line 8488
 []


Overfull \vbox (31.53111pt too high) detected at line 8488
 []


Overfull \hbox (12.47778pt too wide) in paragraph at lines 8505--8506
[]\TU/TimesNewRoman(1)/m/n/10 Τῆ| μετὰ μέσου μέσον τὸ <όλον ποιούσῃ μία μόνη πρ
οσαρμόζει
 []


Underfull \hbox (badness 10000) in paragraph at lines 8510--8511

 []


Underfull \hbox (badness 10000) in paragraph at lines 8510--8511

 []


Underfull \hbox (badness 10000) in paragraph at lines 8510--8511

 []


Underfull \hbox (badness 10000) in paragraph at lines 8510--8511

 []

File: Book10/fig081g.pdf Graphic file (type pdf)
<use Book10/fig081g.pdf>
File: Book10/fig081e.pdf Graphic file (type pdf)
<use Book10/fig081e.pdf>

Overfull \vbox (247.33684pt too high) detected at line 8608
 []


Overfull \vbox (246.3331pt too high) detected at line 8608
 []



[401]

[402]
Overfull \hbox (9.92297pt too wide) in paragraph at lines 8636--8640
\TU/TimesNewRoman(1)/m/n/10 τῶ| ἀπὸ ἀσυμμέτρου ἑαυτῆ| [μήκει], ἒαν μὲν ἡ <όλη σ
ύμμετροξ
 []

File: Book10/fig085g.pdf Graphic file (type pdf)
<use Book10/fig085g.pdf>
File: Book10/fig085e.pdf Graphic file (type pdf)
<use Book10/fig085e.pdf>

Overfull \vbox (88.74472pt too high) detected at line 8784
 []


Overfull \vbox (87.74098pt too high) detected at line 8784
 []



[403]
Overfull \hbox (9.08003pt too wide) in paragraph at lines 8811--8812
\TU/TimesNewRoman(1)/m/n/10 ἀριθμοὶ οἱ ΔΕ, ΕΖ, <ῶν ἡ ὑπεροθὴ ὁ ΔΖ μὴ >έστω τετρ
άγωνοξ.
 []


Underfull \hbox (badness 10000) in paragraph at lines 8811--8812

 []


Underfull \hbox (badness 10000) in paragraph at lines 8811--8812

 []


Underfull \hbox (badness 10000) in paragraph at lines 8811--8812

 []


Underfull \hbox (badness 10000) in paragraph at lines 8811--8812

 []

File: Book10/fig086g.pdf Graphic file (type pdf)
<use Book10/fig086g.pdf>
File: Book10/fig086e.pdf Graphic file (type pdf)
<use Book10/fig086e.pdf>

Overfull \vbox (87.74098pt too high) detected at line 8876
 []


Overfull \vbox (88.74472pt too high) detected at line 8876
 []



[404]
File: Book10/fig087g.pdf Graphic file (type pdf)
<use Book10/fig087g.pdf>
File: Book10/fig087e.pdf Graphic file (type pdf)
<use Book10/fig087e.pdf>

Overfull \vbox (142.94708pt too high) detected at line 9014
 []


Overfull \vbox (141.94334pt too high) detected at line 9014
 []



[405]
File: Book10/fig088g.pdf Graphic file (type pdf)
<use Book10/fig088g.pdf>
File: Book10/fig088e.pdf Graphic file (type pdf)
<use Book10/fig088e.pdf>

Overfull \hbox (34.74777pt too wide) in paragraph at lines 9097--9112
\TU/TimesNewRoman(0)/m/n/10 (square) on $\OML/cmm/m/it/10 BG$ \TU/TimesNewRoman
(0)/m/n/10 is greater than the (square) on $\OML/cmm/m/it/10 GC$ \TU/TimesNewRo
man(0)/m/n/10 [Prop. 10.13 lem.].
 []


Overfull \vbox (88.74472pt too high) detected at line 9114
 []


Overfull \vbox (87.74098pt too high) detected at line 9114
 []



[406]
File: Book10/fig089g.pdf Graphic file (type pdf)
<use Book10/fig089g.pdf>
File: Book10/fig089e.pdf Graphic file (type pdf)
<use Book10/fig089e.pdf>

Overfull \hbox (34.74777pt too wide) in paragraph at lines 9197--9211
\TU/TimesNewRoman(0)/m/n/10 (square) on $\OML/cmm/m/it/10 BG$ \TU/TimesNewRoman
(0)/m/n/10 is greater than the (square) on $\OML/cmm/m/it/10 GC$ \TU/TimesNewRo
man(0)/m/n/10 [Prop. 10.13 lem.].
 []


Overfull \vbox (88.74472pt too high) detected at line 9214
 []


Overfull \vbox (87.74098pt too high) detected at line 9214
 []



[407]
Underfull \hbox (badness 10000) in paragraph at lines 9235--9236

 []

File: Book10/fig090g.pdf Graphic file (type pdf)
<use Book10/fig090g.pdf>
File: Book10/fig090e.pdf Graphic file (type pdf)
<use Book10/fig090e.pdf>

Overfull \vbox (142.94708pt too high) detected at line 9355
 []


Overfull \vbox (141.94334pt too high) detected at line 9355
 []



[408]

[409]
Overfull \hbox (21.90787pt too wide) in paragraph at lines 9385--9386
[]\TU/TimesNewRoman(1)/m/n/10 Ἐπεὶ γὰρ ἀποτομή ἐστι πρώτη ἡ ΑΔ, >έστω αὐτῆ| προ
σαρμόζουσα
 []


Overfull \hbox (4.43172pt too wide) in paragraph at lines 9385--9386
\TU/TimesNewRoman(1)/m/n/10 ἡ ΔΗ; αἱ ΑΗ, ΗΔ >άρα <ρηταί εἰσι δυνάμει μόνον σύμμ
ετροι.
 []


Underfull \hbox (badness 10000) in paragraph at lines 9385--9386

 []


Underfull \hbox (badness 10000) in paragraph at lines 9385--9386

 []


Underfull \hbox (badness 10000) in paragraph at lines 9385--9386

 []


Underfull \hbox (badness 10000) in paragraph at lines 9385--9386

 []


Underfull \hbox (badness 10000) in paragraph at lines 9385--9386

 []

File: Book10/fig091g.pdf Graphic file (type pdf)
<use Book10/fig091g.pdf>
File: Book10/fig091e.pdf Graphic file (type pdf)
<use Book10/fig091e.pdf>

Overfull \vbox (224.25066pt too high) detected at line 9514
 []


Overfull \vbox (223.2469pt too high) detected at line 9514
 []



[410]

[411]
Underfull \hbox (badness 10000) in paragraph at lines 9527--9528

 []

File: Book10/fig092g.pdf Graphic file (type pdf)
<use Book10/fig092g.pdf>

Overfull \hbox (1.7867pt too wide) in paragraph at lines 9555--9556
\TU/TimesNewRoman(1)/m/n/10 <ρηταί εἰσι δυνάμει μόνον σύμμετροι, καὶ ἡ προσαρμό
ζουσα
 []

File: Book10/fig092e.pdf Graphic file (type pdf)
<use Book10/fig092e.pdf>

Overfull \vbox (224.25066pt too high) detected at line 9668
 []


Overfull \vbox (223.2469pt too high) detected at line 9668
 []



[412]

[413]
Underfull \hbox (badness 10000) in paragraph at lines 9688--9689

 []

File: Book10/fig093g.pdf Graphic file (type pdf)
<use Book10/fig093g.pdf>
File: Book10/fig093e.pdf Graphic file (type pdf)
<use Book10/fig093e.pdf>

Overfull \vbox (224.25066pt too high) detected at line 9849
 []


Overfull \vbox (223.2469pt too high) detected at line 9849
 []



[414]

[415]
Underfull \hbox (badness 10000) in paragraph at lines 9887--9888

 []


Underfull \hbox (badness 10000) in paragraph at lines 9887--9888

 []


Underfull \hbox (badness 10000) in paragraph at lines 9887--9888

 []


Underfull \hbox (badness 10000) in paragraph at lines 9887--9888

 []


Underfull \hbox (badness 10000) in paragraph at lines 9887--9888

 []


Underfull \hbox (badness 10000) in paragraph at lines 9887--9888

 []


Underfull \hbox (badness 10000) in paragraph at lines 9887--9888

 []


Underfull \hbox (badness 10000) in paragraph at lines 9887--9888

 []


Underfull \hbox (badness 10000) in paragraph at lines 9887--9888

 []

File: Book10/fig093g.pdf Graphic file (type pdf)
<use Book10/fig093g.pdf>
File: Book10/fig093e.pdf Graphic file (type pdf)
<use Book10/fig093e.pdf>

Overfull \vbox (224.25066pt too high) detected at line 9996
 []


Overfull \vbox (223.2469pt too high) detected at line 9996
 []



[416]
File: Book10/fig093g.pdf Graphic file (type pdf)
<use Book10/fig093g.pdf>

Overfull \hbox (1.7867pt too wide) in paragraph at lines 10032--10033
\TU/TimesNewRoman(1)/m/n/10 <ρηταί εἰσι δυνάμει μόνον σύμμετροι, καὶ ἡ προσαρμό
ζουσα
 []

File: Book10/fig093e.pdf Graphic file (type pdf)
<use Book10/fig093e.pdf>

Overfull \vbox (224.25066pt too high) detected at line 10107
 []


Overfull \vbox (223.2469pt too high) detected at line 10107
 []



[417]

[418]
Underfull \hbox (badness 10000) in paragraph at lines 10120--10121

 []

File: Book10/fig093g.pdf Graphic file (type pdf)
<use Book10/fig093g.pdf>
File: Book10/fig093e.pdf Graphic file (type pdf)
<use Book10/fig093e.pdf>

Underfull \hbox (badness 10000) in paragraph at lines 10232--10232

 []


Overfull \vbox (223.2469pt too high) detected at line 10233
 []


Overfull \vbox (224.25066pt too high) detected at line 10233
 []



[419]
File: Book10/fig097g.pdf Graphic file (type pdf)
<use Book10/fig097g.pdf>
File: Book10/fig097e.pdf Graphic file (type pdf)
<use Book10/fig097e.pdf>

Overfull \vbox (246.3331pt too high) detected at line 10377
 []


Overfull \vbox (246.3331pt too high) detected at line 10377
 []



[420]

[421]
Overfull \hbox (14.12804pt too wide) in paragraph at lines 10390--10391
[]\TU/TimesNewRoman(1)/m/n/10 Τὸ ἀπὸ μέσηξ ἀποτομῆξ πρώτηξ παρὰ <ρητὴν παραβαλλ
όμενον
 []


Underfull \hbox (badness 10000) in paragraph at lines 10417--10418

 []


Underfull \hbox (badness 10000) in paragraph at lines 10417--10418

 []


Underfull \hbox (badness 10000) in paragraph at lines 10417--10418

 []


Underfull \hbox (badness 10000) in paragraph at lines 10417--10418

 []


Underfull \hbox (badness 10000) in paragraph at lines 10417--10418

 []


Underfull \hbox (badness 10000) in paragraph at lines 10417--10418

 []


Underfull \hbox (badness 10000) in paragraph at lines 10417--10418

 []


Underfull \hbox (badness 10000) in paragraph at lines 10417--10418

 []


Underfull \hbox (badness 10000) in paragraph at lines 10417--10418

 []

File: Book10/fig097g.pdf Graphic file (type pdf)
<use Book10/fig097g.pdf>

Overfull \hbox (36.9031pt too wide) in paragraph at lines 10445--10445
[]\TU/TimesNewRoman(1)/m/n/10 Τὸ >άρα ἀπὸ μέσηξ ἀποτομῆξ πρώτηξ παρὰ <ρητὴν παρ
αβαλλόμενον
 []

File: Book10/fig097e.pdf Graphic file (type pdf)
<use Book10/fig097e.pdf>

Overfull \vbox (246.3331pt too high) detected at line 10519
 []


Overfull \vbox (246.3331pt too high) detected at line 10519
 []



[422]

[423]
Overfull \hbox (20.56847pt too wide) in paragraph at lines 10532--10533
[]\TU/TimesNewRoman(1)/m/n/10 Τὸ ἀπὸ μέσηξ ἀποτομῆξ δευτέραξ παρὰ <ρητὴν παραβα
λλόμενον
 []


Underfull \hbox (badness 10000) in paragraph at lines 10536--10537

 []


Underfull \hbox (badness 10000) in paragraph at lines 10536--10537

 []

File: Book10/fig097g.pdf Graphic file (type pdf)
<use Book10/fig097g.pdf>
File: Book10/fig097e.pdf Graphic file (type pdf)
<use Book10/fig097e.pdf>

Overfull \hbox (0.73691pt too wide) in paragraph at lines 10668--10670
[]\TU/TimesNewRoman(0)/m/n/10 Thus, the (square) on a second apotome of a media
l (straight-
 []


Overfull \vbox (246.3331pt too high) detected at line 10671
 []


Overfull \vbox (246.3331pt too high) detected at line 10671
 []



[424]
File: Book10/fig097g.pdf Graphic file (type pdf)
<use Book10/fig097g.pdf>
File: Book10/fig097e.pdf Graphic file (type pdf)
<use Book10/fig097e.pdf>

Overfull \vbox (246.3331pt too high) detected at line 10815
 []


Overfull \vbox (246.3331pt too high) detected at line 10815
 []



[425]

[426]
Underfull \hbox (badness 10000) in paragraph at lines 10828--10829

 []

File: Book10/fig097g.pdf Graphic file (type pdf)
<use Book10/fig097g.pdf>
File: Book10/fig097e.pdf Graphic file (type pdf)
<use Book10/fig097e.pdf>

Overfull \vbox (246.3331pt too high) detected at line 10938
 []


Overfull \vbox (246.3331pt too high) detected at line 10938
 []



[427]
Underfull \hbox (badness 10000) in paragraph at lines 10951--10952

 []

File: Book10/fig097g.pdf Graphic file (type pdf)
<use Book10/fig097g.pdf>
File: Book10/fig097e.pdf Graphic file (type pdf)
<use Book10/fig097e.pdf>

Underfull \hbox (badness 10000) in paragraph at lines 11054--11074

 []


Overfull \vbox (246.3331pt too high) detected at line 11075
 []


Overfull \vbox (246.3331pt too high) detected at line 11075
 []



[428]

[429]
File: Book10/fig103g.pdf Graphic file (type pdf)
<use Book10/fig103g.pdf>

Overfull \hbox (1.57039pt too wide) in paragraph at lines 11108--11109
\TU/TimesNewRoman(1)/m/n/10 ἡ ΒΕ; αἱ ΑΕ, ΕΒ >άρα <ρηταί εἰσι δυνάμει μόνον σύμμ
ετροι.
 []

File: Book10/fig103e.pdf Graphic file (type pdf)
<use Book10/fig103e.pdf>

Overfull \vbox (85.73349pt too high) detected at line 11181
 []


Overfull \vbox (84.72974pt too high) detected at line 11181
 []



[430]
Underfull \hbox (badness 10000) in paragraph at lines 11194--11195

 []

File: Book10/fig103g.pdf Graphic file (type pdf)
<use Book10/fig103g.pdf>

Overfull \hbox (25.43814pt too wide) in paragraph at lines 11210--11211
[]\TU/TimesNewRoman(1)/m/n/10 Ἐπεὶ γὰρ μέσηξ ἀποτομή ἐστιν ἡ ΑΒ, >έστω αὐτῆ| πρ
οσαρμόζουσα
 []

File: Book10/fig103e.pdf Graphic file (type pdf)
<use Book10/fig103e.pdf>

Overfull \vbox (85.73349pt too high) detected at line 11275
 []


Overfull \vbox (84.72974pt too high) detected at line 11275
 []



[431]
Underfull \hbox (badness 10000) in paragraph at lines 11290--11291

 []


Underfull \hbox (badness 10000) in paragraph at lines 11290--11291

 []

File: Book10/fig103g.pdf Graphic file (type pdf)
<use Book10/fig103g.pdf>
File: Book10/fig103e.pdf Graphic file (type pdf)
<use Book10/fig103e.pdf>

Overfull \vbox (85.73349pt too high) detected at line 11358
 []


Overfull \vbox (84.72974pt too high) detected at line 11358
 []


Underfull \hbox (badness 10000) in paragraph at lines 11389--11390

 []


Underfull \hbox (badness 10000) in paragraph at lines 11389--11390

 []


Underfull \hbox (badness 10000) in paragraph at lines 11389--11390

 []


Underfull \hbox (badness 10000) in paragraph at lines 11389--11390

 []


Underfull \hbox (badness 10000) in paragraph at lines 11389--11390

 []


Underfull \hbox (badness 10000) in paragraph at lines 11389--11390

 []

File: Book10/fig103g.pdf Graphic file (type pdf)
<use Book10/fig103g.pdf>
File: Book10/fig103e.pdf Graphic file (type pdf)
<use Book10/fig103e.pdf>

Overfull \vbox (85.73349pt too high) detected at line 11433
 []


Overfull \vbox (84.72974pt too high) detected at line 11433
 []



[432]
Underfull \hbox (badness 10000) in paragraph at lines 11446--11447

 []


Underfull \hbox (badness 10000) in paragraph at lines 11446--11447

 []

File: Book10/fig103g.pdf Graphic file (type pdf)
<use Book10/fig103g.pdf>
File: Book10/fig103e.pdf Graphic file (type pdf)
<use Book10/fig103e.pdf>

Overfull \vbox (85.73349pt too high) detected at line 11507
 []


Overfull \vbox (84.72974pt too high) detected at line 11507
 []



[433]
Overfull \hbox (7.87967pt too wide) in paragraph at lines 11520--11521
\TU/TimesNewRoman(1)/m/n/10 δυναμένη μία δύο ἀλόγων γίνεται >ήτοι ἀποτομὴ >ὴ ἐλ
άσσων. 
 []


Underfull \hbox (badness 10000) in paragraph at lines 11520--11521

 []


Underfull \hbox (badness 10000) in paragraph at lines 11520--11521

 []

File: Book10/fig108g.pdf Graphic file (type pdf)
<use Book10/fig108g.pdf>
File: Book10/fig108e.pdf Graphic file (type pdf)
<use Book10/fig108e.pdf>

Overfull \vbox (260.38554pt too high) detected at line 11610
 []


Overfull \vbox (259.38182pt too high) detected at line 11610
 []



[434]
Underfull \hbox (badness 10000) in paragraph at lines 11636--11637

 []


Underfull \hbox (badness 10000) in paragraph at lines 11636--11637

 []


Underfull \hbox (badness 10000) in paragraph at lines 11636--11637

 []


Underfull \hbox (badness 10000) in paragraph at lines 11636--11637

 []


Underfull \hbox (badness 10000) in paragraph at lines 11636--11637

 []


Underfull \hbox (badness 10000) in paragraph at lines 11636--11637

 []


Underfull \hbox (badness 10000) in paragraph at lines 11636--11637

 []


Underfull \hbox (badness 10000) in paragraph at lines 11636--11637

 []

File: Book10/fig109g.pdf Graphic file (type pdf)
<use Book10/fig109g.pdf>
File: Book10/fig109e.pdf Graphic file (type pdf)
<use Book10/fig109e.pdf>

Overfull \vbox (350.72285pt too high) detected at line 11698
 []


Overfull \vbox (349.7191pt too high) detected at line 11698
 []



[435]

[436]
Underfull \hbox (badness 10000) in paragraph at lines 11718--11719

 []


Underfull \hbox (badness 10000) in paragraph at lines 11718--11719

 []


Underfull \hbox (badness 10000) in paragraph at lines 11718--11719

 []


Underfull \hbox (badness 10000) in paragraph at lines 11718--11719

 []

File: Book10/fig109g.pdf Graphic file (type pdf)
<use Book10/fig109g.pdf>

Overfull \hbox (1.01782pt too wide) in paragraph at lines 11730--11731
[]\TU/TimesNewRoman(1)/m/n/10 Ἐπεὶ γὰρ μέσον ἐστὶν ἑκάτερον τῶν ΒΓ, ΒΔ, καὶ ἀσύ
μμετρον
 []

File: Book10/fig109e.pdf Graphic file (type pdf)
<use Book10/fig109e.pdf>

Overfull \vbox (350.72285pt too high) detected at line 11795
 []


Overfull \vbox (349.7191pt too high) detected at line 11795
 []



[437]

[438]
File: Book10/fig111g.pdf Graphic file (type pdf)
<use Book10/fig111g.pdf>
File: Book10/fig111e.pdf Graphic file (type pdf)
<use Book10/fig111e.pdf>

Overfull \vbox (355.74158pt too high) detected at line 11884
 []


Overfull \vbox (354.73784pt too high) detected at line 11884
 []



[439]
Overfull \hbox (13.3899pt too wide) in paragraph at lines 11921--11921
\TU/TimesNewRoman(1)/m/n/10 πλάτοξ ποιεῖ <ρητὴν καὶ ἀσύμμετρον τῆ|, παρ> <ὴν πα
ράκειται,
 []


Overfull \hbox (9.73187pt too wide) in paragraph at lines 11921--11921
\TU/TimesNewRoman(1)/m/n/10 πρώτηξ παρὰ <ρητὴν παραβαλλόμενον πλάτοξ ποιεῖ ἀποτ
ομὴν
 []


Overfull \hbox (16.57837pt too wide) in paragraph at lines 11931--11952
\TU/TimesNewRoman(0)/m/n/10 (straight-line), produces as breadth a first apotom
e [Prop. 10.97].
 []


Overfull \vbox (143.69489pt too high) detected at line 12011
 []


Overfull \vbox (143.85114pt too high) detected at line 12011
 []


Underfull \hbox (badness 10000) in paragraph at lines 12027--12028

 []

File: Book10/fig112g.pdf Graphic file (type pdf)
<use Book10/fig112g.pdf>

Overfull \hbox (10.44717pt too wide) in paragraph at lines 12090--12090
\TU/TimesNewRoman(1)/m/n/10 ἑαυτῆ|, καὶ ἡ ΖΚ τῆξ ΚΕ μεῖζον δυνήσεται τῶ| ἀπὸ ἀσ
υμμέτρου
 []

File: Book10/fig112e.pdf Graphic file (type pdf)
<use Book10/fig112e.pdf>

Overfull \vbox (124.87964pt too high) detected at line 12167
 []


Overfull \vbox (125.88338pt too high) detected at line 12167
 []



[440]

[441]
Underfull \hbox (badness 10000) in paragraph at lines 12186--12187

 []

File: Book10/fig113g.pdf Graphic file (type pdf)
<use Book10/fig113g.pdf>

Overfull \hbox (3.82608pt too wide) in paragraph at lines 12247--12248
\TU/TimesNewRoman(1)/m/n/10 ἑαυτῆ|, καὶ ἡ ΚΖ τῆξ ΖΘ μεῖζον δυνήσεται τῶ| ἀπὸ ἀσ
υμμέτρ-
 []

File: Book10/fig113e.pdf Graphic file (type pdf)
<use Book10/fig113e.pdf>

Overfull \vbox (124.87964pt too high) detected at line 12333
 []


Overfull \vbox (125.88338pt too high) detected at line 12333
 []



[442]

[443]
Underfull \hbox (badness 10000) in paragraph at lines 12377--12378

 []


Underfull \hbox (badness 10000) in paragraph at lines 12377--12378

 []


Underfull \hbox (badness 10000) in paragraph at lines 12377--12378

 []


Underfull \hbox (badness 10000) in paragraph at lines 12377--12378

 []


Underfull \hbox (badness 10000) in paragraph at lines 12377--12378

 []


Underfull \hbox (badness 10000) in paragraph at lines 12377--12378

 []


Underfull \hbox (badness 10000) in paragraph at lines 12377--12378

 []

File: Book10/fig114g.pdf Graphic file (type pdf)
<use Book10/fig114g.pdf>

Underfull \hbox (badness 10000) in paragraph at lines 12385--12386

 []

File: Book10/fig114e.pdf Graphic file (type pdf)
<use Book10/fig114e.pdf>

Underfull \hbox (badness 10000) in paragraph at lines 12434--12437

 []


Overfull \vbox (248.34059pt too high) detected at line 12445
 []


Overfull \vbox (247.33684pt too high) detected at line 12445
 []



[444]

[445]
Underfull \hbox (badness 10000) in paragraph at lines 12462--12463

 []


Underfull \hbox (badness 10000) in paragraph at lines 12462--12463

 []


Underfull \hbox (badness 10000) in paragraph at lines 12462--12463

 []

File: Book10/fig115g.pdf Graphic file (type pdf)
<use Book10/fig115g.pdf>
File: Book10/fig115e.pdf Graphic file (type pdf)
<use Book10/fig115e.pdf>

Overfull \vbox (124.87964pt too high) detected at line 12512
 []


Overfull \vbox (123.8759pt too high) detected at line 12512
 []



[446]

[447])
Underfull \hbox (badness 10000) in paragraph at lines 12516--124

 []



[448]
\openout2 = `Book11/Book11.aux'.

 (./Book11/Book11.tex
File: Book11/front.pdf Graphic file (type pdf)
<use Book11/front.pdf>


[449



]
Overfull \hbox (11.23344pt too wide) in paragraph at lines 86--92
\TU/TimesNewRoman(1)/m/n/10 μὴ οὐσῶν ἐν τῶ| αὐτῶ| ἐπιπέδῳ πρὸξ ἑνὶ σημείῳ συνισ
ταμένων. 
 []


Overfull \hbox (11.59563pt too wide) in paragraph at lines 100--103
\TU/TimesNewRoman(1)/m/n/10 <ῶν δύο τὰ ἀπεναντίον >ίσα τε καὶ <όμοιά ἐστι καὶ π
αράλληλα,
 []


Overfull \hbox (18.85135pt too wide) in paragraph at lines 106--109
\TU/TimesNewRoman(1)/m/n/10 ρου περιενεθθὲν τὸ ἡμικύκλιον εἰξ τὸ αὐτὸ πάλιν ἀπο
κατασταθῆ|,
 []


Overfull \hbox (0.3811pt too wide) in paragraph at lines 128--132
\TU/TimesNewRoman(1)/m/n/10 περιφερομένῃ, ὀρθογώνιοξ >έσται ὁ κῶνοξ, ἒαν δὲ ἐλά
ττων,
 []


Overfull \hbox (37.0919pt too wide) in paragraph at lines 144--148
\TU/TimesNewRoman(1)/m/n/10 περιενεθθὲν τὸ παραλληλόγραμμον εἰξ τὸ αὐτὸ πάλιν ἀ
ποκατασταθῆ|,
 []


Overfull \hbox (3.05396pt too wide) in paragraph at lines 156--158
[]\TU/TimesNewRoman(1)/m/n/10 23\TU/TimesNewRoman(0)/m/n/10 . \TU/TimesNewRoman
(1)/m/n/10 Βάσειξ δὲ οἱ κύκλοι οἱ ὑπὸ τῶν ἀπεναντίον περιαγομένων
 []


Overfull \hbox (12.53311pt too wide) in paragraph at lines 181--182
[]\TU/TimesNewRoman(1)/m/n/10 28\TU/TimesNewRoman(0)/m/n/10 . \TU/TimesNewRoman
(1)/m/n/10 Δωδεκάεδρόν ἐστι σθῆμα στερεὸν ὑπὸ δώδεκα πενταγώνων
 []


Overfull \hbox (246.84843pt too wide) in paragraph at lines 186--186
[]
 []


Overfull \hbox (246.84843pt too wide) in paragraph at lines 186--186
[]
 []


Overfull \hbox (246.84843pt too wide) in paragraph at lines 186--186
[]
 []


Overfull \hbox (246.84843pt too wide) in paragraph at lines 186--186
[]
 []


Overfull \hbox (246.84843pt too wide) in paragraph at lines 186--186
[]
 []


Overfull \hbox (246.84843pt too wide) in paragraph at lines 186--186
[]
 []


Overfull \hbox (246.84843pt too wide) in paragraph at lines 186--186
[]
 []


Overfull \hbox (246.84843pt too wide) in paragraph at lines 186--186
[]
 []


Overfull \hbox (246.84843pt too wide) in paragraph at lines 186--186
[]
 []


Overfull \hbox (246.84843pt too wide) in paragraph at lines 186--186
[]
 []


Overfull \hbox (246.84843pt too wide) in paragraph at lines 186--186
[]
 []


Overfull \hbox (246.84843pt too wide) in paragraph at lines 186--186
[]
 []


Overfull \hbox (246.84843pt too wide) in paragraph at lines 186--186
[]
 []


Overfull \hbox (246.84843pt too wide) in paragraph at lines 186--186
[]
 []


Overfull \hbox (246.84843pt too wide) in paragraph at lines 186--186
[]
 []


Overfull \hbox (246.84843pt too wide) in paragraph at lines 186--186
[]
 []


Overfull \hbox (246.84843pt too wide) in paragraph at lines 186--186
[]
 []


Overfull \hbox (246.84843pt too wide) in paragraph at lines 186--186
[]
 []


Overfull \hbox (246.84843pt too wide) in paragraph at lines 186--186
[]
 []


Overfull \hbox (246.84843pt too wide) in paragraph at lines 186--186
[]
 []


Overfull \hbox (246.84843pt too wide) in paragraph at lines 186--186
[]
 []


Overfull \hbox (246.84843pt too wide) in paragraph at lines 186--186
[]
 []


Overfull \hbox (246.84843pt too wide) in paragraph at lines 186--186
[]
 []


Overfull \hbox (246.84843pt too wide) in paragraph at lines 186--186
[]
 []


Overfull \hbox (246.84843pt too wide) in paragraph at lines 186--186
[]
 []


Overfull \hbox (246.84843pt too wide) in paragraph at lines 186--186
[]
 []


Overfull \hbox (246.84843pt too wide) in paragraph at lines 186--186
[]
 []


Overfull \hbox (246.84843pt too wide) in paragraph at lines 186--186
[]
 []


Overfull \hbox (246.84843pt too wide) in paragraph at lines 186--186
[]
 []


Overfull \hbox (246.84843pt too wide) in paragraph at lines 186--186
[]
 []


Overfull \hbox (246.84843pt too wide) in paragraph at lines 186--186
[]
 []


Overfull \hbox (246.84843pt too wide) in paragraph at lines 186--186
[]
 []


Overfull \hbox (246.84843pt too wide) in paragraph at lines 186--186
[]
 []


Overfull \hbox (246.84843pt too wide) in paragraph at lines 186--186
[]
 []


Overfull \hbox (246.84843pt too wide) in paragraph at lines 186--186
[]
 []


Overfull \hbox (246.84843pt too wide) in paragraph at lines 186--186
[]
 []


Overfull \hbox (246.84843pt too wide) in paragraph at lines 186--186
[]
 []


Overfull \hbox (246.84843pt too wide) in paragraph at lines 186--186
[]
 []


Overfull \hbox (246.84843pt too wide) in paragraph at lines 186--186
[]
 []


Overfull \hbox (246.84843pt too wide) in paragraph at lines 186--186
[]
 []


Overfull \hbox (246.84843pt too wide) in paragraph at lines 186--186
[]
 []


Overfull \hbox (246.84843pt too wide) in paragraph at lines 186--186
[]
 []


Overfull \hbox (246.84843pt too wide) in paragraph at lines 186--186
[]
 []


Overfull \hbox (246.84843pt too wide) in paragraph at lines 186--186
[]
 []


Overfull \hbox (246.84843pt too wide) in paragraph at lines 186--186
[]
 []


Overfull \hbox (246.84843pt too wide) in paragraph at lines 186--186
[]
 []


Overfull \hbox (246.84843pt too wide) in paragraph at lines 186--186
[]
 []


Overfull \hbox (246.84843pt too wide) in paragraph at lines 186--186
[]
 []


Overfull \hbox (246.84843pt too wide) in paragraph at lines 186--186
[]
 []


Overfull \hbox (246.84843pt too wide) in paragraph at lines 186--186
[]
 []


Overfull \hbox (246.84843pt too wide) in paragraph at lines 186--186
[]
 []


Overfull \hbox (246.84843pt too wide) in paragraph at lines 186--186
[]
 []


Overfull \hbox (246.84843pt too wide) in paragraph at lines 186--186
[]
 []


Overfull \hbox (246.84843pt too wide) in paragraph at lines 186--186
[]
 []


Overfull \hbox (246.84843pt too wide) in paragraph at lines 186--186
[]
 []


Overfull \hbox (246.84843pt too wide) in paragraph at lines 186--186
[]
 []


Overfull \hbox (246.84843pt too wide) in paragraph at lines 186--186
[]
 []


Overfull \hbox (246.84843pt too wide) in paragraph at lines 186--186
[]
 []


Overfull \hbox (246.84843pt too wide) in paragraph at lines 186--186
[]
 []


Overfull \hbox (246.84843pt too wide) in paragraph at lines 186--186
[]
 []


Overfull \hbox (246.84843pt too wide) in paragraph at lines 186--186
[]
 []


Overfull \hbox (246.84843pt too wide) in paragraph at lines 186--186
[]
 []


Overfull \hbox (246.84843pt too wide) in paragraph at lines 186--186
[]
 []


Overfull \hbox (246.84843pt too wide) in paragraph at lines 186--186
[]
 []


Overfull \hbox (246.84843pt too wide) in paragraph at lines 186--186
[]
 []


Overfull \hbox (246.84843pt too wide) in paragraph at lines 186--186
[]
 []


Overfull \hbox (246.84843pt too wide) in paragraph at lines 186--186
[]
 []


Overfull \hbox (246.84843pt too wide) in paragraph at lines 186--186
[]
 []


Overfull \hbox (246.84843pt too wide) in paragraph at lines 186--186
[]
 []


Overfull \hbox (246.84843pt too wide) in paragraph at lines 186--186
[]
 []


Overfull \hbox (246.84843pt too wide) in paragraph at lines 186--186
[]
 []


Overfull \hbox (246.84843pt too wide) in paragraph at lines 186--186
[]
 []


Overfull \hbox (246.84843pt too wide) in paragraph at lines 186--186
[]
 []


Overfull \hbox (246.84843pt too wide) in paragraph at lines 186--186
[]
 []


Overfull \hbox (246.84843pt too wide) in paragraph at lines 186--186
[] 
 []



[450]

[451]
Overfull \hbox (0.11275pt too wide) in paragraph at lines 296--297
[]\TU/TimesNewRoman(1)/m/n/10 Εὐθείαξ γραμμῆξ μέροξ μέν τι οὐκ >έστιν ἐν τῶ| ὑπ
οκειμένῳ
 []


Underfull \hbox (badness 10000) in paragraph at lines 307--308

 []

File: Book11/fig01g.pdf Graphic file (type pdf)
<use Book11/fig01g.pdf>
File: Book11/fig01e.pdf Graphic file (type pdf)
<use Book11/fig01e.pdf>

Overfull \vbox (305.5542pt too high) detected at line 338
 []


Overfull \vbox (305.5542pt too high) detected at line 338
 []



[452]
Underfull \hbox (badness 10000) in paragraph at lines 353--354

 []

File: Book11/fig02g.pdf Graphic file (type pdf)
<use Book11/fig02g.pdf>
File: Book11/fig02e.pdf Graphic file (type pdf)
<use Book11/fig02e.pdf>

Overfull \vbox (265.4043pt too high) detected at line 414
 []


Overfull \vbox (264.40054pt too high) detected at line 414
 []



[453]
File: Book11/fig03g.pdf Graphic file (type pdf)
<use Book11/fig03g.pdf>
File: Book11/fig03e.pdf Graphic file (type pdf)
<use Book11/fig03e.pdf>

Overfull \vbox (244.3256pt too high) detected at line 471
 []


Overfull \vbox (240.31061pt too high) detected at line 471
 []



[454]
Overfull \hbox (2.94652pt too wide) in paragraph at lines 490--491
\TU/TimesNewRoman(1)/m/n/10 ἀλλήλαξ κατὰ τὸ Ε σημεῖον ἀπὸ τοῦ Ε πρὸξ ὀρθὰξ ἐφεσ
τάτω;
 []


Overfull \hbox (0.23886pt too wide) in paragraph at lines 495--496
\TU/TimesNewRoman(1)/m/n/10 διήθθω τιξ διὰ τοῦ Ε, ὡξ >έτυθεν, ἡ ΗΕΘ, καὶ ἐπεζεύ
θθωσαν
 []


Underfull \hbox (badness 10000) in paragraph at lines 495--496

 []


Underfull \hbox (badness 10000) in paragraph at lines 495--496

 []


Underfull \hbox (badness 10000) in paragraph at lines 495--496

 []

File: Book11/fig04g.pdf Graphic file (type pdf)
<use Book11/fig04g.pdf>
File: Book11/fig04e.pdf Graphic file (type pdf)
<use Book11/fig04e.pdf>

Overfull \vbox (249.34435pt too high) detected at line 600
 []


Overfull \vbox (248.34059pt too high) detected at line 600
 []



[455]
File: Book11/fig05g.pdf Graphic file (type pdf)
<use Book11/fig05g.pdf>
File: Book11/fig05e.pdf Graphic file (type pdf)
<use Book11/fig05e.pdf>

Overfull \vbox (293.50922pt too high) detected at line 680
 []


Overfull \vbox (292.5055pt too high) detected at line 680
 []



[456]
File: Book11/fig06g.pdf Graphic file (type pdf)
<use Book11/fig06g.pdf>
File: Book11/fig06e.pdf Graphic file (type pdf)
<use Book11/fig06e.pdf>

Overfull \vbox (283.47177pt too high) detected at line 778
 []


Overfull \vbox (283.47177pt too high) detected at line 778
 []



[457]
File: Book11/fig07g.pdf Graphic file (type pdf)
<use Book11/fig07g.pdf>

Overfull \hbox (14.6772pt too wide) in paragraph at lines 815--815
\TU/TimesNewRoman(1)/m/n/10 ἑκατέραξ αὐτῶν τυθόντα σημεῖα, ἡ ἐπὶ τὰ σημεῖα ἐπιζ
ευγνυμένη
 []

File: Book11/fig07e.pdf Graphic file (type pdf)
<use Book11/fig07e.pdf>

Overfull \vbox (205.17943pt too high) detected at line 845
 []


Overfull \vbox (205.17943pt too high) detected at line 845
 []



[458]
Underfull \hbox (badness 10000) in paragraph at lines 869--870

 []

File: Book11/fig08g.pdf Graphic file (type pdf)
<use Book11/fig08g.pdf>
File: Book11/fig08e.pdf Graphic file (type pdf)
<use Book11/fig08e.pdf>

Overfull \vbox (345.7041pt too high) detected at line 961
 []


Overfull \vbox (345.7041pt too high) detected at line 961
 []



[459]

[460]
Underfull \hbox (badness 10000) in paragraph at lines 974--975

 []

File: Book11/fig09g.pdf Graphic file (type pdf)
<use Book11/fig09g.pdf>
File: Book11/fig09e.pdf Graphic file (type pdf)
<use Book11/fig09e.pdf>

Overfull \vbox (223.2469pt too high) detected at line 1029
 []


Overfull \vbox (223.2469pt too high) detected at line 1029
 []


Underfull \hbox (badness 10000) in paragraph at lines 1064--1065

 []


Underfull \hbox (badness 10000) in paragraph at lines 1064--1065

 []


LaTeX Warning: File `Book11/fig10g.pdf' not found on input line 1067.

! Unable to load picture or PDF file 'Book11/fig10g.pdf'.
<to be read again> 
                   }
l.1067 ...ine{\includegraphics{Book11/fig10g.pdf}}
                                                  
The requested image couldn't be read because
it was not a recognized image format.

File: Book11/fig10g.pdf Graphic file (type pdf)
<use Book11/fig10g.pdf>
! Unable to load picture or PDF file 'Book11/fig10g.pdf'.
<to be read again> 
                   \GPT@clipend 
l.1067 ...ine{\includegraphics{Book11/fig10g.pdf}}
                                                  
The requested image couldn't be read because
it was not a recognized image format.


Overfull \hbox (1.31404pt too wide) in paragraph at lines 1071--1071
[]\TU/TimesNewRoman(1)/m/n/10 Ἐὰν >άρα δύο εὐθεῖαι ἁπτόμεναι ἀλλήλων παρὰ δύο ε
ὐθείαξ
 []

File: Book11/fig10e.pdf Graphic file (type pdf)
<use Book11/fig10e.pdf>

Overfull \vbox (282.46802pt too high) detected at line 1108
 []



[461]
File: Book11/fig11g.pdf Graphic file (type pdf)
<use Book11/fig11g.pdf>
File: Book11/fig11e.pdf Graphic file (type pdf)
<use Book11/fig11e.pdf>

Overfull \vbox (318.6029pt too high) detected at line 1205
 []


Overfull \vbox (318.6029pt too high) detected at line 1205
 []



[462]

[463]
File: Book11/fig12g.pdf Graphic file (type pdf)
<use Book11/fig12g.pdf>
File: Book11/fig12e.pdf Graphic file (type pdf)
<use Book11/fig12e.pdf>

Overfull \vbox (360.7603pt too high) detected at line 1264
 []


Overfull \vbox (360.7603pt too high) detected at line 1264
 []

File: Book11/fig13g.pdf Graphic file (type pdf)
<use Book11/fig13g.pdf>

Overfull \hbox (5.82222pt too wide) in paragraph at lines 1292--1293
[]\TU/TimesNewRoman(1)/m/n/10 Εἰ γὰρ δυνατόν, ἀπὸ τοῦ αὐτοῦ σημείου τοῦ Α τῶ| ὑ
ποκειμένῳ
 []

File: Book11/fig13e.pdf Graphic file (type pdf)
<use Book11/fig13e.pdf>

Underfull \hbox (badness 10000) in paragraph at lines 1320--1320

 []


Underfull \hbox (badness 10000) in paragraph at lines 1320--1320

 []


Overfull \vbox (329.64413pt too high) detected at line 1321
 []


Overfull \vbox (329.64413pt too high) detected at line 1321
 []



[464]
File: Book11/fig14g.pdf Graphic file (type pdf)
<use Book11/fig14g.pdf>

Overfull \hbox (1.92493pt too wide) in paragraph at lines 1359--1359
[]\TU/TimesNewRoman(1)/m/n/10 Πρὸξ <ὰ ἐπίπεδα >άρα ἡ αὐτὴ εὐθεῖα ὀρθή ἐστιν, πα
ράλληλά
 []


Underfull \hbox (badness 10000) in paragraph at lines 1369--1371

 []

File: Book11/fig14e.pdf Graphic file (type pdf)
<use Book11/fig14e.pdf>

Overfull \vbox (319.60666pt too high) detected at line 1390
 []


Overfull \vbox (319.60666pt too high) detected at line 1390
 []



[465]

[466]
Underfull \hbox (badness 10000) in paragraph at lines 1414--1415

 []


Underfull \hbox (badness 10000) in paragraph at lines 1414--1415

 []

File: Book11/fig15g.pdf Graphic file (type pdf)
<use Book11/fig15g.pdf>

Overfull \hbox (1.31404pt too wide) in paragraph at lines 1443--1443
[]\TU/TimesNewRoman(1)/m/n/10 Ἐὰν >άρα δύο εὐθεῖαι ἁπτόμεναι ἀλλήλων παρὰ δύο ε
ὐθείαξ
 []


Overfull \hbox (9.8024pt too wide) in paragraph at lines 1443--1443
\TU/TimesNewRoman(1)/m/n/10 ἁπτομέναξ ἀλλήλων >ῶσι μὴ ἐν τῶ| αὐτῶ| ἐπιπέδῳ, παρ
άλληλά
 []

File: Book11/fig15e.pdf Graphic file (type pdf)
<use Book11/fig15e.pdf>

Overfull \vbox (258.37808pt too high) detected at line 1488
 []


Overfull \vbox (258.37808pt too high) detected at line 1488
 []



[467]
Underfull \hbox (badness 10000) in paragraph at lines 1520--1521

 []

File: Book11/fig16g.pdf Graphic file (type pdf)
<use Book11/fig16g.pdf>
File: Book11/fig16e.pdf Graphic file (type pdf)
<use Book11/fig16e.pdf>

Overfull \vbox (295.51672pt too high) detected at line 1558
 []


Overfull \vbox (295.51672pt too high) detected at line 1558
 []



[468]
Overfull \hbox (7.40007pt too wide) in paragraph at lines 1591--1592
\TU/TimesNewRoman(1)/m/n/10 παράλληλοί εἰσιν. διὰ τὰ αὐτὰ δὴ ἐπεὶ δύο ἐπίπεδα π
αράλληλα
 []

File: Book11/fig17g.pdf Graphic file (type pdf)
<use Book11/fig17g.pdf>

Underfull \hbox (badness 10000) in paragraph at lines 1615--1626

 []

File: Book11/fig17e.pdf Graphic file (type pdf)
<use Book11/fig17e.pdf>

Overfull \vbox (449.0901pt too high) detected at line 1633
 []


Overfull \vbox (449.0901pt too high) detected at line 1633
 []



[469]

[470]
Underfull \hbox (badness 10000) in paragraph at lines 1673--1674

 []


Underfull \hbox (badness 10000) in paragraph at lines 1673--1674

 []


Underfull \hbox (badness 10000) in paragraph at lines 1673--1674

 []


Underfull \hbox (badness 10000) in paragraph at lines 1673--1674

 []

File: Book11/fig18g.pdf Graphic file (type pdf)
<use Book11/fig18g.pdf>
File: Book11/fig18e.pdf Graphic file (type pdf)
<use Book11/fig18e.pdf>

Overfull \vbox (239.30685pt too high) detected at line 1722
 []


Overfull \vbox (239.30685pt too high) detected at line 1722
 []



[471]
File: Book11/fig19g.pdf Graphic file (type pdf)
<use Book11/fig19g.pdf>
File: Book11/fig19e.pdf Graphic file (type pdf)
<use Book11/fig19e.pdf>

Overfull \vbox (294.51297pt too high) detected at line 1791
 []


Overfull \vbox (294.51297pt too high) detected at line 1791
 []



[472]
Overfull \hbox (22.45987pt too wide) in paragraph at lines 1804--1805
\TU/TimesNewRoman(1)/m/n/10 δύο ὁποιαιοῦν τῆξ λοιπῆξ μείζονέξ εἰσι πάντῃ μεταλα
μβανόμεναι. 
 []

File: Book11/fig20g.pdf Graphic file (type pdf)
<use Book11/fig20g.pdf>

Overfull \hbox (16.0406pt too wide) in paragraph at lines 1838--1838
[]\TU/TimesNewRoman(1)/m/n/10 Ἐὰν >άρα στερεὰ γωνία ὑπὸ τριῶν γωνιῶν ἐπιπέδων π
εριέθηται,
 []


Overfull \hbox (22.73819pt too wide) in paragraph at lines 1838--1838
\TU/TimesNewRoman(1)/m/n/10 δύο ὁποιαιοῦν τῆξ λοιπῆξ μείζονέξ εἰσι πάντῃ μεταλα
μβανόμεναι;
 []

File: Book11/fig20e.pdf Graphic file (type pdf)
<use Book11/fig20e.pdf>

Overfull \vbox (165.02954pt too high) detected at line 1880
 []


Overfull \vbox (165.02954pt too high) detected at line 1880
 []



[473]
File: Book11/fig21g.pdf Graphic file (type pdf)
<use Book11/fig21g.pdf>

Overfull \hbox (1.55167pt too wide) in paragraph at lines 1923--1923
[]\TU/TimesNewRoman(1)/m/n/10 <'Απασα >άρα στερεὰ γωνία ὑπὸ ἐλασσόνων [>ή] τεσσ
άρων
 []

File: Book11/fig21e.pdf Graphic file (type pdf)
<use Book11/fig21e.pdf>

Overfull \vbox (178.07826pt too high) detected at line 1964
 []


Overfull \vbox (178.07826pt too high) detected at line 1964
 []



[474]
Underfull \hbox (badness 10000) in paragraph at lines 1980--1981

 []


Underfull \hbox (badness 10000) in paragraph at lines 1980--1981

 []

File: Book11/fig22g.pdf Graphic file (type pdf)
<use Book11/fig22g.pdf>

Overfull \hbox (8.65779pt too wide) in paragraph at lines 1993--1994
\TU/TimesNewRoman(1)/m/n/10 <ῶν αἱ δύο τῆξ λοιπῆξ μείζονέξ εἰσι πάντῃ μεταλαμβα
νόμεναι,
 []

File: Book11/fig22e.pdf Graphic file (type pdf)
<use Book11/fig22e.pdf>

Overfull \vbox (205.17943pt too high) detected at line 2065
 []


Overfull \vbox (205.17943pt too high) detected at line 2065
 []



[475]
Overfull \hbox (6.3391pt too wide) in paragraph at lines 2079--2080
\TU/TimesNewRoman(1)/m/n/10 εἰσι πάντῃ μεταλαμβανόμεναι, στερεὰν γωνίαν συστήσα
σθαι;
 []


Underfull \hbox (badness 10000) in paragraph at lines 2079--2080

 []


Underfull \hbox (badness 10000) in paragraph at lines 2079--2080

 []

File: Book11/fig23g.pdf Graphic file (type pdf)
<use Book11/fig23g.pdf>

Underfull \hbox (badness 10000) in paragraph at lines 2096--2097

 []


Underfull \hbox (badness 10000) in paragraph at lines 2096--2097

 []


Underfull \hbox (badness 10000) in paragraph at lines 2096--2097

 []

File: Book11/fig23ag.pdf Graphic file (type pdf)
<use Book11/fig23ag.pdf>

Overfull \hbox (13.73184pt too wide) in paragraph at lines 2168--2168
\TU/TimesNewRoman(1)/m/n/10 ΔΕΖ, ΗΘΚ, στερεὰ γωνία συνέσταται ἡ πρὸξ τῶ| Ρ περι
εθομένη
 []

File: Book11/fig23e.pdf Graphic file (type pdf)
<use Book11/fig23e.pdf>
File: Book11/fig23ae.pdf Graphic file (type pdf)
<use Book11/fig23ae.pdf>

Overfull \vbox (205.17943pt too high) detected at line 2265
 []


Overfull \vbox (205.17943pt too high) detected at line 2265
 []


Overfull \vbox (268.41553pt too high) detected at line 2265
 []


Overfull \vbox (268.41553pt too high) detected at line 2265
 []



[476]

[477]

[478]
File: Book11/fig23bg.pdf Graphic file (type pdf)
<use Book11/fig23bg.pdf>
File: Book11/fig23be.pdf Graphic file (type pdf)
<use Book11/fig23be.pdf>

Overfull \vbox (150.97707pt too high) detected at line 2313
 []


Overfull \vbox (150.97707pt too high) detected at line 2313
 []



[479]
File: Book11/fig24g.pdf Graphic file (type pdf)
<use Book11/fig24g.pdf>

Overfull \hbox (6.71686pt too wide) in paragraph at lines 2333--2334
[]\TU/TimesNewRoman(1)/m/n/10 Στερεὸν γὰρ τὸ ΓΔΘΗ ὑπὸ παραλλήλων ἐπιπέδων περιε
θέσθω
 []


Overfull \hbox (12.48535pt too wide) in paragraph at lines 2341--2342
\TU/TimesNewRoman(1)/m/n/10 τέμνεται, αἱ κοιναὶ αὐτῶν τομαὶ παράλληλοί εἰσιν. π
αράλληλοξ
 []


Overfull \hbox (14.70206pt too wide) in paragraph at lines 2355--2356
\TU/TimesNewRoman(1)/m/n/10 εἰσὶν οὐκ ἐν τῶ| αὐτῶ| ἐπιπέδῳ; >ίσαξ >άρα γωνίαξ π
εριέχουσιν;
 []


Overfull \hbox (1.99626pt too wide) in paragraph at lines 2355--2356
\TU/TimesNewRoman(1)/m/n/10 παραλληλόγραμμον; >ίσον >άρα τὸ ΒΗ παραλληλόγραμμον

 []

File: Book11/fig24e.pdf Graphic file (type pdf)
<use Book11/fig24e.pdf>

Overfull \vbox (206.18318pt too high) detected at line 2401
 []


Overfull \vbox (202.1682pt too high) detected at line 2401
 []



[480]
Overfull \hbox (1.86891pt too wide) in paragraph at lines 2415--2416
[]\TU/TimesNewRoman(1)/m/n/10 Ἐὰν στερεὸν παραλληλεπίπεδον ἐπιπέδῳ τμηθῆ| παραλ
λήλῳ
 []


Underfull \hbox (badness 10000) in paragraph at lines 2415--2416

 []

File: Book11/fig25g.pdf Graphic file (type pdf)
<use Book11/fig25g.pdf>

Overfull \hbox (2.58504pt too wide) in paragraph at lines 2426--2427
[]\TU/TimesNewRoman(1)/m/n/10 Ἐκβεβλήσθω γὰρ ἡ ΑΘ ἐφ> ἑκάτερα τὰ μέρη, καὶ κείσ
θωσαν
 []


Underfull \hbox (badness 10000) in paragraph at lines 2462--2465

 []

File: Book11/fig25e.pdf Graphic file (type pdf)
<use Book11/fig25e.pdf>

Overfull \vbox (246.3331pt too high) detected at line 2506
 []


Overfull \vbox (251.35182pt too high) detected at line 2506
 []



[481]
File: Book11/fig26g.pdf Graphic file (type pdf)
<use Book11/fig26g.pdf>
File: Book11/fig26e.pdf Graphic file (type pdf)
<use Book11/fig26e.pdf>

Overfull \vbox (247.33684pt too high) detected at line 2612
 []


Overfull \vbox (247.33684pt too high) detected at line 2612
 []



[482]

[483]
Overfull \hbox (19.39346pt too wide) in paragraph at lines 2626--2627
[]\TU/TimesNewRoman(1)/m/n/10 Ἀπὸ τῆξ δοθείσηξ εὐθείαξ τῶ| δοθέντι στερεῶ| παρα
λληλεπιπέδῳ
 []


Overfull \hbox (7.7919pt too wide) in paragraph at lines 2643--2644
\TU/TimesNewRoman(1)/m/n/10 σημείῳ τῶ| Α τῆ| πρὸξ τῶ| Γ στερεᾶ| γωνίᾳ >ίση ἡ πε
ριεθομένη
 []

File: Book11/fig27g.pdf Graphic file (type pdf)
<use Book11/fig27g.pdf>

Overfull \hbox (39.76442pt too wide) in paragraph at lines 2658--2659
\TU/TimesNewRoman(1)/m/n/10 αὐτὰ δὴ καὶ τὸ μὲν ΚΘ παραλληλόγραμμον τῶ| ΗΖ παραλ
ληλογράμμῳ
 []


Overfull \hbox (23.128pt too wide) in paragraph at lines 2658--2659
\TU/TimesNewRoman(1)/m/n/10 <όμοιόν ἐστι καὶ >έτι τὸ ΖΕ τῶ| ΘΒ; τρία >άρα παραλ
ληλόγραμμα
 []

File: Book11/fig27e.pdf Graphic file (type pdf)
<use Book11/fig27e.pdf>

Overfull \vbox (224.25066pt too high) detected at line 2698
 []


Overfull \vbox (224.25066pt too high) detected at line 2698
 []



[484]
File: Book11/fig28g.pdf Graphic file (type pdf)
<use Book11/fig28g.pdf>

Overfull \hbox (12.4208pt too wide) in paragraph at lines 2728--2728
\TU/TimesNewRoman(1)/m/n/10 τὸ δὲ ΑΔΕ τῶ| ΔΕΘ, >έστι δὲ καὶ τὸ μὲν ΓΑ παραλληλό
γραμμον
 []

File: Book11/fig28e.pdf Graphic file (type pdf)
<use Book11/fig28e.pdf>

Overfull \vbox (224.25066pt too high) detected at line 2753
 []


Overfull \vbox (224.25066pt too high) detected at line 2753
 []



[485]
Underfull \hbox (badness 10000) in paragraph at lines 2769--2770

 []

File: Book11/fig29g.pdf Graphic file (type pdf)
<use Book11/fig29g.pdf>

Overfull \hbox (12.80072pt too wide) in paragraph at lines 2777--2778
[]\TU/TimesNewRoman(1)/m/n/10 >'Εστω ἐπὶ τῆξ αὐτῆξ βάσεωξ τῆξ ΑΒ στερεὰ παραλλη
λεπίπεδα
 []


Overfull \hbox (38.21509pt too wide) in paragraph at lines 2795--2796
\TU/TimesNewRoman(1)/m/n/10 ὑπὸ δύο μὲν τριγώνων τῶν ΜΛΝ, ΘΒΚ, τριῶν δὲ παραλλη
λογράμμων
 []


Overfull \hbox (12.53787pt too wide) in paragraph at lines 2800--2800
[]\TU/TimesNewRoman(1)/m/n/10 Τὰ >άρα ἐπὶ τῆξ αὐτῆξ βάσεωξ >όντα στερεὰ παραλλη
λεπίπεδα
 []

File: Book11/fig29e.pdf Graphic file (type pdf)
<use Book11/fig29e.pdf>

Overfull \vbox (241.31435pt too high) detected at line 2838
 []


Overfull \vbox (241.31435pt too high) detected at line 2838
 []



[486]
Underfull \hbox (badness 10000) in paragraph at lines 2852--2853

 []

File: Book11/fig30g.pdf Graphic file (type pdf)
<use Book11/fig30g.pdf>

Overfull \hbox (12.80072pt too wide) in paragraph at lines 2860--2861
[]\TU/TimesNewRoman(1)/m/n/10 >'Εστω ἐπὶ τῆξ αὐτῆξ βάσεωξ τῆξ ΑΒ στερεὰ παραλλη
λεπίπεδα
 []


Overfull \hbox (9.44635pt too wide) in paragraph at lines 2879--2880
[]\TU/TimesNewRoman(1)/m/n/10 Ἐκβεβλήσθωσαν γὰρ αἱ ΝΚ, ΔΘ καὶ συμπιπτέτωσαν ἀλλ
ήλαιξ
 []

File: Book11/fig30e.pdf Graphic file (type pdf)
<use Book11/fig30e.pdf>

Overfull \vbox (277.44925pt too high) detected at line 2925
 []


Overfull \vbox (277.44925pt too high) detected at line 2925
 []



[487]
Overfull \hbox (15.73216pt too wide) in paragraph at lines 2942--2943
[]\TU/TimesNewRoman(1)/m/n/10 >'Εστω ἐπὶ >ίσων βάσεων τῶν ΑΒ, ΓΔ στερεὰ παραλλη
λεπίπεδα
 []

File: Book11/fig31g.pdf Graphic file (type pdf)
<use Book11/fig31g.pdf>
Missing character: There is no ο ("3BF) in font cmmi10!
! Undefined control sequence.
<argument> ...n -.7pt {\kern -.7pt {ο}}$, Y\qoppa 
                                                  , YF >ep`i t~wn a\kern -.7...
l.2996 >'ara t~w| GZ >estin >'ison.}
                                    \\
The control sequence at the end of the top line
of your error message was never \def'ed. If you have
misspelled it (e.g., `\hobx'), type `I' and the correct
spelling (e.g., `I\hbox'). Otherwise just continue,
and I'll forget about whatever was undefined.

! Undefined control sequence.
<argument> ...n e>isin e>ujei~wn t~wn WQ, \stigma 
                                                  F. >all`a t`o YU stere`on ...
l.2996 >'ara t~w| GZ >estin >'ison.}
                                    \\
The control sequence at the end of the top line
of your error message was never \def'ed. If you have
misspelled it (e.g., `\hobx'), type `I' and the correct
spelling (e.g., `I\hbox'). Otherwise just continue,
and I'll forget about whatever was undefined.


Underfull \hbox (badness 10000) in paragraph at lines 2996--2997

 []

File: Book11/fig31ag.pdf Graphic file (type pdf)
<use Book11/fig31ag.pdf>
File: Book11/fig31e.pdf Graphic file (type pdf)
<use Book11/fig31e.pdf>
File: Book11/fig31ae.pdf Graphic file (type pdf)
<use Book11/fig31ae.pdf>

Overfull \vbox (448.08635pt too high) detected at line 3106
 []


Overfull \vbox (413.95892pt too high) detected at line 3106
 []


Overfull \vbox (278.453pt too high) detected at line 3106
 []


Overfull \vbox (273.43428pt too high) detected at line 3106
 []



[488]

[489]

[490]
File: Book11/fig32g.pdf Graphic file (type pdf)
<use Book11/fig32g.pdf>

Overfull \hbox (1.57596pt too wide) in paragraph at lines 3140--3140
[]\TU/TimesNewRoman(1)/m/n/10 Τὰ >άρα ὑπὸ τὸ αὐτὸ <ύψοξ >όντα στερεὰ παραλληλεπ
ίπεδα
 []

File: Book11/fig32e.pdf Graphic file (type pdf)
<use Book11/fig32e.pdf>

Overfull \vbox (210.19818pt too high) detected at line 3173
 []


Overfull \vbox (205.17943pt too high) detected at line 3173
 []


Overfull \hbox (10.93643pt too wide) in paragraph at lines 3190--3191
[]\TU/TimesNewRoman(1)/m/n/10 >'Εστω <όμοια στερεὰ παραλληλεπίπεδα τὰ ΑΒ, ΓΔ, ὁ
μόλογοξ
 []


Underfull \hbox (badness 10000) in paragraph at lines 3195--3196

 []

File: Book11/fig33g.pdf Graphic file (type pdf)
<use Book11/fig33g.pdf>

Overfull \hbox (41.97932pt too wide) in paragraph at lines 3237--3238
\TU/TimesNewRoman(1)/m/n/10 παραλληλογράμμῳ. διὰ τὰ αὐτὰ δὴ καὶ τὸ μὲν ΚΜ παραλ
ληλόγραμμον
 []

File: Book11/fig33ag.pdf Graphic file (type pdf)
<use Book11/fig33ag.pdf>

Underfull \hbox (badness 10000) in paragraph at lines 3259--3264

 []

File: Book11/fig33e.pdf Graphic file (type pdf)
<use Book11/fig33e.pdf>

Underfull \hbox (badness 10000) in paragraph at lines 3268--3306

 []


Underfull \hbox (badness 10000) in paragraph at lines 3268--3306

 []

File: Book11/fig33ae.pdf Graphic file (type pdf)
<use Book11/fig33ae.pdf>

Overfull \vbox (219.23192pt too high) detected at line 3313
 []


Overfull \vbox (220.23566pt too high) detected at line 3313
 []


Overfull \vbox (336.67036pt too high) detected at line 3313
 []


Overfull \vbox (336.67036pt too high) detected at line 3313
 []



[491]

[492]
Overfull \hbox (0.53833pt too wide) in paragraph at lines 3326--3326
[]\TU/TimesNewRoman(1)/m/n/10 Ἐκ δὴ τούτου φανερόν, <ότι ἒαν τέσσαρεξ εὐθεῖαι ἀ
νάλογον
 []


Overfull \hbox (7.07167pt too wide) in paragraph at lines 3355--3356
\TU/TimesNewRoman(1)/m/n/10 <ότι τῶν ΑΒ, ΓΔ στερεῶν παραλληλεπιπέδων ἀντιπεπόνθ
ασιν
 []

File: Book11/fig34g.pdf Graphic file (type pdf)
<use Book11/fig34g.pdf>

Overfull \hbox (37.8399pt too wide) in paragraph at lines 3395--3396
[]\TU/TimesNewRoman(1)/m/n/10 Πάλιν δὴ τῶν ΑΒ, ΓΔ στερεῶν παραλληλεπιπέδων ἀντι
πεπονθέτωσαν
 []

File: Book11/fig34ag.pdf Graphic file (type pdf)
<use Book11/fig34ag.pdf>

Overfull \hbox (37.8399pt too wide) in paragraph at lines 3454--3455
[]\TU/TimesNewRoman(1)/m/n/10 Πάλιν δὴ τῶν ΑΒ, ΓΔ στερεῶν παραλληλεπιπέδων ἀντι
πεπονθέτωσαν
 []

File: Book11/fig34e.pdf Graphic file (type pdf)
<use Book11/fig34e.pdf>

Underfull \hbox (badness 10000) in paragraph at lines 3526--3538

 []


Underfull \hbox (badness 10000) in paragraph at lines 3526--3538

 []


Underfull \hbox (badness 10000) in paragraph at lines 3526--3538

 []


Underfull \hbox (badness 10000) in paragraph at lines 3526--3538

 []


Underfull \hbox (badness 10000) in paragraph at lines 3526--3538

 []

File: Book11/fig34ae.pdf Graphic file (type pdf)
<use Book11/fig34ae.pdf>

Overfull \vbox (222.24315pt too high) detected at line 3583
 []


Overfull \vbox (222.24315pt too high) detected at line 3583
 []


Overfull \vbox (364.7753pt too high) detected at line 3583
 []


Overfull \vbox (365.77905pt too high) detected at line 3583
 []



[493]

[494]

[495]

[496]
Overfull \hbox (14.64398pt too wide) in paragraph at lines 3607--3608
\TU/TimesNewRoman(1)/m/n/10 αὐτῶν μετέωροι εὐθεῖαι ἐπισταθῶσιν >ίσαξ γωνίαξ περ
ιέθουσαι
 []


Underfull \hbox (badness 10000) in paragraph at lines 3607--3608

 []

File: Book11/fig35g.pdf Graphic file (type pdf)
<use Book11/fig35g.pdf>
File: Book11/fig35e.pdf Graphic file (type pdf)
<use Book11/fig35e.pdf>

Overfull \vbox (286.48299pt too high) detected at line 3761
 []


Overfull \vbox (286.48299pt too high) detected at line 3761
 []



[497]

[498]
Overfull \hbox (20.98917pt too wide) in paragraph at lines 3801--3802
\TU/TimesNewRoman(1)/m/n/10 παραλληλεπιπέδῳ ἰσοπλεύρῳ μέν, ἰσογωνίῳ δὲ τῶ| προε
ιρημένῳ. 
 []


Underfull \hbox (badness 10000) in paragraph at lines 3801--3802

 []


Underfull \hbox (badness 10000) in paragraph at lines 3801--3802

 []

File: Book11/fig36g.pdf Graphic file (type pdf)
<use Book11/fig36g.pdf>
File: Book11/fig36e.pdf Graphic file (type pdf)
<use Book11/fig36e.pdf>

Overfull \vbox (299.53172pt too high) detected at line 3883
 []


Overfull \vbox (300.53548pt too high) detected at line 3883
 []



[499]
Overfull \hbox (11.39378pt too wide) in paragraph at lines 3899--3900
\TU/TimesNewRoman(1)/m/n/10 στερεὰ παραλληλεπίπεδα <όμοιά τε καὶ ὁμοίωξ ἀναγραφ
όμενα
 []


Overfull \hbox (21.5266pt too wide) in paragraph at lines 3899--3900
\TU/TimesNewRoman(1)/m/n/10 ἀνάλογον >έσται; καὶ ἒαν τὰ ἀπ> αὐτῶν στερεὰ παραλλ
ηλεπίπεδα
 []


Underfull \hbox (badness 10000) in paragraph at lines 3899--3900

 []

File: Book11/fig37g.pdf Graphic file (type pdf)
<use Book11/fig37g.pdf>

Underfull \hbox (badness 10000) in paragraph at lines 3935--3939

 []

File: Book11/fig37e.pdf Graphic file (type pdf)
<use Book11/fig37e.pdf>

Overfull \vbox (408.94022pt too high) detected at line 3966
 []


Overfull \vbox (408.94022pt too high) detected at line 3966
 []



[500]
File: Book11/fig38g.pdf Graphic file (type pdf)
<use Book11/fig38g.pdf>

Overfull \hbox (1.052pt too wide) in paragraph at lines 4013--4014
[]\TU/TimesNewRoman(1)/m/n/10 Ἐπεζεύθθωσαν γὰρ αἱ ΔΥ, ΥΕ, ΒΣ, ΣΗ. καὶ ἐπεὶ παρά
λληλόξ
 []

File: Book11/fig38e.pdf Graphic file (type pdf)
<use Book11/fig38e.pdf>

Overfull \vbox (295.51672pt too high) detected at line 4062
 []


Overfull \vbox (295.51672pt too high) detected at line 4062
 []



[501]

[502]
Overfull \hbox (2.93253pt too wide) in paragraph at lines 4074--4075
\TU/TimesNewRoman(1)/m/n/10 παραλληλόγραμμον τοῦ τριγώνου, >ίσα >έσται τὰ πρίσμ
ατα. 
 []

File: Book11/fig39g.pdf Graphic file (type pdf)
<use Book11/fig39g.pdf>

Overfull \hbox (13.2206pt too wide) in paragraph at lines 4083--4084
\TU/TimesNewRoman(1)/m/n/10 ΗΘΚ τρίγωνον, διπλάσιον δὲ >έστω τὸ ΑΖ παραλληλόγρα
μμον
 []


Overfull \hbox (7.57216pt too wide) in paragraph at lines 4093--4094
\TU/TimesNewRoman(1)/m/n/10 >ίσον >άρα ἐστὶ τὸ ΑΒΓΔΕΖ πρίσμα τῶ| ΗΘΚΛΜΝ πρίσματ
ι. 
 []

File: Book11/fig39e.pdf Graphic file (type pdf)
<use Book11/fig39e.pdf>

Overfull \vbox (160.0108pt too high) detected at line 4130
 []


Overfull \vbox (160.0108pt too high) detected at line 4130
 []

)

[503]
\openout2 = `Book12/Book12.aux'.

 (./Book12/Book12.tex
File: Book12/front.pdf Graphic file (type pdf)
<use Book12/front.pdf>


[504



]
File: Book12/fig01g.pdf Graphic file (type pdf)
<use Book12/fig01g.pdf>
File: Book12/fig01e.pdf Graphic file (type pdf)
<use Book12/fig01e.pdf>

Overfull \vbox (262.39305pt too high) detected at line 109
 []


Overfull \vbox (263.39679pt too high) detected at line 109
 []

File: Book12/fig02g.pdf Graphic file (type pdf)
<use Book12/fig02g.pdf>

Underfull \hbox (badness 10000) in paragraph at lines 197--200

 []

File: Book12/fig02e.pdf Graphic file (type pdf)
<use Book12/fig02e.pdf>

Overfull \vbox (495.26248pt too high) detected at line 258
 []


Overfull \vbox (495.26248pt too high) detected at line 258
 []



[505]

[506]

[507]

[508]
Underfull \hbox (badness 10000) in paragraph at lines 313--314

 []

File: Book12/fig03g.pdf Graphic file (type pdf)
<use Book12/fig03g.pdf>

Overfull \hbox (26.76392pt too wide) in paragraph at lines 389--390
\TU/TimesNewRoman(1)/m/n/10 δύο πρίσματα ἰσο"υψῆ, καὶ τὸ μὲν >έθῃ βάσιν παραλλη
λόγραμμον,
 []


Overfull \hbox (0.90372pt too wide) in paragraph at lines 389--390
\TU/TimesNewRoman(1)/m/n/10 δὲ τὸ ΘΚΛ τρίγωνον, μεῖζόν ἐστιν ἑκατέραξ τῶν πυραμ
ίδων,
 []

File: Book12/fig03e.pdf Graphic file (type pdf)
<use Book12/fig03e.pdf>

Overfull \vbox (261.3893pt too high) detected at line 475
 []


Overfull \vbox (261.3893pt too high) detected at line 475
 []



[509]

[510]
Underfull \hbox (badness 10000) in paragraph at lines 498--499

 []


Underfull \hbox (badness 10000) in paragraph at lines 498--499

 []

File: Book12/fig04g.pdf Graphic file (type pdf)
<use Book12/fig04g.pdf>
File: Book12/fig04e.pdf Graphic file (type pdf)
<use Book12/fig04e.pdf>

Overfull \vbox (295.51672pt too high) detected at line 594
 []


Overfull \vbox (295.51672pt too high) detected at line 594
 []



[511]

[512]

[513]
File: Book12/fig05g.pdf Graphic file (type pdf)
<use Book12/fig05g.pdf>
File: Book12/fig05e.pdf Graphic file (type pdf)
<use Book12/fig05e.pdf>

Overfull \vbox (295.51672pt too high) detected at line 755
 []


Overfull \vbox (295.51672pt too high) detected at line 755
 []



[514]

[515]
Underfull \hbox (badness 10000) in paragraph at lines 768--769

 []

File: Book12/fig06g.pdf Graphic file (type pdf)
<use Book12/fig06g.pdf>

Underfull \hbox (badness 10000) in paragraph at lines 808--810

 []

File: Book12/fig06e.pdf Graphic file (type pdf)
<use Book12/fig06e.pdf>

Overfull \vbox (331.65164pt too high) detected at line 837
 []


Overfull \vbox (331.65164pt too high) detected at line 837
 []



[516]
Underfull \hbox (badness 10000) in paragraph at lines 850--851

 []

File: Book12/fig07g.pdf Graphic file (type pdf)
<use Book12/fig07g.pdf>

Overfull \hbox (3.05281pt too wide) in paragraph at lines 857--858
[]\TU/TimesNewRoman(1)/m/n/10 >'Εστω πρίσμα, ο<ῦ βάσιξ μὲν τὸ ΑΒΓ τρίγωνον, ἀπε
ναντίον
 []

File: Book12/fig07e.pdf Graphic file (type pdf)
<use Book12/fig07e.pdf>

Overfull \vbox (277.44925pt too high) detected at line 925
 []


Overfull \vbox (277.44925pt too high) detected at line 925
 []



[517]
File: Book12/fig08g.pdf Graphic file (type pdf)
<use Book12/fig08g.pdf>

Overfull \hbox (27.9994pt too wide) in paragraph at lines 990--990
[]\TU/TimesNewRoman(1)/m/n/10 Συμπεπληρώσθω γὰρ τὰ ΒΗΜΛ, ΕΘΠΟ στερεὰ παραλληλεπ
ίπεδα.
 []

File: Book12/fig08e.pdf Graphic file (type pdf)
<use Book12/fig08e.pdf>

Overfull \vbox (264.40054pt too high) detected at line 1024
 []


Overfull \vbox (264.40054pt too high) detected at line 1024
 []



[518]

[519]
File: Book12/fig09g.pdf Graphic file (type pdf)
<use Book12/fig09g.pdf>

Overfull \hbox (2.38988pt too wide) in paragraph at lines 1085--1086
[]\TU/TimesNewRoman(1)/m/n/10 >'Εστωσαν γὰρ >ίσαι πυραμίδεξ τριγώνουξ βάσειξ >έ
θουσαι
 []


Overfull \hbox (27.9994pt too wide) in paragraph at lines 1106--1107
[]\TU/TimesNewRoman(1)/m/n/10 Συμπεπληρώσθω γὰρ τὰ ΒΗΜΛ, ΕΘΠΟ στερεὰ παραλληλεπ
ίπεδα.
 []


Overfull \hbox (33.69087pt too wide) in paragraph at lines 1106--1107
\TU/TimesNewRoman(1)/m/n/10 στερεῶ|. τῶν δὲ >ίσων στερεῶν παραλληλεπιπώδων ἀντι
πεπόνθασιν
 []


Overfull \hbox (0.22093pt too wide) in paragraph at lines 1132--1133
\TU/TimesNewRoman(1)/m/n/10 βάσιξ πρὸξ τὴν ΔΕΖ βάσιν, ο<ύτωξ τὸ τῆξ ΔΕΖΘ πυραμί
δοξ
 []


Overfull \hbox (33.52577pt too wide) in paragraph at lines 1132--1133
\TU/TimesNewRoman(1)/m/n/10 ΑΒΓ βάσιξ πρὸξ τὴν ΔΕΖ βάσιν, ο<ύτωξ τὸ ΒΜ παραλληλ
όγραμμον
 []


Overfull \hbox (6.8412pt too wide) in paragraph at lines 1132--1133
\TU/TimesNewRoman(1)/m/n/10 παραλληλόγραμμον πρὸξ τὸ ΕΠ παραλληλόγραμμον, ο<ύτω
ξ
 []


Overfull \hbox (7.07086pt too wide) in paragraph at lines 1132--1133
\TU/TimesNewRoman(1)/m/n/10 τὸ τῆξ ΔΕΖΘ πυραμίδοξ <ύψοξ πρὸξ τὸ τῆξ ΑΒΓΗ πυραμί
δοξ
 []


Overfull \hbox (6.14215pt too wide) in paragraph at lines 1132--1133
\TU/TimesNewRoman(1)/m/n/10 πρὸξ τὴν ΕΠ βάσιν, ο<ύτωξ τὸ τοῦ ΕΘΠΟ παραλληλεπιπέ
δου
 []

File: Book12/fig09e.pdf Graphic file (type pdf)
<use Book12/fig09e.pdf>

Overfull \vbox (277.44925pt too high) detected at line 1189
 []


Overfull \vbox (281.46426pt too high) detected at line 1189
 []



[520]

[521]
File: Book12/fig10g.pdf Graphic file (type pdf)
<use Book12/fig10g.pdf>

Overfull \hbox (5.77025pt too wide) in paragraph at lines 1250--1251
\TU/TimesNewRoman(1)/m/n/10 τριπλασίων, καὶ ἐγγεγράφθω εἰξ τὸν ΑΒΓΔ κύκλον τετρ
άγων-
 []


Overfull \hbox (7.25462pt too wide) in paragraph at lines 1250--1251
\TU/TimesNewRoman(1)/m/n/10 κυλίνδου, ἐπειδήπερ κ>ὰν περὶ τὸν ΑΒΓΔ κύκλον τετρά
γωνον
 []


Overfull \hbox (25.81514pt too wide) in paragraph at lines 1250--1251
\TU/TimesNewRoman(1)/m/n/10 ἰσο"υψῆ; τὰ δὲ ὑπὸ τὸ αὐτὸ <ύψοξ >όντα στερεὰ παραλ
ληλεπίπεδα
 []


Overfull \hbox (8.06451pt too wide) in paragraph at lines 1250--1251
\TU/TimesNewRoman(1)/m/n/10 ἀνασταθὲν ἀπὸ τοῦ ΑΒΓΔ τετραγώνου ἰσο"υψὲξ τῶ| κυλί
νδρῳ
 []


Overfull \hbox (8.76793pt too wide) in paragraph at lines 1250--1251
\TU/TimesNewRoman(1)/m/n/10 ἰσο"υψῆ τῶ| κυλίνδρῳ; καὶ <έκαστον >άρα τῶν ἀνασταθ
έντων
 []


Overfull \hbox (34.83682pt too wide) in paragraph at lines 1250--1251
\TU/TimesNewRoman(1)/m/n/10 παραλληλεπίπεδα ἰσο"υψῆ τῶ| κυλίνδρῳ, ἑκάσου τῶν ἀν
ασταθέντων
 []


Overfull \hbox (5.39594pt too wide) in paragraph at lines 1250--1251
\TU/TimesNewRoman(1)/m/n/10 ἀεὶ ποιοῦντεξ καταλείψομέν τινα ἀποτμήματα τοῦ κυλί
νδρου,
 []


Overfull \hbox (0.81665pt too wide) in paragraph at lines 1250--1251
\TU/TimesNewRoman(1)/m/n/10 <ὰ >έσται ἐλάττονα τῆξ ὑπεροθῆξ, <ῆ| ὑπερέθει ὁ κυλ
ίνδροξ
 []


Overfull \hbox (5.00285pt too wide) in paragraph at lines 1252--1253
[]\TU/TimesNewRoman(1)/m/n/10 Λέγω δή, <ότι οὐδὲ ἐλάττων ἐστὶν >ὴ τριπλάσιοξ ὁ 
κύλινδροξ
 []


Overfull \hbox (9.70662pt too wide) in paragraph at lines 1290--1291
\TU/TimesNewRoman(1)/m/n/10 <έμπροσθεν ἐδείκνυμεν, <ότι ἒαν περὶ τὸν κύκλον τετ
ράγωνον
 []


Overfull \hbox (15.31264pt too wide) in paragraph at lines 1290--1291
\TU/TimesNewRoman(1)/m/n/10 κυλίνδρου. ἀλλ> ἡ πυραμίξ, <ῆξ βάσιξ μέν ἐστι τὸ ΑΕ
ΒΖΓΗΔΘ
 []

File: Book12/fig10e.pdf Graphic file (type pdf)
<use Book12/fig10e.pdf>

Overfull \vbox (264.40054pt too high) detected at line 1376
 []


Overfull \vbox (264.40054pt too high) detected at line 1376
 []



[522]

[523]
File: Book12/fig11g.pdf Graphic file (type pdf)
<use Book12/fig11g.pdf>

Overfull \hbox (3.12608pt too wide) in paragraph at lines 1456--1457
\TU/TimesNewRoman(1)/m/n/10 τετράγωνον, καὶ ἀπ> αὐτοῦ ἀναστήσωμεν πυραμίδα ἰσο"
υψῆ
 []


Overfull \hbox (20.27954pt too wide) in paragraph at lines 1456--1457
\TU/TimesNewRoman(1)/m/n/10 τῶ| κώνῳ, ἡ ἐγγραφεῖσα πυραμὶξ <ήμισύ ἐστι τῆξ περι
γραφείσηξ;
 []

File: Book12/fig11e.pdf Graphic file (type pdf)
<use Book12/fig11e.pdf>

Overfull \vbox (304.55045pt too high) detected at line 1548
 []


Overfull \vbox (304.55045pt too high) detected at line 1548
 []



[524]

[525]
Overfull \hbox (8.49666pt too wide) in paragraph at lines 1561--1562
[]\TU/TimesNewRoman(1)/m/n/10 Οἱ <όμοιοι κῶνοι καὶ κύλινδροι πρὸξ ἀλλήλουξ ἐν τ
ριπλασίονι
 []

File: Book12/fig12g.pdf Graphic file (type pdf)
<use Book12/fig12g.pdf>

Overfull \hbox (1.9591pt too wide) in paragraph at lines 1670--1671
\TU/TimesNewRoman(1)/m/n/10 στερεὸν τριπλασίονα λόγον >ὴ πρὸξ μεῖζον. ἐθέτω πρό
τερον
 []


Overfull \hbox (11.79321pt too wide) in paragraph at lines 1670--1671
\TU/TimesNewRoman(1)/m/n/10 περειθόντων τὴν πυραμίδα, <ῆξ βάσιξ μέν ἐστι τὸ ΕΟΖ
ΠΗΡΘΣ
 []

File: Book12/fig12e.pdf Graphic file (type pdf)
<use Book12/fig12e.pdf>

Overfull \vbox (363.77155pt too high) detected at line 1790
 []


Overfull \vbox (363.77155pt too high) detected at line 1790
 []



[526]

[527]

[528]
File: Book12/fig13g.pdf Graphic file (type pdf)
<use Book12/fig13g.pdf>

Overfull \hbox (7.066pt too wide) in paragraph at lines 1810--1811
\TU/TimesNewRoman(1)/m/n/10 >όντι τοῖξ ἀπεναντίον ἐπιπέδοιξ τοῖξ ΑΒ, ΓΔ, καὶ συ
μβαλλέτω
 []


Overfull \hbox (25.43903pt too wide) in paragraph at lines 1835--1835
\TU/TimesNewRoman(1)/m/n/10 ὁσαπλασίων >άρα ὁ ΚΛ >άχων τοῦ ΕΚ >άχονοξ, τοσαυταπ
λασίων
 []

File: Book12/fig13e.pdf Graphic file (type pdf)
<use Book12/fig13e.pdf>

Overfull \vbox (187.11198pt too high) detected at line 1875
 []


Overfull \vbox (191.12697pt too high) detected at line 1875
 []



[529]
File: Book12/fig14g.pdf Graphic file (type pdf)
<use Book12/fig14g.pdf>
File: Book12/fig14e.pdf Graphic file (type pdf)
<use Book12/fig14e.pdf>

Overfull \vbox (218.22815pt too high) detected at line 1931
 []


Overfull \vbox (218.22815pt too high) detected at line 1931
 []



[530]
Overfull \hbox (3.13316pt too wide) in paragraph at lines 1944--1945
\TU/TimesNewRoman(1)/m/n/10 τοῖξ <ύψεσιν; καὶ <ῶν κώνων καὶ κυλίνδρων ἀντιπεπόν
θασιν
 []


Underfull \hbox (badness 10000) in paragraph at lines 1944--1945

 []

File: Book12/fig15g.pdf Graphic file (type pdf)
<use Book12/fig15g.pdf>

Overfull \hbox (7.35228pt too wide) in paragraph at lines 1953--1954
\TU/TimesNewRoman(1)/m/n/10 >ὴ κυλίνδρων, καὶ συμπεπληρώσθωσαν οἱ ΑΧ, ΕΟ κύλινδ
ροι.
 []

File: Book12/fig15e.pdf Graphic file (type pdf)
<use Book12/fig15e.pdf>

Overfull \vbox (174.06328pt too high) detected at line 2030
 []


Overfull \vbox (174.06328pt too high) detected at line 2030
 []



[531]

[532]
Overfull \hbox (7.95628pt too wide) in paragraph at lines 2043--2044
\TU/TimesNewRoman(1)/m/n/10 κύκλον πολύγωνον ἰσόπλευρόν τε καὶ ἀρτιόπλευρον ἐγγ
ράψαι
 []

File: Book12/fig16g.pdf Graphic file (type pdf)
<use Book12/fig16g.pdf>
File: Book12/fig16e.pdf Graphic file (type pdf)
<use Book12/fig16e.pdf>

Overfull \vbox (250.34808pt too high) detected at line 2088
 []


Overfull \vbox (250.34808pt too high) detected at line 2088
 []


Overfull \hbox (14.64366pt too wide) in paragraph at lines 2102--2103
\TU/TimesNewRoman(1)/m/n/10 σφαῖραν στερεὸν πολύεδρον ἐγγράψαι μὴ ψαῦον τῆξ ἐλά
σσονοξ
 []

File: Book12/fig17g.pdf Graphic file (type pdf)
<use Book12/fig17g.pdf>
File: Book12/fig17e.pdf Graphic file (type pdf)
<use Book12/fig17e.pdf>

Overfull \vbox (373.80904pt too high) detected at line 2287
 []


Overfull \vbox (372.80528pt too high) detected at line 2287
 []



[533]

[534]

[535]
Underfull \hbox (badness 10000) in paragraph at lines 2288--2292

 []



[536]
File: Book12/fig18g.pdf Graphic file (type pdf)
<use Book12/fig18g.pdf>

Overfull \hbox (2.81293pt too wide) in paragraph at lines 2375--2376
[]\TU/TimesNewRoman(1)/m/n/10 Εἰ γὰρ μὴ ἡ ΑΒΓ σφαῖρα πρὸξ τὴν ΔΕΖ σφαῖραν τριπλ
ασίονα
 []

File: Book12/fig18e.pdf Graphic file (type pdf)
<use Book12/fig18e.pdf>

Overfull \vbox (463.14256pt too high) detected at line 2435
 []


Overfull \vbox (463.14256pt too high) detected at line 2435
 []



[537]

[538])

[539]
\openout2 = `Book13/Book13.aux'.

 (./Book13/Book13.tex
File: Book13/front.pdf Graphic file (type pdf)
<use Book13/front.pdf>


[540



]
Overfull \hbox (13.84952pt too wide) in paragraph at lines 33--34
\TU/TimesNewRoman(1)/m/n/10 μεῖζον τμῆμα προσλαβὸν τὴν ἡμίσειαν τῆξ <όληξ πεντα
πλάσιον
 []

File: Book13/fig01g.pdf Graphic file (type pdf)
<use Book13/fig01g.pdf>

Overfull \hbox (0.26154pt too wide) in paragraph at lines 42--43
[]\TU/TimesNewRoman(1)/m/n/10 Εὐθεῖα γὰρ γραμμὴ ἡ ΑΒ >άκρον καὶ μέσον λόγον τετ
μήσθω
 []

File: Book13/fig01e.pdf Graphic file (type pdf)
<use Book13/fig01e.pdf>

Underfull \hbox (badness 10000) in paragraph at lines 108--110

 []


Overfull \vbox (354.73784pt too high) detected at line 111
 []


Overfull \vbox (354.73784pt too high) detected at line 111
 []



[541]
Overfull \hbox (2.07387pt too wide) in paragraph at lines 126--127
[]\TU/TimesNewRoman(1)/m/n/10 Ἐὰν εὐθεῖα γραμμὴ τμήματοξ ἑαυτῆξ πενταπλάσιον δύ
νηται,
 []

File: Book13/fig02g.pdf Graphic file (type pdf)
<use Book13/fig02g.pdf>

Overfull \hbox (18.62009pt too wide) in paragraph at lines 134--135
[]\TU/TimesNewRoman(1)/m/n/10 Εὐθεῖα γὰρ γραμμὴ ἡ ΑΒ τμήματοξ ἑαυτῆξ τοῦ ΑΓ πεν
ταπλάσιον
 []

File: Book13/fig02e.pdf Graphic file (type pdf)
<use Book13/fig02e.pdf>

Overfull \vbox (354.73784pt too high) detected at line 204
 []


Overfull \vbox (354.73784pt too high) detected at line 204
 []



[542]
Overfull \hbox (11.582pt too wide) in paragraph at lines 223--224
[]\TU/TimesNewRoman(1)/m/n/10 Εἰ γὰρ μή, >έστω, εἰ δυνατόν, ἡ ΒΓ διπλῆ τῆξ ΓΑ. 
τετραπλάσιον
 []

File: Book13/fig03g.pdf Graphic file (type pdf)
<use Book13/fig03g.pdf>

Underfull \hbox (badness 10000) in paragraph at lines 301--304

 []

File: Book13/fig03e.pdf Graphic file (type pdf)
<use Book13/fig03e.pdf>

Overfull \vbox (331.65164pt too high) detected at line 332
 []


Overfull \vbox (331.65164pt too high) detected at line 332
 []



[543]
File: Book13/fig04g.pdf Graphic file (type pdf)
<use Book13/fig04g.pdf>

Underfull \hbox (badness 10000) in paragraph at lines 383--386

 []

File: Book13/fig04e.pdf Graphic file (type pdf)
<use Book13/fig04e.pdf>

Overfull \vbox (295.51672pt too high) detected at line 412
 []


Overfull \vbox (295.51672pt too high) detected at line 412
 []



[544]
File: Book13/fig05g.pdf Graphic file (type pdf)
<use Book13/fig05g.pdf>

Overfull \hbox (0.26154pt too wide) in paragraph at lines 436--437
[]\TU/TimesNewRoman(1)/m/n/10 Εὐθεῖα γὰρ γραμμὴ ἡ ΑΒ >άκρον καὶ μέσον λόγον τετ
μήσθω
 []

File: Book13/fig05e.pdf Graphic file (type pdf)
<use Book13/fig05e.pdf>

Overfull \vbox (246.3331pt too high) detected at line 491
 []


Overfull \vbox (246.3331pt too high) detected at line 491
 []



[545]
Overfull \hbox (2.19185pt too wide) in paragraph at lines 504--505
[]\TU/TimesNewRoman(1)/m/n/10 Ἐὰν εὐθεῖα <ρητη >άκρον καὶ μέσον λόγον τμηθῆ|, ἑ
κάτερον
 []


Underfull \hbox (badness 10000) in paragraph at lines 504--505

 []

File: Book13/fig06g.pdf Graphic file (type pdf)
<use Book13/fig06g.pdf>

Overfull \hbox (8.82335pt too wide) in paragraph at lines 536--536
\TU/TimesNewRoman(1)/m/n/10 ἑκάτερον τῶν τμημάτων >άλογόξ ἐστιν ἡ καλουμένη ἀπο
τομή;
 []

File: Book13/fig06e.pdf Graphic file (type pdf)
<use Book13/fig06e.pdf>

Overfull \vbox (30.52736pt too high) detected at line 577
 []


Overfull \vbox (30.52736pt too high) detected at line 577
 []



[546]
Underfull \hbox (badness 10000) in paragraph at lines 614--615

 []


Underfull \hbox (badness 10000) in paragraph at lines 614--615

 []

File: Book13/fig07g.pdf Graphic file (type pdf)
<use Book13/fig07g.pdf>
File: Book13/fig07e.pdf Graphic file (type pdf)
<use Book13/fig07e.pdf>

Overfull \vbox (255.3668pt too high) detected at line 686
 []


Overfull \vbox (255.3668pt too high) detected at line 686
 []



[547]
Overfull \hbox (10.71753pt too wide) in paragraph at lines 708--709
\TU/TimesNewRoman(1)/m/n/10 δύο γωνίαξ τὰξ κατὰ τὸ ἑχῆξ τὰξ πρὸξ τοῖξ Α, Β ὑποτ
εινέτωσαν
 []

File: Book13/fig08g.pdf Graphic file (type pdf)
<use Book13/fig08g.pdf>
File: Book13/fig08e.pdf Graphic file (type pdf)
<use Book13/fig08e.pdf>

Overfull \vbox (284.47551pt too high) detected at line 786
 []


Overfull \vbox (284.47551pt too high) detected at line 786
 []



[548]
Underfull \hbox (badness 10000) in paragraph at lines 801--802

 []

File: Book13/fig09g.pdf Graphic file (type pdf)
<use Book13/fig09g.pdf>

Overfull \hbox (8.59756pt too wide) in paragraph at lines 841--841
\TU/TimesNewRoman(1)/m/n/10 ἐπεὶ δεκαγώνου ἰσοπλεύρον πλευρά ἐστιν ἡ ΒΓ, πενταπ
λασίων
 []


Underfull \hbox (badness 10000) in paragraph at lines 852--857

 []

File: Book13/fig09e.pdf Graphic file (type pdf)
<use Book13/fig09e.pdf>

Overfull \vbox (273.43428pt too high) detected at line 885
 []


Overfull \vbox (273.43428pt too high) detected at line 885
 []



[549]

[550]
Underfull \hbox (badness 10000) in paragraph at lines 900--901

 []

File: Book13/fig10g.pdf Graphic file (type pdf)
<use Book13/fig10g.pdf>

Overfull \hbox (2.75267pt too wide) in paragraph at lines 957--958
\TU/TimesNewRoman(1)/m/n/10 <ῶν ἡ ΑΒΓ τῆ| ΑΕΔ ἐστιν >ίση, λοιπὴ >άρα ἡ ΓΗ περιφ
έρεια
 []


Overfull \hbox (6.06094pt too wide) in paragraph at lines 961--961
[]\TU/TimesNewRoman(1)/m/n/10 Ἡ >άρα τοῦ πενταγώνου πλευρὰ δύναται τήν τε τοῦ ἑ
χαγώνου
 []


Overfull \hbox (17.78853pt too wide) in paragraph at lines 961--961
\TU/TimesNewRoman(1)/m/n/10 καὶ τὴν τοῦ δεκαγώνου τῶν εἰξ τὸν αὐτὸν κύκλον ἐγγρ
αφομένων;
 []

File: Book13/fig10e.pdf Graphic file (type pdf)
<use Book13/fig10e.pdf>

Overfull \vbox (367.78656pt too high) detected at line 1036
 []


Overfull \vbox (367.78656pt too high) detected at line 1036
 []



[551]
File: Book13/fig11g.pdf Graphic file (type pdf)
<use Book13/fig11g.pdf>
File: Book13/fig11e.pdf Graphic file (type pdf)
<use Book13/fig11e.pdf>

Overfull \vbox (363.77155pt too high) detected at line 1229
 []


Overfull \vbox (363.77155pt too high) detected at line 1229
 []



[552]

[553]

[554]
File: Book13/fig12g.pdf Graphic file (type pdf)
<use Book13/fig12g.pdf>

Overfull \hbox (14.20384pt too wide) in paragraph at lines 1268--1269
\TU/TimesNewRoman(1)/m/n/10 περιφέρεια τρίτον μέροξ ἐστὶ τῆξ τοῦ ΑΒΓ κύκλου περ
ιφερείαξ.
 []

File: Book13/fig12e.pdf Graphic file (type pdf)
<use Book13/fig12e.pdf>

Overfull \vbox (384.85027pt too high) detected at line 1309
 []


Overfull \vbox (384.85027pt too high) detected at line 1309
 []



[555]
Underfull \hbox (badness 10000) in paragraph at lines 1359--1360

 []


Underfull \hbox (badness 10000) in paragraph at lines 1359--1360

 []


Underfull \hbox (badness 10000) in paragraph at lines 1359--1360

 []

File: Book13/fig13g.pdf Graphic file (type pdf)
<use Book13/fig13g.pdf>
File: Book13/fig13e.pdf Graphic file (type pdf)
<use Book13/fig13e.pdf>

Overfull \vbox (518.3487pt too high) detected at line 1492
 []


Overfull \vbox (518.3487pt too high) detected at line 1492
 []



[556]

[557]

[558]
File: Book13/fig13ag.pdf Graphic file (type pdf)
<use Book13/fig13ag.pdf>
File: Book13/fig13ae.pdf Graphic file (type pdf)
<use Book13/fig13ae.pdf>

Overfull \vbox (400.91023pt too high) detected at line 1556
 []


Overfull \vbox (400.91023pt too high) detected at line 1556
 []



[559]
Underfull \hbox (badness 10000) in paragraph at lines 1570--1571

 []

File: Book13/fig14g.pdf Graphic file (type pdf)
<use Book13/fig14g.pdf>
File: Book13/fig14e.pdf Graphic file (type pdf)
<use Book13/fig14e.pdf>

Overfull \vbox (463.14256pt too high) detected at line 1701
 []


Overfull \vbox (461.13506pt too high) detected at line 1701
 []



[560]

[561]
Underfull \hbox (badness 10000) in paragraph at lines 1734--1735

 []

File: Book13/fig15g.pdf Graphic file (type pdf)
<use Book13/fig15g.pdf>

Overfull \hbox (38.69632pt too wide) in paragraph at lines 1768--1768
[]\TU/TimesNewRoman(1)/m/n/10 Τῆ| δοθείσῃ >άρα σφαίρα περιείληπται ὁ κύβοξ; καὶ
 συναποδέδεικται,
 []

File: Book13/fig15e.pdf Graphic file (type pdf)
<use Book13/fig15e.pdf>

Overfull \vbox (403.92145pt too high) detected at line 1830
 []


Overfull \vbox (403.92145pt too high) detected at line 1830
 []



[562]

[563]

[564]
Overfull \hbox (2.1845pt too wide) in paragraph at lines 1847--1848
\TU/TimesNewRoman(1)/m/n/10 τὰ προειρημένα σθήματα, καὶ δεῖχαι, <ότι ἡ τοῦ εἰκο
σαέδρου
 []

File: Book13/fig16ag.pdf Graphic file (type pdf)
<use Book13/fig16ag.pdf>

Overfull \hbox (6.16646pt too wide) in paragraph at lines 1892--1893
\TU/TimesNewRoman(1)/m/n/10 παράλληλοί εἰσιν. ἡ ΠΥ >άρα τῆ| ΕΚ >ίση τε καὶ παρά
λληλόξ
 []


Overfull \hbox (22.95004pt too wide) in paragraph at lines 1892--1893
\TU/TimesNewRoman(1)/m/n/10 κύκλον ἐγγραφομένου; ἰσόπλευρον >άρα τὸ ΠΡΣΤΥ πεντά
γωνον.
 []


Underfull \hbox (badness 10000) in paragraph at lines 1892--1893

 []


Underfull \hbox (badness 10000) in paragraph at lines 1892--1893

 []


Underfull \hbox (badness 10000) in paragraph at lines 1892--1893

 []


Underfull \hbox (badness 10000) in paragraph at lines 1892--1893

 []

File: Book13/fig16g.pdf Graphic file (type pdf)
<use Book13/fig16g.pdf>
File: Book13/fig16ae.pdf Graphic file (type pdf)
<use Book13/fig16ae.pdf>
File: Book13/fig16e.pdf Graphic file (type pdf)
<use Book13/fig16e.pdf>

Overfull \vbox (221.23941pt too high) detected at line 2131
 []


Overfull \vbox (221.23941pt too high) detected at line 2131
 []


Overfull \vbox (508.31122pt too high) detected at line 2131
 []


Overfull \vbox (508.31122pt too high) detected at line 2131
 []



[565]

[566]

[567]

[568]
Overfull \hbox (5.24113pt too wide) in paragraph at lines 2173--2174
\TU/TimesNewRoman(1)/m/n/10 τὰ προειρημένα σθήματα, καὶ δεῖχαι, <ότι ἡ τοῦ δωδε
καέδρου
 []


Underfull \hbox (badness 10000) in paragraph at lines 2184--2185

 []


Underfull \hbox (badness 10000) in paragraph at lines 2184--2185

 []


Underfull \hbox (badness 10000) in paragraph at lines 2184--2185

 []

File: Book13/fig17g.pdf Graphic file (type pdf)
<use Book13/fig17g.pdf>

Overfull \hbox (1.51424pt too wide) in paragraph at lines 2261--2262
\TU/TimesNewRoman(1)/m/n/10 <ότι ἡ τοῦ δωδεκαέδρου πλευρὰ >άλογόξ ἐστιν ἡ καλου
μένη
 []


Overfull \hbox (17.05894pt too wide) in paragraph at lines 2294--2295
\TU/TimesNewRoman(1)/m/n/10 δωδεκαέδρου πρὸξ τῆ| ἐπιφανείᾳ ἐστὶ τῆξ σφαίραξ; πε
ριείληπται
 []

File: Book13/fig17e.pdf Graphic file (type pdf)
<use Book13/fig17e.pdf>

Overfull \vbox (385.85399pt too high) detected at line 2471
 []


Overfull \vbox (385.85399pt too high) detected at line 2471
 []



[569]

[570]

[571]

[572]
File: Book13/fig18g.pdf Graphic file (type pdf)
<use Book13/fig18g.pdf>

Overfull \hbox (11.5149pt too wide) in paragraph at lines 2605--2606
\TU/TimesNewRoman(1)/m/n/10 πλευρᾶξ τῆξ πυραμίδοξ δυνάμει ἡμιολία, τῆξ δὲ τοῦ ὀ
κταέδρου
 []


Overfull \hbox (3.20856pt too wide) in paragraph at lines 2632--2632
[]\TU/TimesNewRoman(1)/m/n/10 Ἐπεὶ γὰρ ἰσογώνιόν ἐστι τὸ ΖΔΒ τρίγωνον τῶ| ΖΑΒ τ
ριγώνῳ,
 []

File: Book13/fig18e.pdf Graphic file (type pdf)
<use Book13/fig18e.pdf>

Overfull \vbox (349.7191pt too high) detected at line 2759
 []


Overfull \vbox (349.7191pt too high) detected at line 2759
 []



[573]

[574]

[575]
Underfull \hbox (badness 10000) in paragraph at lines 2767--2768

 []


Overfull \hbox (20.52043pt too wide) in paragraph at lines 2771--2772
[]\TU/TimesNewRoman(1)/m/n/10 Λέγω δή, <ότι παρὰ τὰ εἰρημένα πέντε σθήματα οὐ σ
υσταθήσεται
 []


Overfull \hbox (14.06631pt too wide) in paragraph at lines 2771--2772
\TU/TimesNewRoman(1)/m/n/10 <έτερον σθῆμα περιεχόμενον ὑπὸ ἰσοπλεύρων τε καὶ ἰσ
ογωνίων
 []


Overfull \hbox (8.51999pt too wide) in paragraph at lines 2793--2794
\TU/TimesNewRoman(1)/m/n/10 γωνία οὐ συνίσταται. ὑπὸ δὲ τριῶν τριγώνων ἡ τῆξ πυ
ραμίδοξ,
 []


Overfull \hbox (5.95662pt too wide) in paragraph at lines 2793--2794
\TU/TimesNewRoman(1)/m/n/10 ἰσοπλεύρου γωνίαξ ὀρθῆξ καὶ πέμπτου, >έσονται αἱ τέ
σσαρεξ
 []


Underfull \hbox (badness 10000) in paragraph at lines 2800--2801

 []



[576]
File: Book13/fig18ag.pdf Graphic file (type pdf)
<use Book13/fig18ag.pdf>
File: Book13/fig18ae.pdf Graphic file (type pdf)
<use Book13/fig18ae.pdf>

Overfull \vbox (287.48674pt too high) detected at line 2880
 []


Overfull \vbox (287.48674pt too high) detected at line 2880
 []

)

[577]
\openout2 = `Book99/Lexicon.aux'.

 (./Book99/Lexicon.tex

[578



]
Overfull \hbox (6.5628pt too wide) in paragraph at lines 33--35
[]\TU/TimesNewRoman(0)/m/n/9 : \TU/TimesNewRoman(0)/m/it/9 vb\TU/TimesNewRoman(
0)/m/n/9 , grasp. 
 []


Overfull \hbox (10.61993pt too wide) in paragraph at lines 75--77
[]\TU/TimesNewRoman(0)/m/n/9 : \TU/TimesNewRoman(0)/m/it/9 vb\TU/TimesNewRoman(
0)/m/n/9 , rule; \TU/TimesNewRoman(0)/m/it/9 mid.\TU/TimesNewRoman(0)/m/n/9 ,
 []




Overfull \hbox (8.80841pt too wide) in paragraph at lines 88--90
[]\TU/TimesNewRoman(0)/m/n/9 : \TU/TimesNewRoman(0)/m/it/9 vb\TU/TimesNewRoman(
0)/m/n/9 , throw. 
 []


Overfull \hbox (2.40436pt too wide) in paragraph at lines 96--98
[]
 []


Overfull \hbox (12.88654pt too wide) in paragraph at lines 101--102
[]\TU/TimesNewRoman(0)/m/n/9 : \TU/TimesNewRoman(0)/m/it/9 vb\TU/TimesNewRoman(
0)/m/n/9 , show,
 []


Overfull \hbox (5.72218pt too wide) in paragraph at lines 106--107
[]\TU/TimesNewRoman(0)/m/n/9 : \TU/TimesNewRoman(0)/m/it/9 vb\TU/TimesNewRoman(
0)/m/n/9 , receive,
 []


Overfull \hbox (11.75508pt too wide) in paragraph at lines 140--141
[]\TU/TimesNewRoman(0)/m/n/9 : \TU/TimesNewRoman(0)/m/it/9 vb\TU/TimesNewRoman(
0)/m/n/9 , 
 []



[579

]
Overfull \hbox (0.16524pt too wide) in paragraph at lines 173--174
[]\TU/TimesNewRoman(0)/m/n/9 :
 []


Overfull \hbox (7.47708pt too wide) in paragraph at lines 189--191
[]\TU/TimesNewRoman(0)/m/n/9 : \TU/TimesNewRoman(0)/m/it/9 adj\TU/TimesNewRoman
(0)/m/n/9 , straight; \TU/TimesNewRoman(1)/m/n/9 ἡ εὐθεῖα\TU/TimesNewRoman(0)/m
/n/9 , \TU/TimesNewRoman(0)/m/it/9 no\TU/TimesNewRoman(0)/m/n/9 , straight-line
; \TU/TimesNewRoman(1)/m/n/9 ἐπ> εὐθεῖαξ\TU/TimesNewRoman(0)/m/n/9 ,
 []


Overfull \hbox (1.32246pt too wide) in paragraph at lines 191--193
[]\TU/TimesNewRoman(0)/m/n/9 : \TU/TimesNewRoman(0)/m/it/9 vb\TU/TimesNewRoman(
0)/m/n/9 ,
 []


Overfull \hbox (27.64864pt too wide) in paragraph at lines 194--195
[]
 []




Overfull \hbox (4.35616pt too wide) in paragraph at lines 220--222
[]\TU/TimesNewRoman(0)/m/n/9 : \TU/TimesNewRoman(0)/m/it/9 vb intr\TU/TimesNewR
oman(0)/m/n/9 , 
 []


Overfull \hbox (3.28888pt too wide) in paragraph at lines 247--249
[]\TU/TimesNewRoman(0)/m/n/9 : \TU/TimesNewRoman(0)/m/it/9 vb\TU/TimesNewRoman(
0)/m/n/9 , judge. 
 []


Overfull \hbox (8.07246pt too wide) in paragraph at lines 254--256
[]\TU/TimesNewRoman(0)/m/n/9 : \TU/TimesNewRoman(0)/m/it/9 vb\TU/TimesNewRoman(
0)/m/n/9 , 
 []


Overfull \hbox (7.055pt too wide) in paragraph at lines 258--259
[]\TU/TimesNewRoman(0)/m/n/9 : \TU/TimesNewRoman(0)/m/it/9 vb\TU/TimesNewRoman(
0)/m/n/9 , leave,
 []



[580]
Overfull \hbox (8.91165pt too wide) in paragraph at lines 311--312
[]\TU/TimesNewRoman(0)/m/n/9 : \TU/TimesNewRoman(0)/m/it/9 adj\TU/TimesNewRoman
(0)/m/n/9 , straight, right-angled, perpendicular; \TU/TimesNewRoman(1)/m/n/9 π
ρὸξ ὀρθὰξ
 []




Overfull \hbox (5.19817pt too wide) in paragraph at lines 333--334
[]\TU/TimesNewRoman(0)/m/n/9 : \TU/TimesNewRoman(0)/m/it/9 vb\TU/TimesNewRoman(
0)/m/n/9 , miss, fall
 []


Overfull \hbox (36.03351pt too wide) in paragraph at lines 334--335
[]\TU/TimesNewRoman(0)/m/n/9 : \TU/TimesNewRoman(0)/m/it/9 adj\TU/TimesNewRoman
(0)/m/n/9 , with parallel surfaces; \TU/TimesNewRoman(1)/m/n/9 τὸ παραλληλεπίπε
δον\TU/TimesNewRoman(0)/m/n/9 ,
 []


Overfull \hbox (54.55792pt too wide) in paragraph at lines 335--337
[]\TU/TimesNewRoman(0)/m/n/9 : \TU/TimesNewRoman(0)/m/it/9 adj\TU/TimesNewRoman
(0)/m/n/9 , bounded by parallel lines; \TU/TimesNewRoman(1)/m/n/9 τὸ παραλληλόγ
ραμμον\TU/TimesNewRoman(0)/m/n/9 ,
 []


Overfull \hbox (12.38979pt too wide) in paragraph at lines 337--339
[]\TU/TimesNewRoman(0)/m/n/9 : \TU/TimesNewRoman(0)/m/it/9 adj\TU/TimesNewRoman
(0)/m/n/9 , parallel; \TU/TimesNewRoman(1)/m/n/9 τὸ παράλληλον\TU/TimesNewRoman
(0)/m/n/9 , \TU/TimesNewRoman(0)/m/it/9 no\TU/TimesNewRoman(0)/m/n/9 , parallel
, parallel-
 []


Overfull \hbox (2.80342pt too wide) in paragraph at lines 349--350
[]\TU/TimesNewRoman(0)/m/n/9 : \TU/TimesNewRoman(0)/m/it/9 vb\TU/TimesNewRoman(
0)/m/n/9 ,
 []



[581]
Overfull \hbox (3.77667pt too wide) in paragraph at lines 409--411
[]\TU/TimesNewRoman(0)/m/n/9 : \TU/TimesNewRoman(0)/m/it/9 vb\TU/TimesNewRoman(
0)/m/n/9 , turn. 
 []




Overfull \hbox (2.37482pt too wide) in paragraph at lines 437--439
[]\TU/TimesNewRoman(0)/m/n/9 : \TU/TimesNewRoman(0)/m/it/9 vb\TU/TimesNewRoman(
0)/m/n/9 , arrange,
 []


Overfull \hbox (0.1672pt too wide) in paragraph at lines 440--442
[]\TU/TimesNewRoman(0)/m/n/9 : \TU/TimesNewRoman(0)/m/it/9 vb\TU/TimesNewRoman(
0)/m/n/9 , cut;
 []


Overfull \hbox (0.51479pt too wide) in paragraph at lines 467--469
[]\TU/TimesNewRoman(1)/m/n/9 τεύχομαι, >έτυθον, τετύθηκα, τέτευγμαι, ἐτεύθθην \
TU/TimesNewRoman(0)/m/n/9 : \TU/TimesNewRoman(0)/m/it/9 vb\TU/TimesNewRoman(0)/
m/n/9 ,
 []


Overfull \hbox (13.76631pt too wide) in paragraph at lines 478--479
[]
 []


Overfull \hbox (9.33575pt too wide) in paragraph at lines 482--484
[]\TU/TimesNewRoman(0)/m/n/9 : \TU/TimesNewRoman(0)/m/it/9 vb\TU/TimesNewRoman(
0)/m/n/9 , carry. 
 []

)

[582] (./Elements-unicode.aux (./Book00/Introduction.aux) (./Book01/Book1.aux)
(./Book02/Book2.aux) (./Book03/Book3.aux) (./Book04/Book4.aux)
(./Book05/Book5.aux) (./Book06/Book6.aux) (./Book07/Book7.aux)
(./Book08/Book8.aux) (./Book09/Book9.aux) (./Book10/Book10.aux)
(./Book11/Book11.aux) (./Book12/Book12.aux) (./Book13/Book13.aux)
(./Book99/Lexicon.aux))
 ***********
LaTeX2e <2024-11-01> patch level 2
L3 programming layer <2025-01-18>
 ***********
Package rerunfilecheck Info: File `Elements-unicode.out' has not changed.
(rerunfilecheck)             Checksum: 7A1A223C1048B11D46B0CAE32A510A8E;65868.
 ) 
Here is how much of TeX's memory you used:
 21192 strings out of 473832
 458917 string characters out of 5729481
 878659 words of memory out of 5000000
 43673 multiletter control sequences out of 15000+600000
 570481 words of font info for 119 fonts, out of 8000000 for 9000
 1348 hyphenation exceptions out of 8191
 79i,13n,93p,1072b,490s stack positions out of 10000i,1000n,20000p,200000b,200000s

Output written on Elements-unicode.pdf (586 pages).
