This is pdfTeX, Version 3.141592653-2.6-1.40.27 (TeX Live 2025) (preloaded format=pdflatex 2025.8.21)  8 SEP 2025 10:39
entering extended mode
 restricted \write18 enabled.
 file:line:error style messages enabled.
 %&-line parsing enabled.
**/Users/phoneee/proj/euclid/Elements/Elements.tex
(/Users/phoneee/proj/euclid/Elements/Elements.tex
LaTeX2e <2024-11-01> patch level 2
L3 programming layer <2025-01-18>
(/usr/local/texlive/2025/texmf-dist/tex/latex/base/article.cls
Document Class: article 2024/06/29 v1.4n Standard LaTeX document class
(/usr/local/texlive/2025/texmf-dist/tex/latex/base/size10.clo
File: size10.clo 2024/06/29 v1.4n Standard LaTeX file (size option)
)
\c@part=\count196
\c@section=\count197
\c@subsection=\count198
\c@subsubsection=\count199
\c@paragraph=\count266
\c@subparagraph=\count267
\c@figure=\count268
\c@table=\count269
\abovecaptionskip=\skip49
\belowcaptionskip=\skip50
\bibindent=\dimen141
) (/usr/local/texlive/2025/texmf-dist/tex/generic/iftex/ifxetex.sty
Package: ifxetex 2019/10/25 v0.7 ifxetex legacy package. Use iftex instead.
 (/usr/local/texlive/2025/texmf-dist/tex/generic/iftex/iftex.sty
Package: iftex 2024/12/12 v1.0g TeX engine tests
)) (/usr/local/texlive/2025/texmf-dist/tex/generic/iftex/ifluatex.sty
Package: ifluatex 2019/10/25 v1.5 ifluatex legacy package. Use iftex instead.
) (/usr/local/texlive/2025/texmf-dist/tex/latex/base/fontenc.sty
Package: fontenc 2021/04/29 v2.0v Standard LaTeX package
 (/usr/local/texlive/2025/texmf-dist/tex/latex/greek-fontenc/lgrenc.def
File: lgrenc.def 2023-09-12 2.5 LGR Greek font encoding definitions
Now handling font encoding LGR ...
... processing UTF-8 mapping file for font encoding LGR
 (/usr/local/texlive/2025/texmf-dist/tex/latex/greek-inputenc/lgrenc.dfu
File: lgrenc.dfu 2023-03-21 1.9 UTF-8 support for Greek
   defining Unicode char U+00A8 (decimal 168)
   defining Unicode char U+00AB (decimal 171)
   defining Unicode char U+00AF (decimal 175)
   defining Unicode char U+00B4 (decimal 180)
   defining Unicode char U+00B7 (decimal 183)
   defining Unicode char U+00BB (decimal 187)
   defining Unicode char U+0259 (decimal 601)
   defining Unicode char U+02D8 (decimal 728)
   defining Unicode char U+0374 (decimal 884)
   defining Unicode char U+0375 (decimal 885)
   defining Unicode char U+037A (decimal 890)
   defining Unicode char U+037E (decimal 894)
   defining Unicode char U+0384 (decimal 900)
   defining Unicode char U+0385 (decimal 901)
   defining Unicode char U+0386 (decimal 902)
   defining Unicode char U+0387 (decimal 903)
   defining Unicode char U+0388 (decimal 904)
   defining Unicode char U+0389 (decimal 905)
   defining Unicode char U+038A (decimal 906)
   defining Unicode char U+038C (decimal 908)
   defining Unicode char U+038E (decimal 910)
   defining Unicode char U+038F (decimal 911)
   defining Unicode char U+0390 (decimal 912)
   defining Unicode char U+0391 (decimal 913)
   defining Unicode char U+0392 (decimal 914)
   defining Unicode char U+0393 (decimal 915)
   defining Unicode char U+0394 (decimal 916)
   defining Unicode char U+0395 (decimal 917)
   defining Unicode char U+0396 (decimal 918)
   defining Unicode char U+0397 (decimal 919)
   defining Unicode char U+0398 (decimal 920)
   defining Unicode char U+0399 (decimal 921)
   defining Unicode char U+039A (decimal 922)
   defining Unicode char U+039B (decimal 923)
   defining Unicode char U+039C (decimal 924)
   defining Unicode char U+039D (decimal 925)
   defining Unicode char U+039E (decimal 926)
   defining Unicode char U+039F (decimal 927)
   defining Unicode char U+03A0 (decimal 928)
   defining Unicode char U+03A1 (decimal 929)
   defining Unicode char U+03A3 (decimal 931)
   defining Unicode char U+03A4 (decimal 932)
   defining Unicode char U+03A5 (decimal 933)
   defining Unicode char U+03A6 (decimal 934)
   defining Unicode char U+03A7 (decimal 935)
   defining Unicode char U+03A8 (decimal 936)
   defining Unicode char U+03A9 (decimal 937)
   defining Unicode char U+03AA (decimal 938)
   defining Unicode char U+03AB (decimal 939)
   defining Unicode char U+03AC (decimal 940)
   defining Unicode char U+03AD (decimal 941)
   defining Unicode char U+03AE (decimal 942)
   defining Unicode char U+03AF (decimal 943)
   defining Unicode char U+03B0 (decimal 944)
   defining Unicode char U+03B1 (decimal 945)
   defining Unicode char U+03B2 (decimal 946)
   defining Unicode char U+03B3 (decimal 947)
   defining Unicode char U+03B4 (decimal 948)
   defining Unicode char U+03B5 (decimal 949)
   defining Unicode char U+03B6 (decimal 950)
   defining Unicode char U+03B7 (decimal 951)
   defining Unicode char U+03B8 (decimal 952)
   defining Unicode char U+03B9 (decimal 953)
   defining Unicode char U+03BA (decimal 954)
   defining Unicode char U+03BB (decimal 955)
   defining Unicode char U+03BC (decimal 956)
   defining Unicode char U+03BD (decimal 957)
   defining Unicode char U+03BE (decimal 958)
   defining Unicode char U+03BF (decimal 959)
   defining Unicode char U+03C0 (decimal 960)
   defining Unicode char U+03C1 (decimal 961)
   defining Unicode char U+03C2 (decimal 962)
   defining Unicode char U+03C3 (decimal 963)
   defining Unicode char U+03C4 (decimal 964)
   defining Unicode char U+03C5 (decimal 965)
   defining Unicode char U+03C6 (decimal 966)
   defining Unicode char U+03C7 (decimal 967)
   defining Unicode char U+03C8 (decimal 968)
   defining Unicode char U+03C9 (decimal 969)
   defining Unicode char U+03CA (decimal 970)
   defining Unicode char U+03CB (decimal 971)
   defining Unicode char U+03CC (decimal 972)
   defining Unicode char U+03CD (decimal 973)
   defining Unicode char U+03CE (decimal 974)
   defining Unicode char U+03D0 (decimal 976)
   defining Unicode char U+03D1 (decimal 977)
   defining Unicode char U+03D5 (decimal 981)
   defining Unicode char U+03D6 (decimal 982)
   defining Unicode char U+03D8 (decimal 984)
   defining Unicode char U+03D9 (decimal 985)
   defining Unicode char U+03DA (decimal 986)
   defining Unicode char U+03DB (decimal 987)
   defining Unicode char U+03DC (decimal 988)
   defining Unicode char U+03DD (decimal 989)
   defining Unicode char U+03DE (decimal 990)
   defining Unicode char U+03DF (decimal 991)
   defining Unicode char U+03E0 (decimal 992)
   defining Unicode char U+03E1 (decimal 993)
   defining Unicode char U+03F0 (decimal 1008)
   defining Unicode char U+03F1 (decimal 1009)
   defining Unicode char U+03F4 (decimal 1012)
   defining Unicode char U+03F5 (decimal 1013)
   defining Unicode char U+1F00 (decimal 7936)
   defining Unicode char U+1F01 (decimal 7937)
   defining Unicode char U+1F02 (decimal 7938)
   defining Unicode char U+1F03 (decimal 7939)
   defining Unicode char U+1F04 (decimal 7940)
   defining Unicode char U+1F05 (decimal 7941)
   defining Unicode char U+1F06 (decimal 7942)
   defining Unicode char U+1F07 (decimal 7943)
   defining Unicode char U+1F08 (decimal 7944)
   defining Unicode char U+1F09 (decimal 7945)
   defining Unicode char U+1F0A (decimal 7946)
   defining Unicode char U+1F0B (decimal 7947)
   defining Unicode char U+1F0C (decimal 7948)
   defining Unicode char U+1F0D (decimal 7949)
   defining Unicode char U+1F0E (decimal 7950)
   defining Unicode char U+1F0F (decimal 7951)
   defining Unicode char U+1F10 (decimal 7952)
   defining Unicode char U+1F11 (decimal 7953)
   defining Unicode char U+1F12 (decimal 7954)
   defining Unicode char U+1F13 (decimal 7955)
   defining Unicode char U+1F14 (decimal 7956)
   defining Unicode char U+1F15 (decimal 7957)
   defining Unicode char U+1F18 (decimal 7960)
   defining Unicode char U+1F19 (decimal 7961)
   defining Unicode char U+1F1A (decimal 7962)
   defining Unicode char U+1F1B (decimal 7963)
   defining Unicode char U+1F1C (decimal 7964)
   defining Unicode char U+1F1D (decimal 7965)
   defining Unicode char U+1F20 (decimal 7968)
   defining Unicode char U+1F21 (decimal 7969)
   defining Unicode char U+1F22 (decimal 7970)
   defining Unicode char U+1F23 (decimal 7971)
   defining Unicode char U+1F24 (decimal 7972)
   defining Unicode char U+1F25 (decimal 7973)
   defining Unicode char U+1F26 (decimal 7974)
   defining Unicode char U+1F27 (decimal 7975)
   defining Unicode char U+1F28 (decimal 7976)
   defining Unicode char U+1F29 (decimal 7977)
   defining Unicode char U+1F2A (decimal 7978)
   defining Unicode char U+1F2B (decimal 7979)
   defining Unicode char U+1F2C (decimal 7980)
   defining Unicode char U+1F2D (decimal 7981)
   defining Unicode char U+1F2E (decimal 7982)
   defining Unicode char U+1F2F (decimal 7983)
   defining Unicode char U+1F30 (decimal 7984)
   defining Unicode char U+1F31 (decimal 7985)
   defining Unicode char U+1F32 (decimal 7986)
   defining Unicode char U+1F33 (decimal 7987)
   defining Unicode char U+1F34 (decimal 7988)
   defining Unicode char U+1F35 (decimal 7989)
   defining Unicode char U+1F36 (decimal 7990)
   defining Unicode char U+1F37 (decimal 7991)
   defining Unicode char U+1F38 (decimal 7992)
   defining Unicode char U+1F39 (decimal 7993)
   defining Unicode char U+1F3A (decimal 7994)
   defining Unicode char U+1F3B (decimal 7995)
   defining Unicode char U+1F3C (decimal 7996)
   defining Unicode char U+1F3D (decimal 7997)
   defining Unicode char U+1F3E (decimal 7998)
   defining Unicode char U+1F3F (decimal 7999)
   defining Unicode char U+1F40 (decimal 8000)
   defining Unicode char U+1F41 (decimal 8001)
   defining Unicode char U+1F42 (decimal 8002)
   defining Unicode char U+1F43 (decimal 8003)
   defining Unicode char U+1F44 (decimal 8004)
   defining Unicode char U+1F45 (decimal 8005)
   defining Unicode char U+1F48 (decimal 8008)
   defining Unicode char U+1F49 (decimal 8009)
   defining Unicode char U+1F4A (decimal 8010)
   defining Unicode char U+1F4B (decimal 8011)
   defining Unicode char U+1F4C (decimal 8012)
   defining Unicode char U+1F4D (decimal 8013)
   defining Unicode char U+1F50 (decimal 8016)
   defining Unicode char U+1F51 (decimal 8017)
   defining Unicode char U+1F52 (decimal 8018)
   defining Unicode char U+1F53 (decimal 8019)
   defining Unicode char U+1F54 (decimal 8020)
   defining Unicode char U+1F55 (decimal 8021)
   defining Unicode char U+1F56 (decimal 8022)
   defining Unicode char U+1F57 (decimal 8023)
   defining Unicode char U+1F59 (decimal 8025)
   defining Unicode char U+1F5B (decimal 8027)
   defining Unicode char U+1F5D (decimal 8029)
   defining Unicode char U+1F5F (decimal 8031)
   defining Unicode char U+1F60 (decimal 8032)
   defining Unicode char U+1F61 (decimal 8033)
   defining Unicode char U+1F62 (decimal 8034)
   defining Unicode char U+1F63 (decimal 8035)
   defining Unicode char U+1F64 (decimal 8036)
   defining Unicode char U+1F65 (decimal 8037)
   defining Unicode char U+1F66 (decimal 8038)
   defining Unicode char U+1F67 (decimal 8039)
   defining Unicode char U+1F68 (decimal 8040)
   defining Unicode char U+1F69 (decimal 8041)
   defining Unicode char U+1F6A (decimal 8042)
   defining Unicode char U+1F6B (decimal 8043)
   defining Unicode char U+1F6C (decimal 8044)
   defining Unicode char U+1F6D (decimal 8045)
   defining Unicode char U+1F6E (decimal 8046)
   defining Unicode char U+1F6F (decimal 8047)
   defining Unicode char U+1F70 (decimal 8048)
   defining Unicode char U+1F71 (decimal 8049)
   defining Unicode char U+1F72 (decimal 8050)
   defining Unicode char U+1F73 (decimal 8051)
   defining Unicode char U+1F74 (decimal 8052)
   defining Unicode char U+1F75 (decimal 8053)
   defining Unicode char U+1F76 (decimal 8054)
   defining Unicode char U+1F77 (decimal 8055)
   defining Unicode char U+1F78 (decimal 8056)
   defining Unicode char U+1F79 (decimal 8057)
   defining Unicode char U+1F7A (decimal 8058)
   defining Unicode char U+1F7B (decimal 8059)
   defining Unicode char U+1F7C (decimal 8060)
   defining Unicode char U+1F7D (decimal 8061)
   defining Unicode char U+1F80 (decimal 8064)
   defining Unicode char U+1F81 (decimal 8065)
   defining Unicode char U+1F82 (decimal 8066)
   defining Unicode char U+1F83 (decimal 8067)
   defining Unicode char U+1F84 (decimal 8068)
   defining Unicode char U+1F85 (decimal 8069)
   defining Unicode char U+1F86 (decimal 8070)
   defining Unicode char U+1F87 (decimal 8071)
   defining Unicode char U+1F88 (decimal 8072)
   defining Unicode char U+1F89 (decimal 8073)
   defining Unicode char U+1F8A (decimal 8074)
   defining Unicode char U+1F8B (decimal 8075)
   defining Unicode char U+1F8C (decimal 8076)
   defining Unicode char U+1F8D (decimal 8077)
   defining Unicode char U+1F8E (decimal 8078)
   defining Unicode char U+1F8F (decimal 8079)
   defining Unicode char U+1F90 (decimal 8080)
   defining Unicode char U+1F91 (decimal 8081)
   defining Unicode char U+1F92 (decimal 8082)
   defining Unicode char U+1F93 (decimal 8083)
   defining Unicode char U+1F94 (decimal 8084)
   defining Unicode char U+1F95 (decimal 8085)
   defining Unicode char U+1F96 (decimal 8086)
   defining Unicode char U+1F97 (decimal 8087)
   defining Unicode char U+1F98 (decimal 8088)
   defining Unicode char U+1F99 (decimal 8089)
   defining Unicode char U+1F9A (decimal 8090)
   defining Unicode char U+1F9B (decimal 8091)
   defining Unicode char U+1F9C (decimal 8092)
   defining Unicode char U+1F9D (decimal 8093)
   defining Unicode char U+1F9E (decimal 8094)
   defining Unicode char U+1F9F (decimal 8095)
   defining Unicode char U+1FA0 (decimal 8096)
   defining Unicode char U+1FA1 (decimal 8097)
   defining Unicode char U+1FA2 (decimal 8098)
   defining Unicode char U+1FA3 (decimal 8099)
   defining Unicode char U+1FA4 (decimal 8100)
   defining Unicode char U+1FA5 (decimal 8101)
   defining Unicode char U+1FA6 (decimal 8102)
   defining Unicode char U+1FA7 (decimal 8103)
   defining Unicode char U+1FA8 (decimal 8104)
   defining Unicode char U+1FA9 (decimal 8105)
   defining Unicode char U+1FAA (decimal 8106)
   defining Unicode char U+1FAB (decimal 8107)
   defining Unicode char U+1FAC (decimal 8108)
   defining Unicode char U+1FAD (decimal 8109)
   defining Unicode char U+1FAE (decimal 8110)
   defining Unicode char U+1FAF (decimal 8111)
   defining Unicode char U+1FB0 (decimal 8112)
   defining Unicode char U+1FB1 (decimal 8113)
   defining Unicode char U+1FB2 (decimal 8114)
   defining Unicode char U+1FB3 (decimal 8115)
   defining Unicode char U+1FB4 (decimal 8116)
   defining Unicode char U+1FB6 (decimal 8118)
   defining Unicode char U+1FB7 (decimal 8119)
   defining Unicode char U+1FB8 (decimal 8120)
   defining Unicode char U+1FB9 (decimal 8121)
   defining Unicode char U+1FBA (decimal 8122)
   defining Unicode char U+1FBB (decimal 8123)
   defining Unicode char U+1FBC (decimal 8124)
   defining Unicode char U+1FBD (decimal 8125)
   defining Unicode char U+1FBE (decimal 8126)
   defining Unicode char U+1FBF (decimal 8127)
   defining Unicode char U+1FC0 (decimal 8128)
   defining Unicode char U+1FC1 (decimal 8129)
   defining Unicode char U+1FC2 (decimal 8130)
   defining Unicode char U+1FC3 (decimal 8131)
   defining Unicode char U+1FC4 (decimal 8132)
   defining Unicode char U+1FC6 (decimal 8134)
   defining Unicode char U+1FC7 (decimal 8135)
   defining Unicode char U+1FC8 (decimal 8136)
   defining Unicode char U+1FC9 (decimal 8137)
   defining Unicode char U+1FCA (decimal 8138)
   defining Unicode char U+1FCB (decimal 8139)
   defining Unicode char U+1FCC (decimal 8140)
   defining Unicode char U+1FCD (decimal 8141)
   defining Unicode char U+1FCE (decimal 8142)
   defining Unicode char U+1FCF (decimal 8143)
   defining Unicode char U+1FD0 (decimal 8144)
   defining Unicode char U+1FD1 (decimal 8145)
   defining Unicode char U+1FD2 (decimal 8146)
   defining Unicode char U+1FD3 (decimal 8147)
   defining Unicode char U+1FD6 (decimal 8150)
   defining Unicode char U+1FD7 (decimal 8151)
   defining Unicode char U+1FD8 (decimal 8152)
   defining Unicode char U+1FD9 (decimal 8153)
   defining Unicode char U+1FDA (decimal 8154)
   defining Unicode char U+1FDB (decimal 8155)
   defining Unicode char U+1FDD (decimal 8157)
   defining Unicode char U+1FDE (decimal 8158)
   defining Unicode char U+1FDF (decimal 8159)
   defining Unicode char U+1FE0 (decimal 8160)
   defining Unicode char U+1FE1 (decimal 8161)
   defining Unicode char U+1FE2 (decimal 8162)
   defining Unicode char U+1FE3 (decimal 8163)
   defining Unicode char U+1FE4 (decimal 8164)
   defining Unicode char U+1FE5 (decimal 8165)
   defining Unicode char U+1FE6 (decimal 8166)
   defining Unicode char U+1FE7 (decimal 8167)
   defining Unicode char U+1FE8 (decimal 8168)
   defining Unicode char U+1FE9 (decimal 8169)
   defining Unicode char U+1FEA (decimal 8170)
   defining Unicode char U+1FEB (decimal 8171)
   defining Unicode char U+1FEC (decimal 8172)
   defining Unicode char U+1FED (decimal 8173)
   defining Unicode char U+1FEE (decimal 8174)
   defining Unicode char U+1FEF (decimal 8175)
   defining Unicode char U+1FF2 (decimal 8178)
   defining Unicode char U+1FF3 (decimal 8179)
   defining Unicode char U+1FF4 (decimal 8180)
   defining Unicode char U+1FF6 (decimal 8182)
   defining Unicode char U+1FF7 (decimal 8183)
   defining Unicode char U+1FF8 (decimal 8184)
   defining Unicode char U+1FF9 (decimal 8185)
   defining Unicode char U+1FFA (decimal 8186)
   defining Unicode char U+1FFB (decimal 8187)
   defining Unicode char U+1FFC (decimal 8188)
   defining Unicode char U+1FFD (decimal 8189)
   defining Unicode char U+1FFE (decimal 8190)
   defining Unicode char U+2013 (decimal 8211)
   defining Unicode char U+2014 (decimal 8212)
   defining Unicode char U+2018 (decimal 8216)
   defining Unicode char U+2019 (decimal 8217)
   defining Unicode char U+201A (decimal 8218)
   defining Unicode char U+2030 (decimal 8240)
   defining Unicode char U+2039 (decimal 8249)
   defining Unicode char U+203A (decimal 8250)
   defining Unicode char U+20AC (decimal 8364)
   defining Unicode char U+2126 (decimal 8486)
   defining Unicode char U+10144 (decimal 65860)
   defining Unicode char U+10145 (decimal 65861)
   defining Unicode char U+10146 (decimal 65862)
   defining Unicode char U+10147 (decimal 65863)
) (/usr/local/texlive/2025/texmf-dist/tex/latex/greek-fontenc/greek-fontenc.def
File: greek-fontenc.def 2023-09-12 2.5 Common Greek font encoding definitions
))) (/usr/local/texlive/2025/texmf-dist/tex/latex/base/inputenc.sty
Package: inputenc 2024/02/08 v1.3d Input encoding file
\inpenc@prehook=\toks17
\inpenc@posthook=\toks18
) (/usr/local/texlive/2025/texmf-dist/tex/generic/babel/babel.sty
Package: babel 2025/02/14 v25.4 The multilingual framework for pdfLaTeX, LuaLaTeX and XeLaTeX
\babel@savecnt=\count270
\U@D=\dimen142
\l@unhyphenated=\language90
 (/usr/local/texlive/2025/texmf-dist/tex/generic/babel/txtbabel.def)
\bbl@readstream=\read2
\bbl@dirlevel=\count271
 (/usr/local/texlive/2025/texmf-dist/tex/generic/babel-greek/greek.ldf
Language: greek 2023/10/13 1.15 Greek support for the babel system
\bbl@monogreek=\count272
\bbl@polygreek=\count273
\bbl@ancientgreek=\count274
) (/usr/local/texlive/2025/texmf-dist/tex/generic/babel-english/english.ldf
Language: english 2017/06/06 v3.3r English support from the babel system
Package babel Info: Hyphen rules for 'canadian' set to \l@english
(babel)             (\language0). Reported on input line 102.
Package babel Info: Hyphen rules for 'australian' set to \l@ukenglish
(babel)             (\language22). Reported on input line 105.
Package babel Info: Hyphen rules for 'newzealand' set to \l@ukenglish
(babel)             (\language22). Reported on input line 108.
)) (/usr/local/texlive/2025/texmf-dist/tex/generic/babel/locale/en/babel-english.tex
Package babel Info: Importing font and identification data for english
(babel)             from babel-en.ini. Reported on input line 11.
) (/usr/local/texlive/2025/texmf-dist/tex/latex/amsfonts/amssymb.sty
Package: amssymb 2013/01/14 v3.01 AMS font symbols
 (/usr/local/texlive/2025/texmf-dist/tex/latex/amsfonts/amsfonts.sty
Package: amsfonts 2013/01/14 v3.01 Basic AMSFonts support
\@emptytoks=\toks19
\symAMSa=\mathgroup4
\symAMSb=\mathgroup5
LaTeX Font Info:    Redeclaring math symbol \hbar on input line 98.
LaTeX Font Info:    Overwriting math alphabet `\mathfrak' in version `bold'
(Font)                  U/euf/m/n --> U/euf/b/n on input line 106.
)) (/usr/local/texlive/2025/texmf-dist/tex/latex/amsmath/amsmath.sty
Package: amsmath 2024/11/05 v2.17t AMS math features
\@mathmargin=\skip51

For additional information on amsmath, use the `?' option.
(/usr/local/texlive/2025/texmf-dist/tex/latex/amsmath/amstext.sty
Package: amstext 2021/08/26 v2.01 AMS text
 (/usr/local/texlive/2025/texmf-dist/tex/latex/amsmath/amsgen.sty
File: amsgen.sty 1999/11/30 v2.0 generic functions
\@emptytoks=\toks20
\ex@=\dimen143
)) (/usr/local/texlive/2025/texmf-dist/tex/latex/amsmath/amsbsy.sty
Package: amsbsy 1999/11/29 v1.2d Bold Symbols
\pmbraise@=\dimen144
) (/usr/local/texlive/2025/texmf-dist/tex/latex/amsmath/amsopn.sty
Package: amsopn 2022/04/08 v2.04 operator names
)
\inf@bad=\count275
LaTeX Info: Redefining \frac on input line 233.
\uproot@=\count276
\leftroot@=\count277
LaTeX Info: Redefining \overline on input line 398.
LaTeX Info: Redefining \colon on input line 409.
\classnum@=\count278
\DOTSCASE@=\count279
LaTeX Info: Redefining \ldots on input line 495.
LaTeX Info: Redefining \dots on input line 498.
LaTeX Info: Redefining \cdots on input line 619.
\Mathstrutbox@=\box52
\strutbox@=\box53
LaTeX Info: Redefining \big on input line 721.
LaTeX Info: Redefining \Big on input line 722.
LaTeX Info: Redefining \bigg on input line 723.
LaTeX Info: Redefining \Bigg on input line 724.
\big@size=\dimen145
LaTeX Font Info:    Redeclaring font encoding OML on input line 742.
LaTeX Font Info:    Redeclaring font encoding OMS on input line 743.
\macc@depth=\count280
LaTeX Info: Redefining \bmod on input line 904.
LaTeX Info: Redefining \pmod on input line 909.
LaTeX Info: Redefining \smash on input line 939.
LaTeX Info: Redefining \relbar on input line 969.
LaTeX Info: Redefining \Relbar on input line 970.
\c@MaxMatrixCols=\count281
\dotsspace@=\muskip17
\c@parentequation=\count282
\dspbrk@lvl=\count283
\tag@help=\toks21
\row@=\count284
\column@=\count285
\maxfields@=\count286
\andhelp@=\toks22
\eqnshift@=\dimen146
\alignsep@=\dimen147
\tagshift@=\dimen148
\tagwidth@=\dimen149
\totwidth@=\dimen150
\lineht@=\dimen151
\@envbody=\toks23
\multlinegap=\skip52
\multlinetaggap=\skip53
\mathdisplay@stack=\toks24
LaTeX Info: Redefining \[ on input line 2953.
LaTeX Info: Redefining \] on input line 2954.
) (/usr/local/texlive/2025/texmf-dist/tex/latex/parallel/parallel.sty
Package: parallel 2003/04/13, setting two texts parallel (me)
 `parallel': setting two texts parallel, (beta 4) 2003/04/13.
\ParallelLWidth=\dimen152
\ParallelRWidth=\dimen153
\ParallelTextWidth=\dimen154
\ParallelLeftMargin=\dimen155
\ParallelUserMidSkip=\dimen156
\ParallelMainMidSkip=\dimen157
\ParallelLBox=\box54
\ParallelRBox=\box55
\ParallelBoxVar=\box56
\ParallelLTok=\box57
\ParallelRTok=\box58
\ParallelBoolVar=\count287
\ParallelBoolMid=\count288
\ParallelWhichBox=\count289
\ParallelMainMode=\count290
\ParallelFNMode=\count291
\ParallelLFNCounter=\count292
\ParallelRFNCounter=\count293
\ParallelMaxFN=\count294
\ParallelFNNumMode=\count295
) (/usr/local/texlive/2025/texmf-dist/tex/latex/fancyhdr/fancyhdr.sty
Package: fancyhdr 2025/02/07 v5.2 Extensive control of page headers and footers
\f@nch@headwidth=\skip54
\f@nch@offset@elh=\skip55
\f@nch@offset@erh=\skip56
\f@nch@offset@olh=\skip57
\f@nch@offset@orh=\skip58
\f@nch@offset@elf=\skip59
\f@nch@offset@erf=\skip60
\f@nch@offset@olf=\skip61
\f@nch@offset@orf=\skip62
\f@nch@height=\skip63
\f@nch@footalignment=\skip64
\f@nch@widthL=\skip65
\f@nch@widthC=\skip66
\f@nch@widthR=\skip67
\@temptokenb=\toks25
) (/usr/local/texlive/2025/texmf-dist/tex/generic/epsf/epsf.sty
This is `epsf.tex' v2.7.4 <14 February 2011>
\epsffilein=\read3
\epsfframemargin=\dimen158
\epsfframethickness=\dimen159
\epsfrsize=\dimen160
\epsftmp=\dimen161
\epsftsize=\dimen162
\epsfxsize=\dimen163
\epsfysize=\dimen164
\pspoints=\dimen165
) (/usr/local/texlive/2025/texmf-dist/tex/latex/hyperref/hyperref.sty
Package: hyperref 2024-11-05 v7.01l Hypertext links for LaTeX
 (/usr/local/texlive/2025/texmf-dist/tex/latex/graphics/keyval.sty
Package: keyval 2022/05/29 v1.15 key=value parser (DPC)
\KV@toks@=\toks26
) (/usr/local/texlive/2025/texmf-dist/tex/latex/kvsetkeys/kvsetkeys.sty
Package: kvsetkeys 2022-10-05 v1.19 Key value parser (HO)
) (/usr/local/texlive/2025/texmf-dist/tex/generic/kvdefinekeys/kvdefinekeys.sty
Package: kvdefinekeys 2019-12-19 v1.6 Define keys (HO)
) (/usr/local/texlive/2025/texmf-dist/tex/generic/pdfescape/pdfescape.sty
Package: pdfescape 2019/12/09 v1.15 Implements pdfTeX's escape features (HO)
 (/usr/local/texlive/2025/texmf-dist/tex/generic/ltxcmds/ltxcmds.sty
Package: ltxcmds 2023-12-04 v1.26 LaTeX kernel commands for general use (HO)
) (/usr/local/texlive/2025/texmf-dist/tex/generic/pdftexcmds/pdftexcmds.sty
Package: pdftexcmds 2020-06-27 v0.33 Utility functions of pdfTeX for LuaTeX (HO)
 (/usr/local/texlive/2025/texmf-dist/tex/generic/infwarerr/infwarerr.sty
Package: infwarerr 2019/12/03 v1.5 Providing info/warning/error messages (HO)
)
Package pdftexcmds Info: \pdf@primitive is available.
Package pdftexcmds Info: \pdf@ifprimitive is available.
Package pdftexcmds Info: \pdfdraftmode found.
)) (/usr/local/texlive/2025/texmf-dist/tex/latex/hycolor/hycolor.sty
Package: hycolor 2020-01-27 v1.10 Color options for hyperref/bookmark (HO)
) (/usr/local/texlive/2025/texmf-dist/tex/latex/hyperref/nameref.sty
Package: nameref 2023-11-26 v2.56 Cross-referencing by name of section
 (/usr/local/texlive/2025/texmf-dist/tex/latex/refcount/refcount.sty
Package: refcount 2019/12/15 v3.6 Data extraction from label references (HO)
) (/usr/local/texlive/2025/texmf-dist/tex/generic/gettitlestring/gettitlestring.sty
Package: gettitlestring 2019/12/15 v1.6 Cleanup title references (HO)
 (/usr/local/texlive/2025/texmf-dist/tex/latex/kvoptions/kvoptions.sty
Package: kvoptions 2022-06-15 v3.15 Key value format for package options (HO)
))
\c@section@level=\count296
) (/usr/local/texlive/2025/texmf-dist/tex/latex/etoolbox/etoolbox.sty
Package: etoolbox 2025/02/11 v2.5l e-TeX tools for LaTeX (JAW)
\etb@tempcnta=\count297
) (/usr/local/texlive/2025/texmf-dist/tex/generic/stringenc/stringenc.sty
Package: stringenc 2019/11/29 v1.12 Convert strings between diff. encodings (HO)
)
\@linkdim=\dimen166
\Hy@linkcounter=\count298
\Hy@pagecounter=\count299
 (/usr/local/texlive/2025/texmf-dist/tex/latex/hyperref/pd1enc.def
File: pd1enc.def 2024-11-05 v7.01l Hyperref: PDFDocEncoding definition (HO)
Now handling font encoding PD1 ...
... no UTF-8 mapping file for font encoding PD1
) (/usr/local/texlive/2025/texmf-dist/tex/generic/intcalc/intcalc.sty
Package: intcalc 2019/12/15 v1.3 Expandable calculations with integers (HO)
)
\Hy@SavedSpaceFactor=\count300
 (/usr/local/texlive/2025/texmf-dist/tex/latex/hyperref/puenc.def
File: puenc.def 2024-11-05 v7.01l Hyperref: PDF Unicode definition (HO)
Now handling font encoding PU ...
... no UTF-8 mapping file for font encoding PU
 (/usr/local/texlive/2025/texmf-dist/tex/latex/greek-fontenc/puenc-greek.def
File: puenc-greek.def 2023-09-12 2.5 Greek LICRs for PDF strings
 (/usr/local/texlive/2025/texmf-dist/tex/latex/greek-fontenc/greek-fontenc.def
File: greek-fontenc.def 2023-09-12 2.5 Common Greek font encoding definitions
)))

/usr/local/texlive/2025/texmf-dist/tex/latex/hyperref/hyperref.sty:4040: Package hyperref Error: Wrong DVI mode driver option `ps2pdf',
(hyperref)                because pdfTeX or LuaTeX is running in PDF mode.

See the hyperref package documentation for explanation.
Type  H <return>  for immediate help.
 ...                                              
                                                  
l.4040 \ProcessKeyvalOptions{Hyp}
                                 
Try typing  <return>  to proceed.
If that doesn't work, type  X <return>  to quit.

Package hyperref Info: Option `bookmarks' set `true' on input line 4040.
Package hyperref Info: Hyper figures OFF on input line 4157.
Package hyperref Info: Link nesting OFF on input line 4162.
Package hyperref Info: Hyper index ON on input line 4165.
Package hyperref Info: Plain pages OFF on input line 4172.
Package hyperref Info: Backreferencing OFF on input line 4177.
Package hyperref Info: Implicit mode ON; LaTeX internals redefined.
Package hyperref Info: Bookmarks ON on input line 4424.
\c@Hy@tempcnt=\count301
(/usr/local/texlive/2025/texmf-dist/tex/latex/url/url.sty
\Urlmuskip=\muskip18
Package: url 2013/09/16  ver 3.4  Verb mode for urls, etc.
)
LaTeX Info: Redefining \url on input line 4763.
\XeTeXLinkMargin=\dimen167
 (/usr/local/texlive/2025/texmf-dist/tex/generic/bitset/bitset.sty
Package: bitset 2019/12/09 v1.3 Handle bit-vector datatype (HO)
 (/usr/local/texlive/2025/texmf-dist/tex/generic/bigintcalc/bigintcalc.sty
Package: bigintcalc 2019/12/15 v1.5 Expandable calculations on big integers (HO)
))
\Fld@menulength=\count302
\Field@Width=\dimen168
\Fld@charsize=\dimen169
Package hyperref Info: Hyper figures OFF on input line 6042.
Package hyperref Info: Link nesting OFF on input line 6047.
Package hyperref Info: Hyper index ON on input line 6050.
Package hyperref Info: backreferencing OFF on input line 6057.
Package hyperref Info: Link coloring OFF on input line 6062.
Package hyperref Info: Link coloring with OCG OFF on input line 6067.
Package hyperref Info: PDF/A mode OFF on input line 6072.
 (/usr/local/texlive/2025/texmf-dist/tex/latex/base/atbegshi-ltx.sty
Package: atbegshi-ltx 2021/01/10 v1.0c Emulation of the original atbegshi
package with kernel methods
)
\Hy@abspage=\count303
\c@Item=\count304
\c@Hfootnote=\count305
)
Package hyperref Info: Driver (autodetected): hpdftex.
 (/usr/local/texlive/2025/texmf-dist/tex/latex/hyperref/hpdftex.def
File: hpdftex.def 2024-11-05 v7.01l Hyperref driver for pdfTeX
 (/usr/local/texlive/2025/texmf-dist/tex/latex/base/atveryend-ltx.sty
Package: atveryend-ltx 2020/08/19 v1.0a Emulation of the original atveryend package
with kernel methods
)
\Fld@listcount=\count306
\c@bookmark@seq@number=\count307
 (/usr/local/texlive/2025/texmf-dist/tex/latex/rerunfilecheck/rerunfilecheck.sty
Package: rerunfilecheck 2022-07-10 v1.10 Rerun checks for auxiliary files (HO)
 (/usr/local/texlive/2025/texmf-dist/tex/generic/uniquecounter/uniquecounter.sty
Package: uniquecounter 2019/12/15 v1.4 Provide unlimited unique counter (HO)
)
Package uniquecounter Info: New unique counter `rerunfilecheck' on input line 285.
)
\Hy@SectionHShift=\skip68
)

/Users/phoneee/proj/euclid/Elements/Elements.tex:44: LaTeX Error: Option clash for package babel.

See the LaTeX manual or LaTeX Companion for explanation.
Type  H <return>  for immediate help.
 ...                                              
                                                  
l.44 \languageattribute
                       {greek}{polutoniko}
The package babel has already been loaded with options:
  [polutonikogreek,english]
There has now been an attempt to load it with options
  [greek,english]
Adding the global options:
  polutonikogreek,english,greek,english
to your \documentclass declaration may fix this.
Try typing  <return>  to proceed.


Package babel Warning: You have more than once selected the attribute 'polutoniko'
(babel)                for language greek. Reported on input line 44.

(/usr/local/texlive/2025/texmf-dist/tex/latex/teubner/teubner.sty
Package: teubner 2023/08/25 v.5.8.3 Extensions for Greek philology
 (/usr/local/texlive/2025/texmf-dist/tex/latex/cm-super/type1ec.sty
Package: type1ec 2002/09/07 v1.1 Type1 EC font definitions (for CM-Super fonts)
 (/usr/local/texlive/2025/texmf-dist/tex/latex/base/t1cmr.fd
File: t1cmr.fd 2024/11/19 v2.5n Standard LaTeX font definitions
)) (/usr/local/texlive/2025/texmf-dist/tex/latex/graphics/graphicx.sty
Package: graphicx 2021/09/16 v1.2d Enhanced LaTeX Graphics (DPC,SPQR)
 (/usr/local/texlive/2025/texmf-dist/tex/latex/graphics/graphics.sty
Package: graphics 2024/08/06 v1.4g Standard LaTeX Graphics (DPC,SPQR)
 (/usr/local/texlive/2025/texmf-dist/tex/latex/graphics/trig.sty
Package: trig 2023/12/02 v1.11 sin cos tan (DPC)
) (/usr/local/texlive/2025/texmf-dist/tex/latex/graphics-cfg/graphics.cfg
File: graphics.cfg 2016/06/04 v1.11 sample graphics configuration
)
Package graphics Info: Driver file: pdftex.def on input line 106.
 (/usr/local/texlive/2025/texmf-dist/tex/latex/graphics-def/pdftex.def
File: pdftex.def 2024/04/13 v1.2c Graphics/color driver for pdftex
))
\Gin@req@height=\dimen170
\Gin@req@width=\dimen171
) (/usr/local/texlive/2025/texmf-dist/tex/latex/base/ifthen.sty
Package: ifthen 2024/03/16 v1.1e Standard LaTeX ifthen package (DPC)
) (/usr/local/texlive/2025/texmf-dist/tex/latex/base/exscale.sty
Package: exscale 2018/09/24 v2.1i Standard LaTeX package exscale
LaTeX Font Info:    Redeclaring symbol font `largesymbols' on input line 57.
LaTeX Font Info:    Overwriting symbol font `largesymbols' in version `normal'
(Font)                  OMX/cmex/m/n --> OMX/cmex/m/n on input line 57.
LaTeX Font Info:    Overwriting symbol font `largesymbols' in version `bold'
(Font)                  OMX/cmex/m/n --> OMX/cmex/m/n on input line 57.
\big@size=\dimen172
)
LaTeX Info: Redefining \textlatin on input line 196.
LaTeX Info: Redefining \cap on input line 267.
LaTeX Info: Redefining \: on input line 703.
LaTeX Info: Redefining \; on input line 704.
LaTeX Info: Redefining \| on input line 714.
LaTeX Info: Redefining \star on input line 893.
\c@verso=\count308
\c@subverso=\count309
\versoskip=\skip69
\br@cedmetrics=\skip70
 (/usr/local/texlive/2025/texmf-dist/tex/latex/tools/trace.sty
Package: trace 2021/04/18 v1.1f trace LaTeX code
)) (/usr/local/texlive/2025/texmf-dist/tex/latex/txfonts/txfonts.sty
Package: txfonts 2008/01/22 v3.2.1
LaTeX Font Info:    Redeclaring symbol font `operators' on input line 21.
LaTeX Font Info:    Overwriting symbol font `operators' in version `normal'
(Font)                  OT1/cmr/m/n --> OT1/txr/m/n on input line 21.
LaTeX Font Info:    Overwriting symbol font `operators' in version `bold'
(Font)                  OT1/cmr/bx/n --> OT1/txr/m/n on input line 21.
LaTeX Font Info:    Overwriting symbol font `operators' in version `bold'
(Font)                  OT1/txr/m/n --> OT1/txr/bx/n on input line 22.
\symitalic=\mathgroup6
LaTeX Font Info:    Overwriting symbol font `italic' in version `bold'
(Font)                  OT1/txr/m/it --> OT1/txr/bx/it on input line 26.
LaTeX Font Info:    Redeclaring math alphabet \mathbf on input line 29.
LaTeX Font Info:    Overwriting math alphabet `\mathbf' in version `normal'
(Font)                  OT1/cmr/bx/n --> OT1/txr/bx/n on input line 29.
LaTeX Font Info:    Overwriting math alphabet `\mathbf' in version `bold'
(Font)                  OT1/cmr/bx/n --> OT1/txr/bx/n on input line 29.
LaTeX Font Info:    Redeclaring math alphabet \mathit on input line 30.
LaTeX Font Info:    Overwriting math alphabet `\mathit' in version `normal'
(Font)                  OT1/cmr/m/it --> OT1/txr/m/it on input line 30.
LaTeX Font Info:    Overwriting math alphabet `\mathit' in version `bold'
(Font)                  OT1/cmr/bx/it --> OT1/txr/m/it on input line 30.
LaTeX Font Info:    Overwriting math alphabet `\mathit' in version `bold'
(Font)                  OT1/txr/m/it --> OT1/txr/bx/it on input line 31.
LaTeX Font Info:    Redeclaring math alphabet \mathsf on input line 40.
LaTeX Font Info:    Overwriting math alphabet `\mathsf' in version `normal'
(Font)                  OT1/cmss/m/n --> OT1/txss/m/n on input line 40.
LaTeX Font Info:    Overwriting math alphabet `\mathsf' in version `bold'
(Font)                  OT1/cmss/bx/n --> OT1/txss/m/n on input line 40.
LaTeX Font Info:    Overwriting math alphabet `\mathsf' in version `bold'
(Font)                  OT1/txss/m/n --> OT1/txss/b/n on input line 41.
LaTeX Font Info:    Redeclaring math alphabet \mathtt on input line 50.
LaTeX Font Info:    Overwriting math alphabet `\mathtt' in version `normal'
(Font)                  OT1/cmtt/m/n --> OT1/txtt/m/n on input line 50.
LaTeX Font Info:    Overwriting math alphabet `\mathtt' in version `bold'
(Font)                  OT1/cmtt/m/n --> OT1/txtt/m/n on input line 50.
LaTeX Font Info:    Overwriting math alphabet `\mathtt' in version `bold'
(Font)                  OT1/txtt/m/n --> OT1/txtt/b/n on input line 51.
LaTeX Font Info:    Redeclaring symbol font `letters' on input line 58.
LaTeX Font Info:    Overwriting symbol font `letters' in version `normal'
(Font)                  OML/cmm/m/it --> OML/txmi/m/it on input line 58.
LaTeX Font Info:    Overwriting symbol font `letters' in version `bold'
(Font)                  OML/cmm/b/it --> OML/txmi/m/it on input line 58.
LaTeX Font Info:    Overwriting symbol font `letters' in version `bold'
(Font)                  OML/txmi/m/it --> OML/txmi/bx/it on input line 59.
\symlettersA=\mathgroup7
LaTeX Font Info:    Overwriting symbol font `lettersA' in version `bold'
(Font)                  U/txmia/m/it --> U/txmia/bx/it on input line 67.
LaTeX Font Info:    Redeclaring math alphabet \mathfrak on input line 70.
LaTeX Font Info:    Redeclaring symbol font `symbols' on input line 77.
LaTeX Font Info:    Overwriting symbol font `symbols' in version `normal'
(Font)                  OMS/cmsy/m/n --> OMS/txsy/m/n on input line 77.
LaTeX Font Info:    Overwriting symbol font `symbols' in version `bold'
(Font)                  OMS/cmsy/b/n --> OMS/txsy/m/n on input line 77.
LaTeX Font Info:    Overwriting symbol font `symbols' in version `bold'
(Font)                  OMS/txsy/m/n --> OMS/txsy/bx/n on input line 78.
LaTeX Font Info:    Redeclaring symbol font `AMSa' on input line 93.
LaTeX Font Info:    Overwriting symbol font `AMSa' in version `normal'
(Font)                  U/msa/m/n --> U/txsya/m/n on input line 93.
LaTeX Font Info:    Overwriting symbol font `AMSa' in version `bold'
(Font)                  U/msa/m/n --> U/txsya/m/n on input line 93.
LaTeX Font Info:    Overwriting symbol font `AMSa' in version `bold'
(Font)                  U/txsya/m/n --> U/txsya/bx/n on input line 94.
LaTeX Font Info:    Redeclaring symbol font `AMSb' on input line 102.
LaTeX Font Info:    Overwriting symbol font `AMSb' in version `normal'
(Font)                  U/msb/m/n --> U/txsyb/m/n on input line 102.
LaTeX Font Info:    Overwriting symbol font `AMSb' in version `bold'
(Font)                  U/msb/m/n --> U/txsyb/m/n on input line 102.
LaTeX Font Info:    Overwriting symbol font `AMSb' in version `bold'
(Font)                  U/txsyb/m/n --> U/txsyb/bx/n on input line 103.
\symsymbolsC=\mathgroup8
LaTeX Font Info:    Overwriting symbol font `symbolsC' in version `bold'
(Font)                  U/txsyc/m/n --> U/txsyc/bx/n on input line 113.
LaTeX Font Info:    Redeclaring symbol font `largesymbols' on input line 120.
LaTeX Font Info:    Overwriting symbol font `largesymbols' in version `normal'
(Font)                  OMX/cmex/m/n --> OMX/txex/m/n on input line 120.
LaTeX Font Info:    Overwriting symbol font `largesymbols' in version `bold'
(Font)                  OMX/cmex/m/n --> OMX/txex/m/n on input line 120.
LaTeX Font Info:    Overwriting symbol font `largesymbols' in version `bold'
(Font)                  OMX/txex/m/n --> OMX/txex/bx/n on input line 121.
\symlargesymbolsA=\mathgroup9
LaTeX Font Info:    Overwriting symbol font `largesymbolsA' in version `bold'
(Font)                  U/txexa/m/n --> U/txexa/bx/n on input line 129.
LaTeX Font Info:    Redeclaring math symbol \mathsterling on input line 164.
LaTeX Info: Redefining \not on input line 1043.
) (/usr/local/texlive/2025/texmf-dist/tex/latex/greek-fontenc/textalpha.sty
Package: textalpha 2023-09-12 2.5 macros for Greek letters in text
   defining Unicode char U+00B5 (decimal 181)
)
LaTeX Font Info:    Trying to load font information for T1+txr on input line 86.
 (/usr/local/texlive/2025/texmf-dist/tex/latex/txfonts/t1txr.fd
File: t1txr.fd 2000/12/15 v3.1
) (/usr/local/texlive/2025/texmf-dist/tex/latex/l3backend/l3backend-pdftex.def
File: l3backend-pdftex.def 2024-05-08 L3 backend support: PDF output (pdfTeX)
\l__color_backend_stack_int=\count310
\l__pdf_internal_box=\box59
) (./Elements.aux)
\openout1 = `Elements.aux'.

LaTeX Font Info:    Checking defaults for OML/txmi/m/it on input line 86.
LaTeX Font Info:    Trying to load font information for OML+txmi on input line 86.
 (/usr/local/texlive/2025/texmf-dist/tex/latex/txfonts/omltxmi.fd
File: omltxmi.fd 2000/12/15 v3.1
)
LaTeX Font Info:    ... okay on input line 86.
LaTeX Font Info:    Checking defaults for OMS/txsy/m/n on input line 86.
LaTeX Font Info:    Trying to load font information for OMS+txsy on input line 86.
 (/usr/local/texlive/2025/texmf-dist/tex/latex/txfonts/omstxsy.fd
File: omstxsy.fd 2000/12/15 v3.1
)
LaTeX Font Info:    ... okay on input line 86.
LaTeX Font Info:    Checking defaults for OT1/cmr/m/n on input line 86.
LaTeX Font Info:    ... okay on input line 86.
LaTeX Font Info:    Checking defaults for T1/cmr/m/n on input line 86.
LaTeX Font Info:    ... okay on input line 86.
LaTeX Font Info:    Checking defaults for TS1/cmr/m/n on input line 86.
LaTeX Font Info:    ... okay on input line 86.
LaTeX Font Info:    Checking defaults for OMX/txex/m/n on input line 86.
LaTeX Font Info:    Trying to load font information for OMX+txex on input line 86.
 (/usr/local/texlive/2025/texmf-dist/tex/latex/txfonts/omxtxex.fd
File: omxtxex.fd 2000/12/15 v3.1
)
LaTeX Font Info:    ... okay on input line 86.
LaTeX Font Info:    Checking defaults for U/txexa/m/n on input line 86.
LaTeX Font Info:    Trying to load font information for U+txexa on input line 86.
 (/usr/local/texlive/2025/texmf-dist/tex/latex/txfonts/utxexa.fd
File: utxexa.fd 2000/12/15 v3.1
)
LaTeX Font Info:    ... okay on input line 86.
LaTeX Font Info:    Checking defaults for LGR/cmr/m/n on input line 86.
LaTeX Font Info:    Trying to load font information for LGR+cmr on input line 86.
 (/usr/local/texlive/2025/texmf-dist/tex/latex/cbfonts-fd/lgrcmr.fd
File: lgrcmr.fd 2017/07/29 v1.2 Greek European Computer Regular
)
LaTeX Font Info:    ... okay on input line 86.
LaTeX Font Info:    Checking defaults for PD1/pdf/m/n on input line 86.
LaTeX Font Info:    ... okay on input line 86.
LaTeX Font Info:    Checking defaults for PU/pdf/m/n on input line 86.
LaTeX Font Info:    ... okay on input line 86.
Package hyperref Info: Link coloring OFF on input line 86.
\@outlinefile=\write3
\openout3 = `Elements.out'.

 (/usr/local/texlive/2025/texmf-dist/tex/context/base/mkii/supp-pdf.mkii
[Loading MPS to PDF converter (version 2006.09.02).]
\scratchcounter=\count311
\scratchdimen=\dimen173
\scratchbox=\box60
\nofMPsegments=\count312
\nofMParguments=\count313
\everyMPshowfont=\toks27
\MPscratchCnt=\count314
\MPscratchDim=\dimen174
\MPnumerator=\count315
\makeMPintoPDFobject=\count316
\everyMPtoPDFconversion=\toks28
) (/usr/local/texlive/2025/texmf-dist/tex/latex/epstopdf-pkg/epstopdf-base.sty
Package: epstopdf-base 2020-01-24 v2.11 Base part for package epstopdf
Package epstopdf-base Info: Redefining graphics rule for `.eps' on input line 485.
 (/usr/local/texlive/2025/texmf-dist/tex/latex/latexconfig/epstopdf-sys.cfg
File: epstopdf-sys.cfg 2010/07/13 v1.3 Configuration of (r)epstopdf for TeX Live
)) (/usr/local/texlive/2025/texmf-dist/tex/latex/base/ot1cmr.fd
File: ot1cmr.fd 2024/11/19 v2.5n Standard LaTeX font definitions
)
Times fonts loaded
(/usr/local/texlive/2025/texmf-dist/tex/latex/teubner/teubnertx.sty
Package: teubnertx 2023/08/25 v.5.8.3 Access to the LGR encoded Greek fonts that match the TX fonts
) (/usr/local/texlive/2025/texmf-dist/tex/latex/txfonts/ot1txr.fd
File: ot1txr.fd 2000/12/15 v3.1
) (/usr/local/texlive/2025/texmf-dist/tex/latex/txfonts/t1txr.fd
File: t1txr.fd 2000/12/15 v3.1
) (/usr/local/texlive/2025/texmf-dist/tex/latex/txfonts/ts1txr.fd
File: ts1txr.fd 2000/12/15 v3.1
)
\openout2 = `Book00/Introduction.aux'.

 (./Book00/Introduction.tex
LaTeX Font Info:    Trying to load font information for T1+txss on input line 7.
 (/usr/local/texlive/2025/texmf-dist/tex/latex/txfonts/t1txss.fd
File: t1txss.fd 2000/12/15 v3.1
)
LaTeX Font Info:    Font shape `T1/txss/m/n' will be
(Font)              scaled to size 23.63593pt on input line 7.
LaTeX Font Info:    Font shape `T1/txss/m/n' will be
(Font)              scaled to size 13.67995pt on input line 9.
LaTeX Font Info:    Font shape `T1/txss/m/it' in size <14.4> not available
(Font)              Font shape `T1/txss/m/sl' tried instead on input line 10.
LaTeX Font Info:    Font shape `T1/txss/m/sl' will be
(Font)              scaled to size 13.67995pt on input line 10.


[1


{/usr/local/texlive/2025/texmf-var/fonts/map/pdftex/updmap/pdftex.map}{/usr/local/texlive/2025/texmf-dist/fonts/enc/dvips/base/8r.enc}]

[2]
Underfull \hbox (badness 10000) in paragraph at lines 32--34

 []

LaTeX Font Info:    Font shape `T1/txr/b/n' in size <14.4> not available
(Font)              Font shape `T1/txr/bx/n' tried instead on input line 35.
LaTeX Font Info:    Trying to load font information for U+txsya on input line 37.
(/usr/local/texlive/2025/texmf-dist/tex/latex/txfonts/utxsya.fd
File: utxsya.fd 2000/12/15 v3.1
)
LaTeX Font Info:    Trying to load font information for U+txsyb on input line 37.
 (/usr/local/texlive/2025/texmf-dist/tex/latex/txfonts/utxsyb.fd
File: utxsyb.fd 2000/12/15 v3.1
)
LaTeX Font Info:    Trying to load font information for U+txmia on input line 37.
 (/usr/local/texlive/2025/texmf-dist/tex/latex/txfonts/utxmia.fd
File: utxmia.fd 2000/12/15 v3.1
)
LaTeX Font Info:    Trying to load font information for U+txsyc on input line 37.
 (/usr/local/texlive/2025/texmf-dist/tex/latex/txfonts/utxsyc.fd
File: utxsyc.fd 2000/12/15 v3.1
)
LaTeX Font Info:    Font shape `T1/txr/b/n' in size <10> not available
(Font)              Font shape `T1/txr/bx/n' tried instead on input line 39.


[3])

[4]
\openout2 = `Book01/Book1.aux'.

 (./Book01/Book1.tex

[5



] (/usr/local/texlive/2025/texmf-dist/tex/generic/babel/locale/el/babel-greek.tex
Package babel Info: Importing font and identification data for greek
(babel)             from babel-el.ini. Reported on input line 11.
)
LaTeX Font Info:    Font shape `LGR/txr/m/n' in size <12> not available
(Font)              Font shape `LGR/cmr/m/n' tried instead on input line 30.
LaTeX Font Info:    Font shape `LGR/txr/b/li' in size <12> not available
(Font)              Font shape `LGR/cmr/b/li' tried instead on input line 30.
LaTeX Font Info:    Font shape `LGR/txr/m/n' in size <10> not available
(Font)              Font shape `LGR/cmr/m/n' tried instead on input line 34.
LaTeX Font Info:    Font shape `LGR/txr/b/li' in size <10> not available
(Font)              Font shape `LGR/cmr/b/li' tried instead on input line 34.



Package fancyhdr Warning: \headheight is too small (12.0pt): 
(fancyhdr)                Make it at least 14.0pt, for example:
(fancyhdr)                \setlength{\headheight}{14.0pt}.
(fancyhdr)                You might also make \topmargin smaller:
(fancyhdr)                \addtolength{\topmargin}{-2.0pt}.

[6]
LaTeX Font Info:    Font shape `LGR/txr/m/n' in size <8> not available
(Font)              Font shape `LGR/cmr/m/n' tried instead on input line 218.
LaTeX Font Info:    Font shape `LGR/txr/b/li' in size <8> not available
(Font)              Font shape `LGR/cmr/b/li' tried instead on input line 218.

Underfull \hbox (badness 10000) in paragraph at lines 259--262

 []


Underfull \hbox (badness 10000) in paragraph at lines 259--262

 []

<Book01/fig01g.pdf, id=40, 394.47375pt x 273.02pt>
File: Book01/fig01g.pdf Graphic file (type pdf)
<use Book01/fig01g.pdf>
Package pdftex.def Info: Book01/fig01g.pdf  used on input line 280.
(pdftex.def)             Requested size: 394.47278pt x 273.01933pt.
<Book01/fig01e.pdf, id=41, 411.5375pt x 276.03125pt>
File: Book01/fig01e.pdf Graphic file (type pdf)
<use Book01/fig01e.pdf>
Package pdftex.def Info: Book01/fig01e.pdf  used on input line 308.
(pdftex.def)             Requested size: 411.5365pt x 276.03056pt.

Overfull \vbox (269.4193pt too high) detected at line 320
 []


Overfull \vbox (272.43053pt too high) detected at line 320
 []




Package fancyhdr Warning: \headheight is too small (12.0pt): 
(fancyhdr)                Make it at least 14.0pt, for example:
(fancyhdr)                \setlength{\headheight}{14.0pt}.
(fancyhdr)                You might also make \topmargin smaller:
(fancyhdr)                \addtolength{\topmargin}{-2.0pt}.

[7]
Underfull \hbox (badness 10000) in paragraph at lines 347--348

 []

<Book01/fig02g.pdf, id=48, 438.63875pt x 462.72874pt>
File: Book01/fig02g.pdf Graphic file (type pdf)
<use Book01/fig02g.pdf>
Package pdftex.def Info: Book01/fig02g.pdf  used on input line 350.
(pdftex.def)             Requested size: 438.63766pt x 462.72762pt.
<Book01/fig02e.pdf, id=49, 453.695pt x 484.81125pt>
File: Book01/fig02e.pdf Graphic file (type pdf)
<use Book01/fig02e.pdf>
Package pdftex.def Info: Book01/fig02e.pdf  used on input line 379.
(pdftex.def)             Requested size: 453.6939pt x 484.81006pt.

Overfull \vbox (459.12758pt too high) detected at line 387
 []


Overfull \vbox (481.21002pt too high) detected at line 387
 []




Package fancyhdr Warning: \headheight is too small (12.0pt): 
(fancyhdr)                Make it at least 14.0pt, for example:
(fancyhdr)                \setlength{\headheight}{14.0pt}.
(fancyhdr)                You might also make \topmargin smaller:
(fancyhdr)                \addtolength{\topmargin}{-2.0pt}.

[8 <./Book01/fig01g.pdf> <./Book01/fig01e.pdf>]


Package fancyhdr Warning: \headheight is too small (12.0pt): 
(fancyhdr)                Make it at least 14.0pt, for example:
(fancyhdr)                \setlength{\headheight}{14.0pt}.
(fancyhdr)                You might also make \topmargin smaller:
(fancyhdr)                \addtolength{\topmargin}{-2.0pt}.

[9]


Package fancyhdr Warning: \headheight is too small (12.0pt): 
(fancyhdr)                Make it at least 14.0pt, for example:
(fancyhdr)                \setlength{\headheight}{14.0pt}.
(fancyhdr)                You might also make \topmargin smaller:
(fancyhdr)                \addtolength{\topmargin}{-2.0pt}.

[10 <./Book01/fig02g.pdf> <./Book01/fig02e.pdf>]
<Book01/fig03g.pdf, id=89, 432.61626pt x 335.2525pt>
File: Book01/fig03g.pdf Graphic file (type pdf)
<use Book01/fig03g.pdf>
Package pdftex.def Info: Book01/fig03g.pdf  used on input line 414.
(pdftex.def)             Requested size: 432.6152pt x 335.25168pt.

Underfull \hbox (badness 10000) in paragraph at lines 432--435

 []

<Book01/fig03e.pdf, id=90, 454.69875pt x 331.2375pt>
File: Book01/fig03e.pdf Graphic file (type pdf)
<use Book01/fig03e.pdf>
Package pdftex.def Info: Book01/fig03e.pdf  used on input line 437.
(pdftex.def)             Requested size: 454.69763pt x 331.23668pt.

Overfull \vbox (331.65164pt too high) detected at line 441
 []


Overfull \vbox (327.63664pt too high) detected at line 441
 []

<Book01/fig04g.pdf, id=91, 518.93875pt x 219.82124pt>
File: Book01/fig04g.pdf Graphic file (type pdf)
<use Book01/fig04g.pdf>
Package pdftex.def Info: Book01/fig04g.pdf  used on input line 457.
(pdftex.def)             Requested size: 518.93748pt x 219.8207pt.
<Book01/fig04e.pdf, id=92, 538.01pt x 221.82875pt>
File: Book01/fig04e.pdf Graphic file (type pdf)
<use Book01/fig04e.pdf>
Package pdftex.def Info: Book01/fig04e.pdf  used on input line 481.
(pdftex.def)             Requested size: 538.00868pt x 221.82819pt.

Overfull \vbox (216.22066pt too high) detected at line 500
 []


Overfull \vbox (218.22815pt too high) detected at line 500
 []




Package fancyhdr Warning: \headheight is too small (12.0pt): 
(fancyhdr)                Make it at least 14.0pt, for example:
(fancyhdr)                \setlength{\headheight}{14.0pt}.
(fancyhdr)                You might also make \topmargin smaller:
(fancyhdr)                \addtolength{\topmargin}{-2.0pt}.

[11 <./Book01/fig03g.pdf> <./Book01/fig03e.pdf>]


Package fancyhdr Warning: \headheight is too small (12.0pt): 
(fancyhdr)                Make it at least 14.0pt, for example:
(fancyhdr)                \setlength{\headheight}{14.0pt}.
(fancyhdr)                You might also make \topmargin smaller:
(fancyhdr)                \addtolength{\topmargin}{-2.0pt}.

[12 <./Book01/fig04g.pdf> <./Book01/fig04e.pdf>]
Underfull \hbox (badness 10000) in paragraph at lines 520--521

 []

<Book01/fig05g.pdf, id=127, 249.93375pt x 314.17375pt>
File: Book01/fig05g.pdf Graphic file (type pdf)
<use Book01/fig05g.pdf>
Package pdftex.def Info: Book01/fig05g.pdf  used on input line 523.
(pdftex.def)             Requested size: 249.93314pt x 314.17297pt.
<Book01/fig05e.pdf, id=128, 268.00125pt x 318.18875pt>
File: Book01/fig05e.pdf Graphic file (type pdf)
<use Book01/fig05e.pdf>
Package pdftex.def Info: Book01/fig05e.pdf  used on input line 549.
(pdftex.def)             Requested size: 268.00058pt x 318.18796pt.

Overfull \vbox (310.57294pt too high) detected at line 571
 []


Overfull \vbox (314.58792pt too high) detected at line 571
 []




Package fancyhdr Warning: \headheight is too small (12.0pt): 
(fancyhdr)                Make it at least 14.0pt, for example:
(fancyhdr)                \setlength{\headheight}{14.0pt}.
(fancyhdr)                You might also make \topmargin smaller:
(fancyhdr)                \addtolength{\topmargin}{-2.0pt}.

[13]


Package fancyhdr Warning: \headheight is too small (12.0pt): 
(fancyhdr)                Make it at least 14.0pt, for example:
(fancyhdr)                \setlength{\headheight}{14.0pt}.
(fancyhdr)                You might also make \topmargin smaller:
(fancyhdr)                \addtolength{\topmargin}{-2.0pt}.

[14 <./Book01/fig05g.pdf> <./Book01/fig05e.pdf>]
<Book01/fig06g.pdf, id=151, 259.97125pt x 234.8775pt>
File: Book01/fig06g.pdf Graphic file (type pdf)
<use Book01/fig06g.pdf>
Package pdftex.def Info: Book01/fig06g.pdf  used on input line 589.
(pdftex.def)             Requested size: 259.97061pt x 234.87692pt.

Underfull \hbox (badness 10000) in paragraph at lines 613--615

 []

<Book01/fig06e.pdf, id=152, 285.065pt x 236.885pt>
File: Book01/fig06e.pdf Graphic file (type pdf)
<use Book01/fig06e.pdf>
Package pdftex.def Info: Book01/fig06e.pdf  used on input line 617.
(pdftex.def)             Requested size: 285.0643pt x 236.88441pt.

Overfull \vbox (231.27689pt too high) detected at line 631
 []


Overfull \vbox (233.28438pt too high) detected at line 631
 []




Package fancyhdr Warning: \headheight is too small (12.0pt): 
(fancyhdr)                Make it at least 14.0pt, for example:
(fancyhdr)                \setlength{\headheight}{14.0pt}.
(fancyhdr)                You might also make \topmargin smaller:
(fancyhdr)                \addtolength{\topmargin}{-2.0pt}.

[15 <./Book01/fig06g.pdf> <./Book01/fig06e.pdf>]
Underfull \hbox (badness 10000) in paragraph at lines 649--650

 []

<Book01/fig07g.pdf, id=171, 279.0425pt x 199.74625pt>
File: Book01/fig07g.pdf Graphic file (type pdf)
<use Book01/fig07g.pdf>
Package pdftex.def Info: Book01/fig07g.pdf  used on input line 652.
(pdftex.def)             Requested size: 279.04181pt x 199.74576pt.
<Book01/fig07e.pdf, id=172, 298.11375pt x 202.7575pt>
File: Book01/fig07e.pdf Graphic file (type pdf)
<use Book01/fig07e.pdf>
Package pdftex.def Info: Book01/fig07e.pdf  used on input line 687.
(pdftex.def)             Requested size: 298.11302pt x 202.757pt.

Overfull \vbox (196.14572pt too high) detected at line 705
 []


Overfull \vbox (199.15697pt too high) detected at line 705
 []




Package fancyhdr Warning: \headheight is too small (12.0pt): 
(fancyhdr)                Make it at least 14.0pt, for example:
(fancyhdr)                \setlength{\headheight}{14.0pt}.
(fancyhdr)                You might also make \topmargin smaller:
(fancyhdr)                \addtolength{\topmargin}{-2.0pt}.

[16 <./Book01/fig07g.pdf> <./Book01/fig07e.pdf>]
<Book01/fig08g.pdf, id=190, 403.5075pt x 280.04625pt>
File: Book01/fig08g.pdf Graphic file (type pdf)
<use Book01/fig08g.pdf>
Package pdftex.def Info: Book01/fig08g.pdf  used on input line 725.
(pdftex.def)             Requested size: 403.50652pt x 280.04555pt.
<Book01/fig08e.pdf, id=191, 421.575pt x 282.05376pt>
File: Book01/fig08e.pdf Graphic file (type pdf)
<use Book01/fig08e.pdf>
Package pdftex.def Info: Book01/fig08e.pdf  used on input line 762.
(pdftex.def)             Requested size: 421.57396pt x 282.05305pt.

Overfull \vbox (276.44551pt too high) detected at line 783
 []


Overfull \vbox (278.45302pt too high) detected at line 783
 []




Package fancyhdr Warning: \headheight is too small (12.0pt): 
(fancyhdr)                Make it at least 14.0pt, for example:
(fancyhdr)                \setlength{\headheight}{14.0pt}.
(fancyhdr)                You might also make \topmargin smaller:
(fancyhdr)                \addtolength{\topmargin}{-2.0pt}.

[17 <./Book01/fig08g.pdf> <./Book01/fig08e.pdf>]
<Book01/fig09g.pdf, id=209, 240.9pt x 322.20375pt>
File: Book01/fig09g.pdf Graphic file (type pdf)
<use Book01/fig09g.pdf>
Package pdftex.def Info: Book01/fig09g.pdf  used on input line 810.
(pdftex.def)             Requested size: 240.8994pt x 322.20296pt.
<Book01/fig09e.pdf, id=210, 264.99pt x 324.21124pt>
File: Book01/fig09e.pdf Graphic file (type pdf)
<use Book01/fig09e.pdf>
Package pdftex.def Info: Book01/fig09e.pdf  used on input line 837.
(pdftex.def)             Requested size: 264.98935pt x 324.21045pt.

Overfull \vbox (318.60292pt too high) detected at line 841
 []


Overfull \vbox (320.61041pt too high) detected at line 841
 []




Package fancyhdr Warning: \headheight is too small (12.0pt): 
(fancyhdr)                Make it at least 14.0pt, for example:
(fancyhdr)                \setlength{\headheight}{14.0pt}.
(fancyhdr)                You might also make \topmargin smaller:
(fancyhdr)                \addtolength{\topmargin}{-2.0pt}.

[18]
Underfull \hbox (badness 10000) in paragraph at lines 858--859

 []

<Book01/fig10g.pdf, id=216, 334.24875pt x 269.005pt>
File: Book01/fig10g.pdf Graphic file (type pdf)
<use Book01/fig10g.pdf>
Package pdftex.def Info: Book01/fig10g.pdf  used on input line 861.
(pdftex.def)             Requested size: 334.24792pt x 269.00433pt.
<Book01/fig10e.pdf, id=217, 358.33875pt x 272.01625pt>
File: Book01/fig10e.pdf Graphic file (type pdf)
<use Book01/fig10e.pdf>
Package pdftex.def Info: Book01/fig10e.pdf  used on input line 887.
(pdftex.def)             Requested size: 358.33788pt x 272.01558pt.

Overfull \vbox (265.4043pt too high) detected at line 897
 []


Overfull \vbox (268.41554pt too high) detected at line 897
 []




Package fancyhdr Warning: \headheight is too small (12.0pt): 
(fancyhdr)                Make it at least 14.0pt, for example:
(fancyhdr)                \setlength{\headheight}{14.0pt}.
(fancyhdr)                You might also make \topmargin smaller:
(fancyhdr)                \addtolength{\topmargin}{-2.0pt}.

[19 <./Book01/fig09g.pdf> <./Book01/fig09e.pdf>]
<Book01/fig11g.pdf, id=236, 407.5225pt x 254.9525pt>
File: Book01/fig11g.pdf Graphic file (type pdf)
<use Book01/fig11g.pdf>
Package pdftex.def Info: Book01/fig11g.pdf  used on input line 917.
(pdftex.def)             Requested size: 407.5215pt x 254.95186pt.
<Book01/fig11e.pdf, id=237, 407.5225pt x 253.94875pt>
File: Book01/fig11e.pdf Graphic file (type pdf)
<use Book01/fig11e.pdf>
Package pdftex.def Info: Book01/fig11e.pdf  used on input line 947.
(pdftex.def)             Requested size: 407.5215pt x 253.94812pt.

Overfull \vbox (251.35182pt too high) detected at line 965
 []


Overfull \vbox (250.34808pt too high) detected at line 965
 []




Package fancyhdr Warning: \headheight is too small (12.0pt): 
(fancyhdr)                Make it at least 14.0pt, for example:
(fancyhdr)                \setlength{\headheight}{14.0pt}.
(fancyhdr)                You might also make \topmargin smaller:
(fancyhdr)                \addtolength{\topmargin}{-2.0pt}.

[20 <./Book01/fig10g.pdf> <./Book01/fig10e.pdf>]
<Book01/fig12g.pdf, id=255, 420.57124pt x 305.14pt>
File: Book01/fig12g.pdf Graphic file (type pdf)
<use Book01/fig12g.pdf>
Package pdftex.def Info: Book01/fig12g.pdf  used on input line 981.
(pdftex.def)             Requested size: 420.57022pt x 305.13924pt.


./Book01/Book1.tex:1002: LaTeX Error: Invalid UTF-8 byte sequence (�\global\mathchardef).

See the LaTeX manual or LaTeX Companion for explanation.
Type  H <return>  for immediate help.
 ...                                              
                                                  
l.1002 ...�; ὅπερ ἔδει ποιῆσαι.}
                                                  }
The document does not appear to be in UTF-8 encoding.
Try adding \UseRawInputEncoding as the first line of the file
or specify an encoding such as \usepackage [latin1]{inputenc}
in the document preamble.
Alternatively, save the file in UTF-8 using your editor or another tool

./Book01/Book1.tex:1002: Missing number, treated as zero.
<to be read again> 
                   }
l.1002 ...�; ὅπερ ἔδει ποιῆσαι.}
                                                  }
A number should have been here; I inserted `0'.
(If you can't figure out why I needed to see a number,
look up `weird error' in the index to The TeXbook.)

./Book01/Book1.tex:1002: Bad space factor (0).
<to be read again> 
                   }
l.1002 ...�; ὅπερ ἔδει ποιῆσαι.}
                                                  }
I allow only values in the range 1..32767 here.


./Book01/Book1.tex:1002: LaTeX Error: Invalid UTF-8 byte sequence (�\egroup\ifmmode).

See the LaTeX manual or LaTeX Companion for explanation.
Type  H <return>  for immediate help.
 ...                                              
                                                  
l.1002 ...�; ὅπερ ἔδει ποιῆσαι.}
                                                  }
The document does not appear to be in UTF-8 encoding.
Try adding \UseRawInputEncoding as the first line of the file
or specify an encoding such as \usepackage [latin1]{inputenc}
in the document preamble.
Alternatively, save the file in UTF-8 using your editor or another tool


./Book01/Book1.tex:1002: LaTeX Error: Invalid UTF-8 byte "BC.

See the LaTeX manual or LaTeX Companion for explanation.
Type  H <return>  for immediate help.
 ...                                              
                                                  
l.1002 ...�; ὅπερ ἔδει ποιῆσαι.}
                                                  }
The document does not appear to be in UTF-8 encoding.
Try adding \UseRawInputEncoding as the first line of the file
or specify an encoding such as \usepackage [latin1]{inputenc}
in the document preamble.
Alternatively, save the file in UTF-8 using your editor or another tool


./Book01/Book1.tex:1002: LaTeX Error: Invalid UTF-8 byte "A0.

See the LaTeX manual or LaTeX Companion for explanation.
Type  H <return>  for immediate help.
 ...                                              
                                                  
l.1002 ...�; ὅπερ ἔδει ποιῆσαι.}
                                                  }
The document does not appear to be in UTF-8 encoding.
Try adding \UseRawInputEncoding as the first line of the file
or specify an encoding such as \usepackage [latin1]{inputenc}
in the document preamble.
Alternatively, save the file in UTF-8 using your editor or another tool

./Book01/Book1.tex:1002: Missing } inserted.
<inserted text> 
                }
l.1002 ...�; ὅπερ ἔδει ποιῆσαι.}
                                                  }
I've inserted something that you may have forgotten.
(See the <inserted text> above.)
With luck, this will get me unwedged. But if you
really didn't forget anything, try typing `2' now; then
my insertion and my current dilemma will both disappear.


Underfull \hbox (badness 10000) in paragraph at lines 1009--1011

 []

<Book01/fig12e.pdf, id=256, 420.57124pt x 304.13625pt>
File: Book01/fig12e.pdf Graphic file (type pdf)
<use Book01/fig12e.pdf>
Package pdftex.def Info: Book01/fig12e.pdf  used on input line 1013.
(pdftex.def)             Requested size: 420.57022pt x 304.1355pt.

Overfull \vbox (301.5392pt too high) detected at line 1037
 []


Overfull \vbox (300.53546pt too high) detected at line 1037
 []




Package fancyhdr Warning: \headheight is too small (12.0pt): 
(fancyhdr)                Make it at least 14.0pt, for example:
(fancyhdr)                \setlength{\headheight}{14.0pt}.
(fancyhdr)                You might also make \topmargin smaller:
(fancyhdr)                \addtolength{\topmargin}{-2.0pt}.

[21 <./Book01/fig11g.pdf> <./Book01/fig11e.pdf>]


Package fancyhdr Warning: \headheight is too small (12.0pt): 
(fancyhdr)                Make it at least 14.0pt, for example:
(fancyhdr)                \setlength{\headheight}{14.0pt}.
(fancyhdr)                You might also make \topmargin smaller:
(fancyhdr)                \addtolength{\topmargin}{-2.0pt}.

[22 <./Book01/fig12g.pdf> <./Book01/fig12e.pdf>]
Underfull \hbox (badness 10000) in paragraph at lines 1053--1054

 []


Underfull \hbox (badness 10000) in paragraph at lines 1053--1054

 []

<Book01/fig13g.pdf, id=290, 250.9375pt x 249.93375pt>
File: Book01/fig13g.pdf Graphic file (type pdf)
<use Book01/fig13g.pdf>
Package pdftex.def Info: Book01/fig13g.pdf  used on input line 1056.
(pdftex.def)             Requested size: 250.93687pt x 249.93314pt.
<Book01/fig13e.pdf, id=291, 253.94875pt x 253.94875pt>
File: Book01/fig13e.pdf Graphic file (type pdf)
<use Book01/fig13e.pdf>
Package pdftex.def Info: Book01/fig13e.pdf  used on input line 1086.
(pdftex.def)             Requested size: 253.94812pt x 253.94812pt.

Overfull \vbox (246.3331pt too high) detected at line 1105
 []


Overfull \vbox (250.34808pt too high) detected at line 1105
 []




Package fancyhdr Warning: \headheight is too small (12.0pt): 
(fancyhdr)                Make it at least 14.0pt, for example:
(fancyhdr)                \setlength{\headheight}{14.0pt}.
(fancyhdr)                You might also make \topmargin smaller:
(fancyhdr)                \addtolength{\topmargin}{-2.0pt}.

[23]
Underfull \hbox (badness 10000) in paragraph at lines 1123--1124

 []

<Book01/fig14g.pdf, id=297, 364.36125pt x 282.05376pt>
File: Book01/fig14g.pdf Graphic file (type pdf)
<use Book01/fig14g.pdf>
Package pdftex.def Info: Book01/fig14g.pdf  used on input line 1126.
(pdftex.def)             Requested size: 364.36035pt x 282.05305pt.
<Book01/fig14e.pdf, id=298, 363.3575pt x 281.05pt>
File: Book01/fig14e.pdf Graphic file (type pdf)
<use Book01/fig14e.pdf>
Package pdftex.def Info: Book01/fig14e.pdf  used on input line 1157.
(pdftex.def)             Requested size: 363.3566pt x 281.0493pt.

Overfull \vbox (278.45302pt too high) detected at line 1172
 []


Overfull \vbox (277.44926pt too high) detected at line 1172
 []




Package fancyhdr Warning: \headheight is too small (12.0pt): 
(fancyhdr)                Make it at least 14.0pt, for example:
(fancyhdr)                \setlength{\headheight}{14.0pt}.
(fancyhdr)                You might also make \topmargin smaller:
(fancyhdr)                \addtolength{\topmargin}{-2.0pt}.

[24 <./Book01/fig13g.pdf> <./Book01/fig13e.pdf>]
<Book01/fig15g.pdf, id=317, 367.3725pt x 336.25626pt>
File: Book01/fig15g.pdf Graphic file (type pdf)
<use Book01/fig15g.pdf>
Package pdftex.def Info: Book01/fig15g.pdf  used on input line 1191.
(pdftex.def)             Requested size: 367.37158pt x 336.25543pt.
<Book01/fig15e.pdf, id=318, 362.35374pt x 335.2525pt>
File: Book01/fig15e.pdf Graphic file (type pdf)
<use Book01/fig15e.pdf>
Package pdftex.def Info: Book01/fig15e.pdf  used on input line 1216.
(pdftex.def)             Requested size: 362.35286pt x 335.25168pt.

Overfull \vbox (332.6554pt too high) detected at line 1229
 []


Overfull \vbox (331.65164pt too high) detected at line 1229
 []




Package fancyhdr Warning: \headheight is too small (12.0pt): 
(fancyhdr)                Make it at least 14.0pt, for example:
(fancyhdr)                \setlength{\headheight}{14.0pt}.
(fancyhdr)                You might also make \topmargin smaller:
(fancyhdr)                \addtolength{\topmargin}{-2.0pt}.

[25 <./Book01/fig14g.pdf> <./Book01/fig14e.pdf>]
Underfull \hbox (badness 10000) in paragraph at lines 1251--1252

 []

<Book01/fig16g.pdf, id=337, 462.72874pt x 422.57875pt>
File: Book01/fig16g.pdf Graphic file (type pdf)
<use Book01/fig16g.pdf>
Package pdftex.def Info: Book01/fig16g.pdf  used on input line 1254.
(pdftex.def)             Requested size: 462.72762pt x 422.57771pt.
<Book01/fig16e.pdf, id=338, 458.71375pt x 421.575pt>
File: Book01/fig16e.pdf Graphic file (type pdf)
<use Book01/fig16e.pdf>
Package pdftex.def Info: Book01/fig16e.pdf  used on input line 1289.
(pdftex.def)             Requested size: 458.71263pt x 421.57396pt.

Overfull \vbox (418.97768pt too high) detected at line 1302
 []


Overfull \vbox (417.97392pt too high) detected at line 1302
 []




Package fancyhdr Warning: \headheight is too small (12.0pt): 
(fancyhdr)                Make it at least 14.0pt, for example:
(fancyhdr)                \setlength{\headheight}{14.0pt}.
(fancyhdr)                You might also make \topmargin smaller:
(fancyhdr)                \addtolength{\topmargin}{-2.0pt}.

[26 <./Book01/fig15g.pdf> <./Book01/fig15e.pdf>]


Package fancyhdr Warning: \headheight is too small (12.0pt): 
(fancyhdr)                Make it at least 14.0pt, for example:
(fancyhdr)                \setlength{\headheight}{14.0pt}.
(fancyhdr)                You might also make \topmargin smaller:
(fancyhdr)                \addtolength{\topmargin}{-2.0pt}.

[27 <./Book01/fig16g.pdf> <./Book01/fig16e.pdf>]
Underfull \hbox (badness 10000) in paragraph at lines 1330--1331

 []


Underfull \hbox (badness 10000) in paragraph at lines 1330--1331

 []


Underfull \hbox (badness 10000) in paragraph at lines 1330--1331

 []

<Book01/fig17g.pdf, id=372, 372.39125pt x 218.8175pt>
File: Book01/fig17g.pdf Graphic file (type pdf)
<use Book01/fig17g.pdf>
Package pdftex.def Info: Book01/fig17g.pdf  used on input line 1333.
(pdftex.def)             Requested size: 372.39034pt x 218.81696pt.
<Book01/fig17e.pdf, id=373, 372.39125pt x 217.81375pt>
File: Book01/fig17e.pdf Graphic file (type pdf)
<use Book01/fig17e.pdf>
Package pdftex.def Info: Book01/fig17e.pdf  used on input line 1358.
(pdftex.def)             Requested size: 372.39034pt x 217.8132pt.

Overfull \vbox (215.21692pt too high) detected at line 1362
 []


Overfull \vbox (214.21317pt too high) detected at line 1362
 []

<Book01/fig18g.pdf, id=374, 333.245pt x 200.75pt>
File: Book01/fig18g.pdf Graphic file (type pdf)
<use Book01/fig18g.pdf>
Package pdftex.def Info: Book01/fig18g.pdf  used on input line 1380.
(pdftex.def)             Requested size: 333.24417pt x 200.7495pt.

Underfull \hbox (badness 10000) in paragraph at lines 1401--1403

 []


Underfull \hbox (badness 10000) in paragraph at lines 1401--1403

 []

<Book01/fig18e.pdf, id=375, 333.245pt x 199.74625pt>
File: Book01/fig18e.pdf Graphic file (type pdf)
<use Book01/fig18e.pdf>
Package pdftex.def Info: Book01/fig18e.pdf  used on input line 1405.
(pdftex.def)             Requested size: 333.24417pt x 199.74576pt.

Overfull \vbox (197.14946pt too high) detected at line 1419
 []


Overfull \vbox (196.14572pt too high) detected at line 1419
 []




Package fancyhdr Warning: \headheight is too small (12.0pt): 
(fancyhdr)                Make it at least 14.0pt, for example:
(fancyhdr)                \setlength{\headheight}{14.0pt}.
(fancyhdr)                You might also make \topmargin smaller:
(fancyhdr)                \addtolength{\topmargin}{-2.0pt}.

[28 <./Book01/fig17g.pdf> <./Book01/fig17e.pdf>]
<Book01/fig19g.pdf, id=394, 157.58875pt x 372.39125pt>
File: Book01/fig19g.pdf Graphic file (type pdf)
<use Book01/fig19g.pdf>
Package pdftex.def Info: Book01/fig19g.pdf  used on input line 1437.
(pdftex.def)             Requested size: 157.58835pt x 372.39034pt.

Underfull \hbox (badness 10000) in paragraph at lines 1456--1458

 []

<Book01/fig19e.pdf, id=395, 154.5775pt x 371.3875pt>
File: Book01/fig19e.pdf Graphic file (type pdf)
<use Book01/fig19e.pdf>
Package pdftex.def Info: Book01/fig19e.pdf  used on input line 1460.
(pdftex.def)             Requested size: 154.5771pt x 371.38658pt.

Overfull \vbox (368.7903pt too high) detected at line 1472
 []


Overfull \vbox (367.78654pt too high) detected at line 1472
 []




Package fancyhdr Warning: \headheight is too small (12.0pt): 
(fancyhdr)                Make it at least 14.0pt, for example:
(fancyhdr)                \setlength{\headheight}{14.0pt}.
(fancyhdr)                You might also make \topmargin smaller:
(fancyhdr)                \addtolength{\topmargin}{-2.0pt}.

[29 <./Book01/fig18g.pdf> <./Book01/fig18e.pdf>]
<Book01/fig20g.pdf, id=413, 294.09875pt x 324.21124pt>
File: Book01/fig20g.pdf Graphic file (type pdf)
<use Book01/fig20g.pdf>
Package pdftex.def Info: Book01/fig20g.pdf  used on input line 1488.
(pdftex.def)             Requested size: 294.09802pt x 324.21045pt.
<Book01/fig20e.pdf, id=414, 295.1025pt x 323.2075pt>
File: Book01/fig20e.pdf Graphic file (type pdf)
<use Book01/fig20e.pdf>
Package pdftex.def Info: Book01/fig20e.pdf  used on input line 1519.
(pdftex.def)             Requested size: 295.10176pt x 323.20671pt.

Overfull \vbox (320.61041pt too high) detected at line 1538
 []


Overfull \vbox (319.60667pt too high) detected at line 1538
 []




Package fancyhdr Warning: \headheight is too small (12.0pt): 
(fancyhdr)                Make it at least 14.0pt, for example:
(fancyhdr)                \setlength{\headheight}{14.0pt}.
(fancyhdr)                You might also make \topmargin smaller:
(fancyhdr)                \addtolength{\topmargin}{-2.0pt}.

[30 <./Book01/fig19g.pdf> <./Book01/fig19e.pdf>]
<Book01/fig21g.pdf, id=432, 331.2375pt x 189.70876pt>
File: Book01/fig21g.pdf Graphic file (type pdf)
<use Book01/fig21g.pdf>
Package pdftex.def Info: Book01/fig21g.pdf  used on input line 1562.
(pdftex.def)             Requested size: 331.23668pt x 189.70828pt.
<Book01/fig21e.pdf, id=433, 331.2375pt x 188.705pt>
File: Book01/fig21e.pdf Graphic file (type pdf)
<use Book01/fig21e.pdf>
Package pdftex.def Info: Book01/fig21e.pdf  used on input line 1600.
(pdftex.def)             Requested size: 331.23668pt x 188.70453pt.

Overfull \vbox (186.10825pt too high) detected at line 1626
 []


Overfull \vbox (185.10449pt too high) detected at line 1626
 []




Package fancyhdr Warning: \headheight is too small (12.0pt): 
(fancyhdr)                Make it at least 14.0pt, for example:
(fancyhdr)                \setlength{\headheight}{14.0pt}.
(fancyhdr)                You might also make \topmargin smaller:
(fancyhdr)                \addtolength{\topmargin}{-2.0pt}.

[31 <./Book01/fig20g.pdf> <./Book01/fig20e.pdf>]
Underfull \hbox (badness 10000) in paragraph at lines 1639--1640

 []


Underfull \hbox (badness 10000) in paragraph at lines 1639--1640

 []

<Book01/fig22g.pdf, id=452, 674.52pt x 463.7325pt>
File: Book01/fig22g.pdf Graphic file (type pdf)
<use Book01/fig22g.pdf>
Package pdftex.def Info: Book01/fig22g.pdf  used on input line 1642.
(pdftex.def)             Requested size: 674.51836pt x 463.73135pt.
<Book01/fig22e.pdf, id=453, 671.50874pt x 462.72874pt>
File: Book01/fig22e.pdf Graphic file (type pdf)
<use Book01/fig22e.pdf>
Package pdftex.def Info: Book01/fig22e.pdf  used on input line 1671.
(pdftex.def)             Requested size: 671.50711pt x 462.72762pt.

Overfull \vbox (460.13132pt too high) detected at line 1696
 []


Overfull \vbox (459.12758pt too high) detected at line 1696
 []




Package fancyhdr Warning: \headheight is too small (12.0pt): 
(fancyhdr)                Make it at least 14.0pt, for example:
(fancyhdr)                \setlength{\headheight}{14.0pt}.
(fancyhdr)                You might also make \topmargin smaller:
(fancyhdr)                \addtolength{\topmargin}{-2.0pt}.

[32 <./Book01/fig21g.pdf> <./Book01/fig21e.pdf>]


Package fancyhdr Warning: \headheight is too small (12.0pt): 
(fancyhdr)                Make it at least 14.0pt, for example:
(fancyhdr)                \setlength{\headheight}{14.0pt}.
(fancyhdr)                You might also make \topmargin smaller:
(fancyhdr)                \addtolength{\topmargin}{-2.0pt}.

[33 <./Book01/fig22g.pdf> <./Book01/fig22e.pdf>]
<Book01/fig23g.pdf, id=488, 347.2975pt x 331.2375pt>
File: Book01/fig23g.pdf Graphic file (type pdf)
<use Book01/fig23g.pdf>
Package pdftex.def Info: Book01/fig23g.pdf  used on input line 1717.
(pdftex.def)             Requested size: 347.29665pt x 331.23668pt.

Underfull \hbox (badness 10000) in paragraph at lines 1738--1743

 []


Underfull \hbox (badness 10000) in paragraph at lines 1738--1743

 []

<Book01/fig23e.pdf, id=489, 347.2975pt x 331.2375pt>
File: Book01/fig23e.pdf Graphic file (type pdf)
<use Book01/fig23e.pdf>
Package pdftex.def Info: Book01/fig23e.pdf  used on input line 1745.
(pdftex.def)             Requested size: 347.29665pt x 331.23668pt.

Overfull \vbox (327.63664pt too high) detected at line 1760
 []


Overfull \vbox (327.63664pt too high) detected at line 1760
 []




Package fancyhdr Warning: \headheight is too small (12.0pt): 
(fancyhdr)                Make it at least 14.0pt, for example:
(fancyhdr)                \setlength{\headheight}{14.0pt}.
(fancyhdr)                You might also make \topmargin smaller:
(fancyhdr)                \addtolength{\topmargin}{-2.0pt}.

[34]
Underfull \hbox (badness 10000) in paragraph at lines 1777--1778

 []

<Book01/fig24g.pdf, id=495, 302.12875pt x 298.11375pt>
File: Book01/fig24g.pdf Graphic file (type pdf)
<use Book01/fig24g.pdf>
Package pdftex.def Info: Book01/fig24g.pdf  used on input line 1780.
(pdftex.def)             Requested size: 302.128pt x 298.11302pt.
<Book01/fig24e.pdf, id=496, 298.11375pt x 297.11pt>
File: Book01/fig24e.pdf Graphic file (type pdf)
<use Book01/fig24e.pdf>
Package pdftex.def Info: Book01/fig24e.pdf  used on input line 1810.
(pdftex.def)             Requested size: 298.11302pt x 297.10927pt.

Overfull \vbox (294.51299pt too high) detected at line 1825
 []


Overfull \vbox (293.50923pt too high) detected at line 1825
 []




Package fancyhdr Warning: \headheight is too small (12.0pt): 
(fancyhdr)                Make it at least 14.0pt, for example:
(fancyhdr)                \setlength{\headheight}{14.0pt}.
(fancyhdr)                You might also make \topmargin smaller:
(fancyhdr)                \addtolength{\topmargin}{-2.0pt}.

[35 <./Book01/fig23g.pdf> <./Book01/fig23e.pdf>]
Underfull \hbox (badness 10000) in paragraph at lines 1842--1843

 []

<Book01/fig25g.pdf, id=514, 269.005pt x 269.005pt>
File: Book01/fig25g.pdf Graphic file (type pdf)
<use Book01/fig25g.pdf>
Package pdftex.def Info: Book01/fig25g.pdf  used on input line 1845.
(pdftex.def)             Requested size: 269.00433pt x 269.00433pt.
<Book01/fig25e.pdf, id=515, 265.99374pt x 268.00125pt>
File: Book01/fig25e.pdf Graphic file (type pdf)
<use Book01/fig25e.pdf>
Package pdftex.def Info: Book01/fig25e.pdf  used on input line 1869.
(pdftex.def)             Requested size: 265.99309pt x 268.00058pt.

Overfull \vbox (265.4043pt too high) detected at line 1874
 []


Overfull \vbox (264.40054pt too high) detected at line 1874
 []




Package fancyhdr Warning: \headheight is too small (12.0pt): 
(fancyhdr)                Make it at least 14.0pt, for example:
(fancyhdr)                \setlength{\headheight}{14.0pt}.
(fancyhdr)                You might also make \topmargin smaller:
(fancyhdr)                \addtolength{\topmargin}{-2.0pt}.

[36 <./Book01/fig24g.pdf> <./Book01/fig24e.pdf>]
Underfull \hbox (badness 10000) in paragraph at lines 1899--1900

 []


Underfull \hbox (badness 10000) in paragraph at lines 1899--1900

 []

<Book01/fig26g.pdf, id=533, 383.4325pt x 196.735pt>
File: Book01/fig26g.pdf Graphic file (type pdf)
<use Book01/fig26g.pdf>
Package pdftex.def Info: Book01/fig26g.pdf  used on input line 1902.
(pdftex.def)             Requested size: 383.43156pt x 196.7345pt.
<Book01/fig26e.pdf, id=534, 378.41376pt x 195.73125pt>
File: Book01/fig26e.pdf Graphic file (type pdf)
<use Book01/fig26e.pdf>
Package pdftex.def Info: Book01/fig26e.pdf  used on input line 1952.
(pdftex.def)             Requested size: 378.41283pt x 195.73076pt.

Overfull \vbox (192.13072pt too high) detected at line 1982
 []


Overfull \vbox (193.13446pt too high) detected at line 1982
 []




Package fancyhdr Warning: \headheight is too small (12.0pt): 
(fancyhdr)                Make it at least 14.0pt, for example:
(fancyhdr)                \setlength{\headheight}{14.0pt}.
(fancyhdr)                You might also make \topmargin smaller:
(fancyhdr)                \addtolength{\topmargin}{-2.0pt}.

[37 <./Book01/fig25g.pdf> <./Book01/fig25e.pdf>]


Package fancyhdr Warning: \headheight is too small (12.0pt): 
(fancyhdr)                Make it at least 14.0pt, for example:
(fancyhdr)                \setlength{\headheight}{14.0pt}.
(fancyhdr)                You might also make \topmargin smaller:
(fancyhdr)                \addtolength{\topmargin}{-2.0pt}.

[38 <./Book01/fig26e.pdf>]
<Book01/fig27g.pdf, id=562, 588.1975pt x 276.03125pt>
File: Book01/fig27g.pdf Graphic file (type pdf)
<use Book01/fig27g.pdf>
Package pdftex.def Info: Book01/fig27g.pdf  used on input line 1998.
(pdftex.def)             Requested size: 588.19606pt x 276.03056pt.
<Book01/fig27e.pdf, id=563, 584.1825pt x 276.03125pt>
File: Book01/fig27e.pdf Graphic file (type pdf)
<use Book01/fig27e.pdf>
Package pdftex.def Info: Book01/fig27e.pdf  used on input line 2022.
(pdftex.def)             Requested size: 584.18106pt x 276.03056pt.

Overfull \vbox (272.43053pt too high) detected at line 2043
 []


Overfull \vbox (272.43053pt too high) detected at line 2043
 []




Package fancyhdr Warning: \headheight is too small (12.0pt): 
(fancyhdr)                Make it at least 14.0pt, for example:
(fancyhdr)                \setlength{\headheight}{14.0pt}.
(fancyhdr)                You might also make \topmargin smaller:
(fancyhdr)                \addtolength{\topmargin}{-2.0pt}.

[39 <./Book01/fig26g.pdf>]
Underfull \hbox (badness 10000) in paragraph at lines 2071--2072

 []


Underfull \hbox (badness 10000) in paragraph at lines 2071--2072

 []

<Book01/fig28g.pdf, id=576, 387.4475pt x 332.24126pt>
File: Book01/fig28g.pdf Graphic file (type pdf)
<use Book01/fig28g.pdf>
Package pdftex.def Info: Book01/fig28g.pdf  used on input line 2074.
(pdftex.def)             Requested size: 387.44655pt x 332.24043pt.
<Book01/fig28e.pdf, id=577, 387.4475pt x 332.24126pt>
File: Book01/fig28e.pdf Graphic file (type pdf)
<use Book01/fig28e.pdf>
Package pdftex.def Info: Book01/fig28e.pdf  used on input line 2107.
(pdftex.def)             Requested size: 387.44655pt x 332.24043pt.

Overfull \vbox (328.6404pt too high) detected at line 2114
 []


Overfull \vbox (328.6404pt too high) detected at line 2114
 []




Package fancyhdr Warning: \headheight is too small (12.0pt): 
(fancyhdr)                Make it at least 14.0pt, for example:
(fancyhdr)                \setlength{\headheight}{14.0pt}.
(fancyhdr)                You might also make \topmargin smaller:
(fancyhdr)                \addtolength{\topmargin}{-2.0pt}.

[40 <./Book01/fig27g.pdf> <./Book01/fig27e.pdf>]
Underfull \hbox (badness 10000) in paragraph at lines 2129--2130

 []


Underfull \hbox (badness 10000) in paragraph at lines 2136--2137

 []


Underfull \hbox (badness 10000) in paragraph at lines 2136--2137

 []


Underfull \hbox (badness 10000) in paragraph at lines 2136--2137

 []

File: Book01/fig28g.pdf Graphic file (type pdf)
<use Book01/fig28g.pdf>
Package pdftex.def Info: Book01/fig28g.pdf  used on input line 2139.
(pdftex.def)             Requested size: 387.44655pt x 332.24043pt.
File: Book01/fig28e.pdf Graphic file (type pdf)
<use Book01/fig28e.pdf>
Package pdftex.def Info: Book01/fig28e.pdf  used on input line 2175.
(pdftex.def)             Requested size: 387.44655pt x 332.24043pt.

Overfull \vbox (328.6404pt too high) detected at line 2181
 []


Overfull \vbox (328.6404pt too high) detected at line 2181
 []




Package fancyhdr Warning: \headheight is too small (12.0pt): 
(fancyhdr)                Make it at least 14.0pt, for example:
(fancyhdr)                \setlength{\headheight}{14.0pt}.
(fancyhdr)                You might also make \topmargin smaller:
(fancyhdr)                \addtolength{\topmargin}{-2.0pt}.

[41 <./Book01/fig28g.pdf> <./Book01/fig28e.pdf>]


Package fancyhdr Warning: \headheight is too small (12.0pt): 
(fancyhdr)                Make it at least 14.0pt, for example:
(fancyhdr)                \setlength{\headheight}{14.0pt}.
(fancyhdr)                You might also make \topmargin smaller:
(fancyhdr)                \addtolength{\topmargin}{-2.0pt}.

[42]
<Book01/fig30g.pdf, id=617, 359.3425pt x 257.96375pt>
File: Book01/fig30g.pdf Graphic file (type pdf)
<use Book01/fig30g.pdf>
Package pdftex.def Info: Book01/fig30g.pdf  used on input line 2200.
(pdftex.def)             Requested size: 359.34161pt x 257.9631pt.
<Book01/fig30e.pdf, id=618, 359.3425pt x 257.96375pt>
File: Book01/fig30e.pdf Graphic file (type pdf)
<use Book01/fig30e.pdf>
Package pdftex.def Info: Book01/fig30e.pdf  used on input line 2222.
(pdftex.def)             Requested size: 359.34161pt x 257.9631pt.

Overfull \vbox (254.36307pt too high) detected at line 2232
 []


Overfull \vbox (254.36307pt too high) detected at line 2232
 []




Package fancyhdr Warning: \headheight is too small (12.0pt): 
(fancyhdr)                Make it at least 14.0pt, for example:
(fancyhdr)                \setlength{\headheight}{14.0pt}.
(fancyhdr)                You might also make \topmargin smaller:
(fancyhdr)                \addtolength{\topmargin}{-2.0pt}.

[43]
Underfull \hbox (badness 10000) in paragraph at lines 2251--2252

 []

<Book01/fig31g.pdf, id=625, 431.6125pt x 178.6675pt>
File: Book01/fig31g.pdf Graphic file (type pdf)
<use Book01/fig31g.pdf>
Package pdftex.def Info: Book01/fig31g.pdf  used on input line 2254.
(pdftex.def)             Requested size: 431.61143pt x 178.66705pt.
<Book01/fig31e.pdf, id=626, 430.60875pt x 177.66376pt>
File: Book01/fig31e.pdf Graphic file (type pdf)
<use Book01/fig31e.pdf>
Package pdftex.def Info: Book01/fig31e.pdf  used on input line 2281.
(pdftex.def)             Requested size: 430.60768pt x 177.66331pt.

Overfull \vbox (175.06702pt too high) detected at line 2290
 []


Overfull \vbox (174.06328pt too high) detected at line 2290
 []




Package fancyhdr Warning: \headheight is too small (12.0pt): 
(fancyhdr)                Make it at least 14.0pt, for example:
(fancyhdr)                \setlength{\headheight}{14.0pt}.
(fancyhdr)                You might also make \topmargin smaller:
(fancyhdr)                \addtolength{\topmargin}{-2.0pt}.

[44 <./Book01/fig30g.pdf> <./Book01/fig30e.pdf>]
Underfull \hbox (badness 10000) in paragraph at lines 2303--2304

 []

<Book01/fig32g.pdf, id=644, 410.53375pt x 287.0725pt>
File: Book01/fig32g.pdf Graphic file (type pdf)
<use Book01/fig32g.pdf>
Package pdftex.def Info: Book01/fig32g.pdf  used on input line 2306.
(pdftex.def)             Requested size: 410.53275pt x 287.0718pt.
<Book01/fig32e.pdf, id=645, 410.53375pt x 286.06876pt>
File: Book01/fig32e.pdf Graphic file (type pdf)
<use Book01/fig32e.pdf>
Package pdftex.def Info: Book01/fig32e.pdf  used on input line 2333.
(pdftex.def)             Requested size: 410.53275pt x 286.06805pt.

Overfull \vbox (283.47176pt too high) detected at line 2358
 []


Overfull \vbox (282.46802pt too high) detected at line 2358
 []




Package fancyhdr Warning: \headheight is too small (12.0pt): 
(fancyhdr)                Make it at least 14.0pt, for example:
(fancyhdr)                \setlength{\headheight}{14.0pt}.
(fancyhdr)                You might also make \topmargin smaller:
(fancyhdr)                \addtolength{\topmargin}{-2.0pt}.

[45 <./Book01/fig31g.pdf> <./Book01/fig31e.pdf>]
<Book01/fig33g.pdf, id=663, 333.245pt x 191.71625pt>
File: Book01/fig33g.pdf Graphic file (type pdf)
<use Book01/fig33g.pdf>
Package pdftex.def Info: Book01/fig33g.pdf  used on input line 2375.
(pdftex.def)             Requested size: 333.24417pt x 191.71577pt.
<Book01/fig33e.pdf, id=664, 331.2375pt x 190.7125pt>
File: Book01/fig33e.pdf Graphic file (type pdf)
<use Book01/fig33e.pdf>
Package pdftex.def Info: Book01/fig33e.pdf  used on input line 2401.
(pdftex.def)             Requested size: 331.23668pt x 190.71202pt.

Overfull \vbox (188.11574pt too high) detected at line 2418
 []


Overfull \vbox (187.11198pt too high) detected at line 2418
 []




Package fancyhdr Warning: \headheight is too small (12.0pt): 
(fancyhdr)                Make it at least 14.0pt, for example:
(fancyhdr)                \setlength{\headheight}{14.0pt}.
(fancyhdr)                You might also make \topmargin smaller:
(fancyhdr)                \addtolength{\topmargin}{-2.0pt}.

[46 <./Book01/fig32g.pdf> <./Book01/fig32e.pdf>]
<Book01/fig34g.pdf, id=682, 385.44pt x 254.9525pt>
File: Book01/fig34g.pdf Graphic file (type pdf)
<use Book01/fig34g.pdf>
Package pdftex.def Info: Book01/fig34g.pdf  used on input line 2437.
(pdftex.def)             Requested size: 385.43906pt x 254.95186pt.

Underfull \hbox (badness 10000) in paragraph at lines 2457--2460

 []

<Book01/fig34e.pdf, id=683, 384.43625pt x 253.94875pt>
File: Book01/fig34e.pdf Graphic file (type pdf)
<use Book01/fig34e.pdf>
Package pdftex.def Info: Book01/fig34e.pdf  used on input line 2462.
(pdftex.def)             Requested size: 384.4353pt x 253.94812pt.

Overfull \vbox (251.35182pt too high) detected at line 2489
 []


Overfull \vbox (250.34808pt too high) detected at line 2489
 []




Package fancyhdr Warning: \headheight is too small (12.0pt): 
(fancyhdr)                Make it at least 14.0pt, for example:
(fancyhdr)                \setlength{\headheight}{14.0pt}.
(fancyhdr)                You might also make \topmargin smaller:
(fancyhdr)                \addtolength{\topmargin}{-2.0pt}.

[47 <./Book01/fig33g.pdf> <./Book01/fig33e.pdf>]
<Book01/fig35g.pdf, id=701, 439.6425pt x 236.885pt>
File: Book01/fig35g.pdf Graphic file (type pdf)
<use Book01/fig35g.pdf>
Package pdftex.def Info: Book01/fig35g.pdf  used on input line 2512.
(pdftex.def)             Requested size: 439.64142pt x 236.88441pt.
<Book01/fig35e.pdf, id=702, 441.65pt x 235.88126pt>
File: Book01/fig35e.pdf Graphic file (type pdf)
<use Book01/fig35e.pdf>
Package pdftex.def Info: Book01/fig35e.pdf  used on input line 2535.
(pdftex.def)             Requested size: 441.64891pt x 235.88068pt.

Overfull \vbox (233.28438pt too high) detected at line 2553
 []


Overfull \vbox (232.28064pt too high) detected at line 2553
 []




Package fancyhdr Warning: \headheight is too small (12.0pt): 
(fancyhdr)                Make it at least 14.0pt, for example:
(fancyhdr)                \setlength{\headheight}{14.0pt}.
(fancyhdr)                You might also make \topmargin smaller:
(fancyhdr)                \addtolength{\topmargin}{-2.0pt}.

[48 <./Book01/fig34g.pdf> <./Book01/fig34e.pdf>]
<Book01/fig36g.pdf, id=720, 430.60875pt x 227.85126pt>
File: Book01/fig36g.pdf Graphic file (type pdf)
<use Book01/fig36g.pdf>
Package pdftex.def Info: Book01/fig36g.pdf  used on input line 2572.
(pdftex.def)             Requested size: 430.60768pt x 227.8507pt.
<Book01/fig36e.pdf, id=721, 425.59pt x 226.8475pt>
File: Book01/fig36e.pdf Graphic file (type pdf)
<use Book01/fig36e.pdf>
Package pdftex.def Info: Book01/fig36e.pdf  used on input line 2594.
(pdftex.def)             Requested size: 425.58894pt x 226.84694pt.

Overfull \vbox (224.25066pt too high) detected at line 2607
 []


Overfull \vbox (223.2469pt too high) detected at line 2607
 []




Package fancyhdr Warning: \headheight is too small (12.0pt): 
(fancyhdr)                Make it at least 14.0pt, for example:
(fancyhdr)                \setlength{\headheight}{14.0pt}.
(fancyhdr)                You might also make \topmargin smaller:
(fancyhdr)                \addtolength{\topmargin}{-2.0pt}.

[49 <./Book01/fig35g.pdf> <./Book01/fig35e.pdf>]
<Book01/fig37g.pdf, id=740, 536.0025pt x 196.735pt>
File: Book01/fig37g.pdf Graphic file (type pdf)
<use Book01/fig37g.pdf>
Package pdftex.def Info: Book01/fig37g.pdf  used on input line 2625.
(pdftex.def)             Requested size: 536.00119pt x 196.7345pt.
<Book01/fig37e.pdf, id=741, 529.98pt x 195.73125pt>
File: Book01/fig37e.pdf Graphic file (type pdf)
<use Book01/fig37e.pdf>
Package pdftex.def Info: Book01/fig37e.pdf  used on input line 2648.
(pdftex.def)             Requested size: 529.97868pt x 195.73076pt.

Overfull \vbox (193.13446pt too high) detected at line 2666
 []


Overfull \vbox (192.13072pt too high) detected at line 2666
 []




Package fancyhdr Warning: \headheight is too small (12.0pt): 
(fancyhdr)                Make it at least 14.0pt, for example:
(fancyhdr)                \setlength{\headheight}{14.0pt}.
(fancyhdr)                You might also make \topmargin smaller:
(fancyhdr)                \addtolength{\topmargin}{-2.0pt}.

[50 <./Book01/fig36g.pdf> <./Book01/fig36e.pdf>]
<Book01/fig38g.pdf, id=760, 458.71375pt x 214.8025pt>
File: Book01/fig38g.pdf Graphic file (type pdf)
<use Book01/fig38g.pdf>
Package pdftex.def Info: Book01/fig38g.pdf  used on input line 2686.
(pdftex.def)             Requested size: 458.71263pt x 214.80197pt.
<Book01/fig38e.pdf, id=761, 455.7025pt x 213.79875pt>
File: Book01/fig38e.pdf Graphic file (type pdf)
<use Book01/fig38e.pdf>
Package pdftex.def Info: Book01/fig38e.pdf  used on input line 2707.
(pdftex.def)             Requested size: 455.70137pt x 213.79822pt.

Overfull \vbox (211.20193pt too high) detected at line 2722
 []


Overfull \vbox (210.19818pt too high) detected at line 2722
 []




Package fancyhdr Warning: \headheight is too small (12.0pt): 
(fancyhdr)                Make it at least 14.0pt, for example:
(fancyhdr)                \setlength{\headheight}{14.0pt}.
(fancyhdr)                You might also make \topmargin smaller:
(fancyhdr)                \addtolength{\topmargin}{-2.0pt}.

[51 <./Book01/fig37g.pdf> <./Book01/fig37e.pdf>]
<Book01/fig39g.pdf, id=779, 332.24126pt x 188.705pt>
File: Book01/fig39g.pdf Graphic file (type pdf)
<use Book01/fig39g.pdf>
Package pdftex.def Info: Book01/fig39g.pdf  used on input line 2743.
(pdftex.def)             Requested size: 332.24043pt x 188.70453pt.
<Book01/fig39e.pdf, id=780, 329.23pt x 187.70125pt>
File: Book01/fig39e.pdf Graphic file (type pdf)
<use Book01/fig39e.pdf>
Package pdftex.def Info: Book01/fig39e.pdf  used on input line 2769.
(pdftex.def)             Requested size: 329.22919pt x 187.70079pt.

Overfull \vbox (185.10449pt too high) detected at line 2773
 []


Overfull \vbox (184.10075pt too high) detected at line 2773
 []




Package fancyhdr Warning: \headheight is too small (12.0pt): 
(fancyhdr)                Make it at least 14.0pt, for example:
(fancyhdr)                \setlength{\headheight}{14.0pt}.
(fancyhdr)                You might also make \topmargin smaller:
(fancyhdr)                \addtolength{\topmargin}{-2.0pt}.

[52 <./Book01/fig38g.pdf> <./Book01/fig38e.pdf>]
<Book01/fig40g.pdf, id=798, 387.4475pt x 200.75pt>
File: Book01/fig40g.pdf Graphic file (type pdf)
<use Book01/fig40g.pdf>
Package pdftex.def Info: Book01/fig40g.pdf  used on input line 2790.
(pdftex.def)             Requested size: 387.44655pt x 200.7495pt.
<Book01/fig40e.pdf, id=799, 385.44pt x 199.74625pt>
File: Book01/fig40e.pdf Graphic file (type pdf)
<use Book01/fig40e.pdf>
Package pdftex.def Info: Book01/fig40e.pdf  used on input line 2815.
(pdftex.def)             Requested size: 385.43906pt x 199.74576pt.

Overfull \vbox (197.14946pt too high) detected at line 2830
 []


Overfull \vbox (196.14572pt too high) detected at line 2830
 []




Package fancyhdr Warning: \headheight is too small (12.0pt): 
(fancyhdr)                Make it at least 14.0pt, for example:
(fancyhdr)                \setlength{\headheight}{14.0pt}.
(fancyhdr)                You might also make \topmargin smaller:
(fancyhdr)                \addtolength{\topmargin}{-2.0pt}.

[53 <./Book01/fig39g.pdf> <./Book01/fig39e.pdf> <./Book01/fig40g.pdf> <./Book01/fig40e.pdf>]
Underfull \hbox (badness 10000) in paragraph at lines 2831--2833

 []

<Book01/fig41g.pdf, id=829, 418.56375pt x 263.98625pt>
File: Book01/fig41g.pdf Graphic file (type pdf)
<use Book01/fig41g.pdf>
Package pdftex.def Info: Book01/fig41g.pdf  used on input line 2850.
(pdftex.def)             Requested size: 418.56271pt x 263.9856pt.
<Book01/fig41e.pdf, id=830, 419.5675pt x 262.9825pt>
File: Book01/fig41e.pdf Graphic file (type pdf)
<use Book01/fig41e.pdf>
Package pdftex.def Info: Book01/fig41e.pdf  used on input line 2871.
(pdftex.def)             Requested size: 419.56647pt x 262.98184pt.

Overfull \vbox (260.38556pt too high) detected at line 2883
 []


Overfull \vbox (259.3818pt too high) detected at line 2883
 []

<Book01/fig42g.pdf, id=831, 512.91624pt x 311.1625pt>
File: Book01/fig42g.pdf Graphic file (type pdf)
<use Book01/fig42g.pdf>
Package pdftex.def Info: Book01/fig42g.pdf  used on input line 2904.
(pdftex.def)             Requested size: 512.915pt x 311.16174pt.
<Book01/fig42e.pdf, id=832, 507.8975pt x 311.1625pt>
File: Book01/fig42e.pdf Graphic file (type pdf)
<use Book01/fig42e.pdf>
Package pdftex.def Info: Book01/fig42e.pdf  used on input line 2932.
(pdftex.def)             Requested size: 507.89627pt x 311.16174pt.

Overfull \vbox (307.5617pt too high) detected at line 2937
 []


Overfull \vbox (307.5617pt too high) detected at line 2937
 []




Package fancyhdr Warning: \headheight is too small (12.0pt): 
(fancyhdr)                Make it at least 14.0pt, for example:
(fancyhdr)                \setlength{\headheight}{14.0pt}.
(fancyhdr)                You might also make \topmargin smaller:
(fancyhdr)                \addtolength{\topmargin}{-2.0pt}.

[54 <./Book01/fig41g.pdf> <./Book01/fig41e.pdf>]
<Book01/fig43g.pdf, id=850, 385.44pt x 227.85126pt>
File: Book01/fig43g.pdf Graphic file (type pdf)
<use Book01/fig43g.pdf>
Package pdftex.def Info: Book01/fig43g.pdf  used on input line 2956.
(pdftex.def)             Requested size: 385.43906pt x 227.8507pt.
<Book01/fig43e.pdf, id=851, 386.44376pt x 226.8475pt>
File: Book01/fig43e.pdf Graphic file (type pdf)
<use Book01/fig43e.pdf>
Package pdftex.def Info: Book01/fig43e.pdf  used on input line 2979.
(pdftex.def)             Requested size: 386.44281pt x 226.84694pt.

Overfull \vbox (224.25066pt too high) detected at line 2994
 []


Overfull \vbox (223.2469pt too high) detected at line 2994
 []




Package fancyhdr Warning: \headheight is too small (12.0pt): 
(fancyhdr)                Make it at least 14.0pt, for example:
(fancyhdr)                \setlength{\headheight}{14.0pt}.
(fancyhdr)                You might also make \topmargin smaller:
(fancyhdr)                \addtolength{\topmargin}{-2.0pt}.

[55 <./Book01/fig42g.pdf> <./Book01/fig42e.pdf>]
<Book01/fig44g.pdf, id=870, 291.0875pt x 423.5825pt>
File: Book01/fig44g.pdf Graphic file (type pdf)
<use Book01/fig44g.pdf>
Package pdftex.def Info: Book01/fig44g.pdf  used on input line 3012.
(pdftex.def)             Requested size: 291.08678pt x 423.58147pt.
<Book01/fig44e.pdf, id=871, 290.08376pt x 423.5825pt>
File: Book01/fig44e.pdf Graphic file (type pdf)
<use Book01/fig44e.pdf>
Package pdftex.def Info: Book01/fig44e.pdf  used on input line 3037.
(pdftex.def)             Requested size: 290.08304pt x 423.58147pt.

Overfull \vbox (419.98143pt too high) detected at line 3061
 []


Overfull \vbox (419.98143pt too high) detected at line 3061
 []




Package fancyhdr Warning: \headheight is too small (12.0pt): 
(fancyhdr)                Make it at least 14.0pt, for example:
(fancyhdr)                \setlength{\headheight}{14.0pt}.
(fancyhdr)                You might also make \topmargin smaller:
(fancyhdr)                \addtolength{\topmargin}{-2.0pt}.

[56 <./Book01/fig43g.pdf> <./Book01/fig43e.pdf>]


Package fancyhdr Warning: \headheight is too small (12.0pt): 
(fancyhdr)                Make it at least 14.0pt, for example:
(fancyhdr)                \setlength{\headheight}{14.0pt}.
(fancyhdr)                You might also make \topmargin smaller:
(fancyhdr)                \addtolength{\topmargin}{-2.0pt}.

[57 <./Book01/fig44e.pdf>]


Package fancyhdr Warning: \headheight is too small (12.0pt): 
(fancyhdr)                Make it at least 14.0pt, for example:
(fancyhdr)                \setlength{\headheight}{14.0pt}.
(fancyhdr)                You might also make \topmargin smaller:
(fancyhdr)                \addtolength{\topmargin}{-2.0pt}.

[58 <./Book01/fig44g.pdf>]
<Book01/fig45g.pdf, id=911, 302.12875pt x 417.56pt>
File: Book01/fig45g.pdf Graphic file (type pdf)
<use Book01/fig45g.pdf>
Package pdftex.def Info: Book01/fig45g.pdf  used on input line 3081.
(pdftex.def)             Requested size: 302.128pt x 417.55896pt.
<Book01/fig45e.pdf, id=912, 302.12875pt x 416.55624pt>
File: Book01/fig45e.pdf Graphic file (type pdf)
<use Book01/fig45e.pdf>
Package pdftex.def Info: Book01/fig45e.pdf  used on input line 3114.
(pdftex.def)             Requested size: 302.128pt x 416.55522pt.

Overfull \vbox (413.95892pt too high) detected at line 3146
 []


Overfull \vbox (412.95518pt too high) detected at line 3146
 []




Package fancyhdr Warning: \headheight is too small (12.0pt): 
(fancyhdr)                Make it at least 14.0pt, for example:
(fancyhdr)                \setlength{\headheight}{14.0pt}.
(fancyhdr)                You might also make \topmargin smaller:
(fancyhdr)                \addtolength{\topmargin}{-2.0pt}.

[59]


Package fancyhdr Warning: \headheight is too small (12.0pt): 
(fancyhdr)                Make it at least 14.0pt, for example:
(fancyhdr)                \setlength{\headheight}{14.0pt}.
(fancyhdr)                You might also make \topmargin smaller:
(fancyhdr)                \addtolength{\topmargin}{-2.0pt}.

[60 <./Book01/fig45g.pdf> <./Book01/fig45e.pdf>]
<Book01/fig46g.pdf, id=934, 147.55125pt x 317.185pt>
File: Book01/fig46g.pdf Graphic file (type pdf)
<use Book01/fig46g.pdf>
Package pdftex.def Info: Book01/fig46g.pdf  used on input line 3165.
(pdftex.def)             Requested size: 147.55087pt x 317.1842pt.
<Book01/fig46e.pdf, id=935, 144.54pt x 317.185pt>
File: Book01/fig46e.pdf Graphic file (type pdf)
<use Book01/fig46e.pdf>
Package pdftex.def Info: Book01/fig46e.pdf  used on input line 3184.
(pdftex.def)             Requested size: 144.53963pt x 317.1842pt.

Overfull \vbox (313.58417pt too high) detected at line 3201
 []


Overfull \vbox (313.58417pt too high) detected at line 3201
 []




Package fancyhdr Warning: \headheight is too small (12.0pt): 
(fancyhdr)                Make it at least 14.0pt, for example:
(fancyhdr)                \setlength{\headheight}{14.0pt}.
(fancyhdr)                You might also make \topmargin smaller:
(fancyhdr)                \addtolength{\topmargin}{-2.0pt}.

[61 <./Book01/fig46g.pdf> <./Book01/fig46e.pdf>]
<Book01/fig47g.pdf, id=954, 422.57875pt x 502.87875pt>
File: Book01/fig47g.pdf Graphic file (type pdf)
<use Book01/fig47g.pdf>
Package pdftex.def Info: Book01/fig47g.pdf  used on input line 3219.
(pdftex.def)             Requested size: 422.57771pt x 502.87752pt.
<Book01/fig47e.pdf, id=955, 399.4925pt x 478.78876pt>
File: Book01/fig47e.pdf Graphic file (type pdf)
<use Book01/fig47e.pdf>
Package pdftex.def Info: Book01/fig47e.pdf  used on input line 3241.
(pdftex.def)             Requested size: 399.49152pt x 478.78758pt.

Overfull \vbox (499.27748pt too high) detected at line 3269
 []


Overfull \vbox (475.18755pt too high) detected at line 3269
 []




Package fancyhdr Warning: \headheight is too small (12.0pt): 
(fancyhdr)                Make it at least 14.0pt, for example:
(fancyhdr)                \setlength{\headheight}{14.0pt}.
(fancyhdr)                You might also make \topmargin smaller:
(fancyhdr)                \addtolength{\topmargin}{-2.0pt}.

[62]


Package fancyhdr Warning: \headheight is too small (12.0pt): 
(fancyhdr)                Make it at least 14.0pt, for example:
(fancyhdr)                \setlength{\headheight}{14.0pt}.
(fancyhdr)                You might also make \topmargin smaller:
(fancyhdr)                \addtolength{\topmargin}{-2.0pt}.

[63 <./Book01/fig47g.pdf> <./Book01/fig47e.pdf>]
<Book01/fig48g.pdf, id=977, 235.88126pt x 299.1175pt>
File: Book01/fig48g.pdf Graphic file (type pdf)
<use Book01/fig48g.pdf>
Package pdftex.def Info: Book01/fig48g.pdf  used on input line 3289.
(pdftex.def)             Requested size: 235.88068pt x 299.11676pt.
<Book01/fig48e.pdf, id=978, 233.87375pt x 299.1175pt>
File: Book01/fig48e.pdf Graphic file (type pdf)
<use Book01/fig48e.pdf>
Package pdftex.def Info: Book01/fig48e.pdf  used on input line 3310.
(pdftex.def)             Requested size: 233.87315pt x 299.11676pt.

Overfull \vbox (295.51672pt too high) detected at line 3329
 []


Overfull \vbox (295.51672pt too high) detected at line 3329
 []




Package fancyhdr Warning: \headheight is too small (12.0pt): 
(fancyhdr)                Make it at least 14.0pt, for example:
(fancyhdr)                \setlength{\headheight}{14.0pt}.
(fancyhdr)                You might also make \topmargin smaller:
(fancyhdr)                \addtolength{\topmargin}{-2.0pt}.

[64])


Package fancyhdr Warning: \headheight is too small (12.0pt): 
(fancyhdr)                Make it at least 14.0pt, for example:
(fancyhdr)                \setlength{\headheight}{14.0pt}.
(fancyhdr)                You might also make \topmargin smaller:
(fancyhdr)                \addtolength{\topmargin}{-2.0pt}.

[65 <./Book01/fig48g.pdf> <./Book01/fig48e.pdf>]
/Users/phoneee/proj/euclid/Elements/Elements.tex:89: Extra \else.
\@include ...ed}\fi \let \@auxout \@mainaux \else 
                                                  \@latex@warning {\noexpand...
l.89 \include{Book01/Book1}
                           
I'm ignoring this; it doesn't match any \if.


LaTeX Warning: \include should only be used after \begin{document} on input line 89.

(./Book01/Book1.tex
pdfTeX warning (ext4): destination with the same identifier (name{book1.0}) has been already used, duplicate ignored
<to be read again> 
                   \relax 
l.6 \pdfbookmark[0]{Book 1}{book1}
                                  

[66


]
pdfTeX warning (ext4): destination with the same identifier (name{def1.1}) has been already used, duplicate ignored
<to be read again> 
                   \relax 
l.22 \pdfbookmark[1]{Definitions}{def1}
                                       


Package fancyhdr Warning: \headheight is too small (12.0pt): 
(fancyhdr)                Make it at least 14.0pt, for example:
(fancyhdr)                \setlength{\headheight}{14.0pt}.
(fancyhdr)                You might also make \topmargin smaller:
(fancyhdr)                \addtolength{\topmargin}{-2.0pt}.

[67]
Underfull \hbox (badness 10000) in paragraph at lines 259--262

 []


Underfull \hbox (badness 10000) in paragraph at lines 259--262

 []


pdfTeX warning (ext4): destination with the same identifier (name{prop1.1.1}) has been already used, duplicate ignored
<to be read again> 
                   \relax 
l.266 \pdfbookmark[1]{Proposition 1.1}{prop1.1}
                                               
File: Book01/fig01g.pdf Graphic file (type pdf)
<use Book01/fig01g.pdf>
Package pdftex.def Info: Book01/fig01g.pdf  used on input line 280.
(pdftex.def)             Requested size: 394.47278pt x 273.01933pt.
File: Book01/fig01e.pdf Graphic file (type pdf)
<use Book01/fig01e.pdf>
Package pdftex.def Info: Book01/fig01e.pdf  used on input line 308.
(pdftex.def)             Requested size: 411.5365pt x 276.03056pt.

Overfull \vbox (269.4193pt too high) detected at line 320
 []


Overfull \vbox (272.43053pt too high) detected at line 320
 []




Package fancyhdr Warning: \headheight is too small (12.0pt): 
(fancyhdr)                Make it at least 14.0pt, for example:
(fancyhdr)                \setlength{\headheight}{14.0pt}.
(fancyhdr)                You might also make \topmargin smaller:
(fancyhdr)                \addtolength{\topmargin}{-2.0pt}.

[68]
pdfTeX warning (ext4): destination with the same identifier (name{pdf1.2.1}) has been already used, duplicate ignored
<to be read again> 
                   \relax 
l.330 \pdfbookmark[1]{Proposition 1.2}{pdf1.2}
                                              
Underfull \hbox (badness 10000) in paragraph at lines 347--348

 []

File: Book01/fig02g.pdf Graphic file (type pdf)
<use Book01/fig02g.pdf>
Package pdftex.def Info: Book01/fig02g.pdf  used on input line 350.
(pdftex.def)             Requested size: 438.63766pt x 462.72762pt.
File: Book01/fig02e.pdf Graphic file (type pdf)
<use Book01/fig02e.pdf>
Package pdftex.def Info: Book01/fig02e.pdf  used on input line 379.
(pdftex.def)             Requested size: 453.6939pt x 484.81006pt.

Overfull \vbox (459.12758pt too high) detected at line 387
 []


Overfull \vbox (481.21002pt too high) detected at line 387
 []




Package fancyhdr Warning: \headheight is too small (12.0pt): 
(fancyhdr)                Make it at least 14.0pt, for example:
(fancyhdr)                \setlength{\headheight}{14.0pt}.
(fancyhdr)                You might also make \topmargin smaller:
(fancyhdr)                \addtolength{\topmargin}{-2.0pt}.

[69]


Package fancyhdr Warning: \headheight is too small (12.0pt): 
(fancyhdr)                Make it at least 14.0pt, for example:
(fancyhdr)                \setlength{\headheight}{14.0pt}.
(fancyhdr)                You might also make \topmargin smaller:
(fancyhdr)                \addtolength{\topmargin}{-2.0pt}.

[70]


Package fancyhdr Warning: \headheight is too small (12.0pt): 
(fancyhdr)                Make it at least 14.0pt, for example:
(fancyhdr)                \setlength{\headheight}{14.0pt}.
(fancyhdr)                You might also make \topmargin smaller:
(fancyhdr)                \addtolength{\topmargin}{-2.0pt}.

[71]
pdfTeX warning (ext4): destination with the same identifier (name{pdf1.3.1}) has been already used, duplicate ignored
<to be read again> 
                   \relax 
l.398 \pdfbookmark[1]{Proposition 1.3}{pdf1.3}
                                              
File: Book01/fig03g.pdf Graphic file (type pdf)
<use Book01/fig03g.pdf>
Package pdftex.def Info: Book01/fig03g.pdf  used on input line 414.
(pdftex.def)             Requested size: 432.6152pt x 335.25168pt.

Underfull \hbox (badness 10000) in paragraph at lines 432--435

 []

File: Book01/fig03e.pdf Graphic file (type pdf)
<use Book01/fig03e.pdf>
Package pdftex.def Info: Book01/fig03e.pdf  used on input line 437.
(pdftex.def)             Requested size: 454.69763pt x 331.23668pt.

Overfull \vbox (331.65164pt too high) detected at line 441
 []


Overfull \vbox (327.63664pt too high) detected at line 441
 []


pdfTeX warning (ext4): destination with the same identifier (name{pdf1.4.1}) has been already used, duplicate ignored
<to be read again> 
                   \relax 
l.446 \pdfbookmark[1]{Proposition 1.4}{pdf1.4}
                                              
File: Book01/fig04g.pdf Graphic file (type pdf)
<use Book01/fig04g.pdf>
Package pdftex.def Info: Book01/fig04g.pdf  used on input line 457.
(pdftex.def)             Requested size: 518.93748pt x 219.8207pt.
File: Book01/fig04e.pdf Graphic file (type pdf)
<use Book01/fig04e.pdf>
Package pdftex.def Info: Book01/fig04e.pdf  used on input line 481.
(pdftex.def)             Requested size: 538.00868pt x 221.82819pt.

Overfull \vbox (216.22066pt too high) detected at line 500
 []


Overfull \vbox (218.22815pt too high) detected at line 500
 []




Package fancyhdr Warning: \headheight is too small (12.0pt): 
(fancyhdr)                Make it at least 14.0pt, for example:
(fancyhdr)                \setlength{\headheight}{14.0pt}.
(fancyhdr)                You might also make \topmargin smaller:
(fancyhdr)                \addtolength{\topmargin}{-2.0pt}.

[72]


Package fancyhdr Warning: \headheight is too small (12.0pt): 
(fancyhdr)                Make it at least 14.0pt, for example:
(fancyhdr)                \setlength{\headheight}{14.0pt}.
(fancyhdr)                You might also make \topmargin smaller:
(fancyhdr)                \addtolength{\topmargin}{-2.0pt}.

[73]
pdfTeX warning (ext4): destination with the same identifier (name{pdf1.5.1}) has been already used, duplicate ignored
<to be read again> 
                   \relax 
l.509 \pdfbookmark[1]{Proposition 1.5}{pdf1.5}
                                              
Underfull \hbox (badness 10000) in paragraph at lines 520--521

 []

File: Book01/fig05g.pdf Graphic file (type pdf)
<use Book01/fig05g.pdf>
Package pdftex.def Info: Book01/fig05g.pdf  used on input line 523.
(pdftex.def)             Requested size: 249.93314pt x 314.17297pt.
File: Book01/fig05e.pdf Graphic file (type pdf)
<use Book01/fig05e.pdf>
Package pdftex.def Info: Book01/fig05e.pdf  used on input line 549.
(pdftex.def)             Requested size: 268.00058pt x 318.18796pt.

Overfull \vbox (310.57294pt too high) detected at line 571
 []


Overfull \vbox (314.58792pt too high) detected at line 571
 []




Package fancyhdr Warning: \headheight is too small (12.0pt): 
(fancyhdr)                Make it at least 14.0pt, for example:
(fancyhdr)                \setlength{\headheight}{14.0pt}.
(fancyhdr)                You might also make \topmargin smaller:
(fancyhdr)                \addtolength{\topmargin}{-2.0pt}.

[74]


Package fancyhdr Warning: \headheight is too small (12.0pt): 
(fancyhdr)                Make it at least 14.0pt, for example:
(fancyhdr)                \setlength{\headheight}{14.0pt}.
(fancyhdr)                You might also make \topmargin smaller:
(fancyhdr)                \addtolength{\topmargin}{-2.0pt}.

[75]
pdfTeX warning (ext4): destination with the same identifier (name{pdf1.6.1}) has been already used, duplicate ignored
<to be read again> 
                   \relax 
l.576 \pdfbookmark[1]{Proposition 1.6}{pdf1.6}
                                              
File: Book01/fig06g.pdf Graphic file (type pdf)
<use Book01/fig06g.pdf>
Package pdftex.def Info: Book01/fig06g.pdf  used on input line 589.
(pdftex.def)             Requested size: 259.97061pt x 234.87692pt.

Underfull \hbox (badness 10000) in paragraph at lines 613--615

 []

File: Book01/fig06e.pdf Graphic file (type pdf)
<use Book01/fig06e.pdf>
Package pdftex.def Info: Book01/fig06e.pdf  used on input line 617.
(pdftex.def)             Requested size: 285.0643pt x 236.88441pt.

Overfull \vbox (231.27689pt too high) detected at line 631
 []


Overfull \vbox (233.28438pt too high) detected at line 631
 []




Package fancyhdr Warning: \headheight is too small (12.0pt): 
(fancyhdr)                Make it at least 14.0pt, for example:
(fancyhdr)                \setlength{\headheight}{14.0pt}.
(fancyhdr)                You might also make \topmargin smaller:
(fancyhdr)                \addtolength{\topmargin}{-2.0pt}.

[76]
pdfTeX warning (ext4): destination with the same identifier (name{pdf1.7.1}) has been already used, duplicate ignored
<to be read again> 
                   \relax 
l.639 \pdfbookmark[1]{Proposition 1.7}{pdf1.7}
                                              
Underfull \hbox (badness 10000) in paragraph at lines 649--650

 []

File: Book01/fig07g.pdf Graphic file (type pdf)
<use Book01/fig07g.pdf>
Package pdftex.def Info: Book01/fig07g.pdf  used on input line 652.
(pdftex.def)             Requested size: 279.04181pt x 199.74576pt.
File: Book01/fig07e.pdf Graphic file (type pdf)
<use Book01/fig07e.pdf>
Package pdftex.def Info: Book01/fig07e.pdf  used on input line 687.
(pdftex.def)             Requested size: 298.11302pt x 202.757pt.

Overfull \vbox (196.14572pt too high) detected at line 705
 []


Overfull \vbox (199.15697pt too high) detected at line 705
 []




Package fancyhdr Warning: \headheight is too small (12.0pt): 
(fancyhdr)                Make it at least 14.0pt, for example:
(fancyhdr)                \setlength{\headheight}{14.0pt}.
(fancyhdr)                You might also make \topmargin smaller:
(fancyhdr)                \addtolength{\topmargin}{-2.0pt}.

[77]
pdfTeX warning (ext4): destination with the same identifier (name{pdf1.8.1}) has been already used, duplicate ignored
<to be read again> 
                   \relax 
l.710 \pdfbookmark[1]{Proposition 1.8}{pdf1.8}
                                              
File: Book01/fig08g.pdf Graphic file (type pdf)
<use Book01/fig08g.pdf>
Package pdftex.def Info: Book01/fig08g.pdf  used on input line 725.
(pdftex.def)             Requested size: 403.50652pt x 280.04555pt.
File: Book01/fig08e.pdf Graphic file (type pdf)
<use Book01/fig08e.pdf>
Package pdftex.def Info: Book01/fig08e.pdf  used on input line 762.
(pdftex.def)             Requested size: 421.57396pt x 282.05305pt.

Overfull \vbox (276.44551pt too high) detected at line 783
 []


Overfull \vbox (278.45302pt too high) detected at line 783
 []




Package fancyhdr Warning: \headheight is too small (12.0pt): 
(fancyhdr)                Make it at least 14.0pt, for example:
(fancyhdr)                \setlength{\headheight}{14.0pt}.
(fancyhdr)                You might also make \topmargin smaller:
(fancyhdr)                \addtolength{\topmargin}{-2.0pt}.

[78]
pdfTeX warning (ext4): destination with the same identifier (name{pdf1.9.1}) has been already used, duplicate ignored
<to be read again> 
                   \relax 
l.788 \pdfbookmark[1]{Proposition 1.9}{pdf1.9}
                                              
File: Book01/fig09g.pdf Graphic file (type pdf)
<use Book01/fig09g.pdf>
Package pdftex.def Info: Book01/fig09g.pdf  used on input line 810.
(pdftex.def)             Requested size: 240.8994pt x 322.20296pt.
File: Book01/fig09e.pdf Graphic file (type pdf)
<use Book01/fig09e.pdf>
Package pdftex.def Info: Book01/fig09e.pdf  used on input line 837.
(pdftex.def)             Requested size: 264.98935pt x 324.21045pt.

Overfull \vbox (318.60292pt too high) detected at line 841
 []


Overfull \vbox (320.61041pt too high) detected at line 841
 []




Package fancyhdr Warning: \headheight is too small (12.0pt): 
(fancyhdr)                Make it at least 14.0pt, for example:
(fancyhdr)                \setlength{\headheight}{14.0pt}.
(fancyhdr)                You might also make \topmargin smaller:
(fancyhdr)                \addtolength{\topmargin}{-2.0pt}.

[79]
pdfTeX warning (ext4): destination with the same identifier (name{pdf1.10.1}) has been already used, duplicate ignored
<to be read again> 
                   \relax 
l.846 \pdfbookmark[1]{Proposition 1.10}{pdf1.10}
                                                
Underfull \hbox (badness 10000) in paragraph at lines 858--859

 []

File: Book01/fig10g.pdf Graphic file (type pdf)
<use Book01/fig10g.pdf>
Package pdftex.def Info: Book01/fig10g.pdf  used on input line 861.
(pdftex.def)             Requested size: 334.24792pt x 269.00433pt.
File: Book01/fig10e.pdf Graphic file (type pdf)
<use Book01/fig10e.pdf>
Package pdftex.def Info: Book01/fig10e.pdf  used on input line 887.
(pdftex.def)             Requested size: 358.33788pt x 272.01558pt.

Overfull \vbox (265.4043pt too high) detected at line 897
 []


Overfull \vbox (268.41554pt too high) detected at line 897
 []




Package fancyhdr Warning: \headheight is too small (12.0pt): 
(fancyhdr)                Make it at least 14.0pt, for example:
(fancyhdr)                \setlength{\headheight}{14.0pt}.
(fancyhdr)                You might also make \topmargin smaller:
(fancyhdr)                \addtolength{\topmargin}{-2.0pt}.

[80]
pdfTeX warning (ext4): destination with the same identifier (name{pdf1.11.1}) has been already used, duplicate ignored
<to be read again> 
                   \relax 
l.902 \pdfbookmark[1]{Proposition 1.11}{pdf1.11}
                                                
File: Book01/fig11g.pdf Graphic file (type pdf)
<use Book01/fig11g.pdf>
Package pdftex.def Info: Book01/fig11g.pdf  used on input line 917.
(pdftex.def)             Requested size: 407.5215pt x 254.95186pt.
File: Book01/fig11e.pdf Graphic file (type pdf)
<use Book01/fig11e.pdf>
Package pdftex.def Info: Book01/fig11e.pdf  used on input line 947.
(pdftex.def)             Requested size: 407.5215pt x 253.94812pt.

Overfull \vbox (251.35182pt too high) detected at line 965
 []


Overfull \vbox (250.34808pt too high) detected at line 965
 []




Package fancyhdr Warning: \headheight is too small (12.0pt): 
(fancyhdr)                Make it at least 14.0pt, for example:
(fancyhdr)                \setlength{\headheight}{14.0pt}.
(fancyhdr)                You might also make \topmargin smaller:
(fancyhdr)                \addtolength{\topmargin}{-2.0pt}.

[81]
pdfTeX warning (ext4): destination with the same identifier (name{pdf1.12.1}) has been already used, duplicate ignored
<to be read again> 
                   \relax 
l.970 \pdfbookmark[1]{Proposition 1.12}{pdf1.12}
                                                
File: Book01/fig12g.pdf Graphic file (type pdf)
<use Book01/fig12g.pdf>
Package pdftex.def Info: Book01/fig12g.pdf  used on input line 981.
(pdftex.def)             Requested size: 420.57022pt x 305.13924pt.


./Book01/Book1.tex:1002: LaTeX Error: Invalid UTF-8 byte sequence (�\global\mathchardef).

See the LaTeX manual or LaTeX Companion for explanation.
Type  H <return>  for immediate help.
 ...                                              
                                                  
l.1002 ...�; ὅπερ ἔδει ποιῆσαι.}
                                                  }
The document does not appear to be in UTF-8 encoding.
Try adding \UseRawInputEncoding as the first line of the file
or specify an encoding such as \usepackage [latin1]{inputenc}
in the document preamble.
Alternatively, save the file in UTF-8 using your editor or another tool

./Book01/Book1.tex:1002: Missing number, treated as zero.
<to be read again> 
                   }
l.1002 ...�; ὅπερ ἔδει ποιῆσαι.}
                                                  }
A number should have been here; I inserted `0'.
(If you can't figure out why I needed to see a number,
look up `weird error' in the index to The TeXbook.)

./Book01/Book1.tex:1002: Bad space factor (0).
<to be read again> 
                   }
l.1002 ...�; ὅπερ ἔδει ποιῆσαι.}
                                                  }
I allow only values in the range 1..32767 here.


./Book01/Book1.tex:1002: LaTeX Error: Invalid UTF-8 byte sequence (�\egroup\ifmmode).

See the LaTeX manual or LaTeX Companion for explanation.
Type  H <return>  for immediate help.
 ...                                              
                                                  
l.1002 ...�; ὅπερ ἔδει ποιῆσαι.}
                                                  }
The document does not appear to be in UTF-8 encoding.
Try adding \UseRawInputEncoding as the first line of the file
or specify an encoding such as \usepackage [latin1]{inputenc}
in the document preamble.
Alternatively, save the file in UTF-8 using your editor or another tool

./Book01/Book1.tex:1002: Extra \else.
\add@accent ...accent #1 #2\egroup \ifmmode \else 
                                                  \spacefactor \accent@space...
l.1002 ...�; ὅπερ ἔδει ποιῆσαι.}
                                                  }
I'm ignoring this; it doesn't match any \if.

./Book01/Book1.tex:1002: Missing number, treated as zero.
<to be read again> 
                   \accent@spacefactor 
l.1002 ...�; ὅπερ ἔδει ποιῆσαι.}
                                                  }
A number should have been here; I inserted `0'.
(If you can't figure out why I needed to see a number,
look up `weird error' in the index to The TeXbook.)

./Book01/Book1.tex:1002: Bad space factor (0).
<to be read again> 
                   \accent@spacefactor 
l.1002 ...�; ὅπερ ἔδει ποιῆσαι.}
                                                  }
I allow only values in the range 1..32767 here.


./Book01/Book1.tex:1002: LaTeX Error: Invalid UTF-8 byte "BC.

See the LaTeX manual or LaTeX Companion for explanation.
Type  H <return>  for immediate help.
 ...                                              
                                                  
l.1002 ...�; ὅπερ ἔδει ποιῆσαι.}
                                                  }
The document does not appear to be in UTF-8 encoding.
Try adding \UseRawInputEncoding as the first line of the file
or specify an encoding such as \usepackage [latin1]{inputenc}
in the document preamble.
Alternatively, save the file in UTF-8 using your editor or another tool


./Book01/Book1.tex:1002: LaTeX Error: Invalid UTF-8 byte "A0.

See the LaTeX manual or LaTeX Companion for explanation.
Type  H <return>  for immediate help.
 ...                                              
                                                  
l.1002 ...�; ὅπερ ἔδει ποιῆσαι.}
                                                  }
The document does not appear to be in UTF-8 encoding.
Try adding \UseRawInputEncoding as the first line of the file
or specify an encoding such as \usepackage [latin1]{inputenc}
in the document preamble.
Alternatively, save the file in UTF-8 using your editor or another tool

./Book01/Book1.tex:1002: Missing } inserted.
<inserted text> 
                }
l.1002 ...�; ὅπερ ἔδει ποιῆσαι.}
                                                  }
I've inserted something that you may have forgotten.
(See the <inserted text> above.)
With luck, this will get me unwedged. But if you
really didn't forget anything, try typing `2' now; then
my insertion and my current dilemma will both disappear.


Underfull \hbox (badness 10000) in paragraph at lines 1009--1011

 []

File: Book01/fig12e.pdf Graphic file (type pdf)
<use Book01/fig12e.pdf>
Package pdftex.def Info: Book01/fig12e.pdf  used on input line 1013.
(pdftex.def)             Requested size: 420.57022pt x 304.1355pt.

Overfull \vbox (301.5392pt too high) detected at line 1037
 []


Overfull \vbox (300.53546pt too high) detected at line 1037
 []




Package fancyhdr Warning: \headheight is too small (12.0pt): 
(fancyhdr)                Make it at least 14.0pt, for example:
(fancyhdr)                \setlength{\headheight}{14.0pt}.
(fancyhdr)                You might also make \topmargin smaller:
(fancyhdr)                \addtolength{\topmargin}{-2.0pt}.

[82]


Package fancyhdr Warning: \headheight is too small (12.0pt): 
(fancyhdr)                Make it at least 14.0pt, for example:
(fancyhdr)                \setlength{\headheight}{14.0pt}.
(fancyhdr)                You might also make \topmargin smaller:
(fancyhdr)                \addtolength{\topmargin}{-2.0pt}.

[83]
pdfTeX warning (ext4): destination with the same identifier (name{pdf1.13.1}) has been already used, duplicate ignored
<to be read again> 
                   \relax 
l.1042 \pdfbookmark[1]{Proposition 1.13}{pdf1.13}
                                                 
Underfull \hbox (badness 10000) in paragraph at lines 1053--1054

 []


Underfull \hbox (badness 10000) in paragraph at lines 1053--1054

 []

File: Book01/fig13g.pdf Graphic file (type pdf)
<use Book01/fig13g.pdf>
Package pdftex.def Info: Book01/fig13g.pdf  used on input line 1056.
(pdftex.def)             Requested size: 250.93687pt x 249.93314pt.
File: Book01/fig13e.pdf Graphic file (type pdf)
<use Book01/fig13e.pdf>
Package pdftex.def Info: Book01/fig13e.pdf  used on input line 1086.
(pdftex.def)             Requested size: 253.94812pt x 253.94812pt.

Overfull \vbox (246.3331pt too high) detected at line 1105
 []


Overfull \vbox (250.34808pt too high) detected at line 1105
 []




Package fancyhdr Warning: \headheight is too small (12.0pt): 
(fancyhdr)                Make it at least 14.0pt, for example:
(fancyhdr)                \setlength{\headheight}{14.0pt}.
(fancyhdr)                You might also make \topmargin smaller:
(fancyhdr)                \addtolength{\topmargin}{-2.0pt}.

[84]
pdfTeX warning (ext4): destination with the same identifier (name{pdf1.14.1}) has been already used, duplicate ignored
<to be read again> 
                   \relax 
l.1110 \pdfbookmark[1]{Proposition 1.14}{pdf1.14}
                                                 
Underfull \hbox (badness 10000) in paragraph at lines 1123--1124

 []

File: Book01/fig14g.pdf Graphic file (type pdf)
<use Book01/fig14g.pdf>
Package pdftex.def Info: Book01/fig14g.pdf  used on input line 1126.
(pdftex.def)             Requested size: 364.36035pt x 282.05305pt.
File: Book01/fig14e.pdf Graphic file (type pdf)
<use Book01/fig14e.pdf>
Package pdftex.def Info: Book01/fig14e.pdf  used on input line 1157.
(pdftex.def)             Requested size: 363.3566pt x 281.0493pt.

Overfull \vbox (278.45302pt too high) detected at line 1172
 []


Overfull \vbox (277.44926pt too high) detected at line 1172
 []




Package fancyhdr Warning: \headheight is too small (12.0pt): 
(fancyhdr)                Make it at least 14.0pt, for example:
(fancyhdr)                \setlength{\headheight}{14.0pt}.
(fancyhdr)                You might also make \topmargin smaller:
(fancyhdr)                \addtolength{\topmargin}{-2.0pt}.

[85]
pdfTeX warning (ext4): destination with the same identifier (name{pdf1.15.1}) has been already used, duplicate ignored
<to be read again> 
                   \relax 
l.1177 \pdfbookmark[1]{Proposition 1.15}{pdf1.15}
                                                 
File: Book01/fig15g.pdf Graphic file (type pdf)
<use Book01/fig15g.pdf>
Package pdftex.def Info: Book01/fig15g.pdf  used on input line 1191.
(pdftex.def)             Requested size: 367.37158pt x 336.25543pt.
File: Book01/fig15e.pdf Graphic file (type pdf)
<use Book01/fig15e.pdf>
Package pdftex.def Info: Book01/fig15e.pdf  used on input line 1216.
(pdftex.def)             Requested size: 362.35286pt x 335.25168pt.

Overfull \vbox (332.6554pt too high) detected at line 1229
 []


Overfull \vbox (331.65164pt too high) detected at line 1229
 []




Package fancyhdr Warning: \headheight is too small (12.0pt): 
(fancyhdr)                Make it at least 14.0pt, for example:
(fancyhdr)                \setlength{\headheight}{14.0pt}.
(fancyhdr)                You might also make \topmargin smaller:
(fancyhdr)                \addtolength{\topmargin}{-2.0pt}.

[86]
pdfTeX warning (ext4): destination with the same identifier (name{pdf1.16.1}) has been already used, duplicate ignored
<to be read again> 
                   \relax 
l.1234 \pdfbookmark[1]{Proposition 1.16}{pdf1.16}
                                                 
Underfull \hbox (badness 10000) in paragraph at lines 1251--1252

 []

File: Book01/fig16g.pdf Graphic file (type pdf)
<use Book01/fig16g.pdf>
Package pdftex.def Info: Book01/fig16g.pdf  used on input line 1254.
(pdftex.def)             Requested size: 462.72762pt x 422.57771pt.
File: Book01/fig16e.pdf Graphic file (type pdf)
<use Book01/fig16e.pdf>
Package pdftex.def Info: Book01/fig16e.pdf  used on input line 1289.
(pdftex.def)             Requested size: 458.71263pt x 421.57396pt.

Overfull \vbox (418.97768pt too high) detected at line 1302
 []


Overfull \vbox (417.97392pt too high) detected at line 1302
 []




Package fancyhdr Warning: \headheight is too small (12.0pt): 
(fancyhdr)                Make it at least 14.0pt, for example:
(fancyhdr)                \setlength{\headheight}{14.0pt}.
(fancyhdr)                You might also make \topmargin smaller:
(fancyhdr)                \addtolength{\topmargin}{-2.0pt}.

[87]


Package fancyhdr Warning: \headheight is too small (12.0pt): 
(fancyhdr)                Make it at least 14.0pt, for example:
(fancyhdr)                \setlength{\headheight}{14.0pt}.
(fancyhdr)                You might also make \topmargin smaller:
(fancyhdr)                \addtolength{\topmargin}{-2.0pt}.

[88]
pdfTeX warning (ext4): destination with the same identifier (name{pdf1.17.1}) has been already used, duplicate ignored
<to be read again> 
                   \relax 
l.1310 \pdfbookmark[1]{Proposition 1.17}{pdf1.17}
                                                 
Underfull \hbox (badness 10000) in paragraph at lines 1330--1331

 []


Underfull \hbox (badness 10000) in paragraph at lines 1330--1331

 []


Underfull \hbox (badness 10000) in paragraph at lines 1330--1331

 []

File: Book01/fig17g.pdf Graphic file (type pdf)
<use Book01/fig17g.pdf>
Package pdftex.def Info: Book01/fig17g.pdf  used on input line 1333.
(pdftex.def)             Requested size: 372.39034pt x 218.81696pt.
File: Book01/fig17e.pdf Graphic file (type pdf)
<use Book01/fig17e.pdf>
Package pdftex.def Info: Book01/fig17e.pdf  used on input line 1358.
(pdftex.def)             Requested size: 372.39034pt x 217.8132pt.

Overfull \vbox (215.21692pt too high) detected at line 1362
 []


Overfull \vbox (214.21317pt too high) detected at line 1362
 []


pdfTeX warning (ext4): destination with the same identifier (name{pdf1.18.1}) has been already used, duplicate ignored
<to be read again> 
                   \relax 
l.1367 \pdfbookmark[1]{Proposition 1.18}{pdf1.18}
                                                 
File: Book01/fig18g.pdf Graphic file (type pdf)
<use Book01/fig18g.pdf>
Package pdftex.def Info: Book01/fig18g.pdf  used on input line 1380.
(pdftex.def)             Requested size: 333.24417pt x 200.7495pt.

Underfull \hbox (badness 10000) in paragraph at lines 1401--1403

 []


Underfull \hbox (badness 10000) in paragraph at lines 1401--1403

 []

File: Book01/fig18e.pdf Graphic file (type pdf)
<use Book01/fig18e.pdf>
Package pdftex.def Info: Book01/fig18e.pdf  used on input line 1405.
(pdftex.def)             Requested size: 333.24417pt x 199.74576pt.

Overfull \vbox (197.14946pt too high) detected at line 1419
 []


Overfull \vbox (196.14572pt too high) detected at line 1419
 []




Package fancyhdr Warning: \headheight is too small (12.0pt): 
(fancyhdr)                Make it at least 14.0pt, for example:
(fancyhdr)                \setlength{\headheight}{14.0pt}.
(fancyhdr)                You might also make \topmargin smaller:
(fancyhdr)                \addtolength{\topmargin}{-2.0pt}.

[89]
pdfTeX warning (ext4): destination with the same identifier (name{pdf1.19.1}) has been already used, duplicate ignored
<to be read again> 
                   \relax 
l.1424 \pdfbookmark[1]{Proposition 1.19}{pdf1.19}
                                                 
File: Book01/fig19g.pdf Graphic file (type pdf)
<use Book01/fig19g.pdf>
Package pdftex.def Info: Book01/fig19g.pdf  used on input line 1437.
(pdftex.def)             Requested size: 157.58835pt x 372.39034pt.

Underfull \hbox (badness 10000) in paragraph at lines 1456--1458

 []

File: Book01/fig19e.pdf Graphic file (type pdf)
<use Book01/fig19e.pdf>
Package pdftex.def Info: Book01/fig19e.pdf  used on input line 1460.
(pdftex.def)             Requested size: 154.5771pt x 371.38658pt.

Overfull \vbox (368.7903pt too high) detected at line 1472
 []


Overfull \vbox (367.78654pt too high) detected at line 1472
 []




Package fancyhdr Warning: \headheight is too small (12.0pt): 
(fancyhdr)                Make it at least 14.0pt, for example:
(fancyhdr)                \setlength{\headheight}{14.0pt}.
(fancyhdr)                You might also make \topmargin smaller:
(fancyhdr)                \addtolength{\topmargin}{-2.0pt}.

[90]
pdfTeX warning (ext4): destination with the same identifier (name{pdf1.20.1}) has been already used, duplicate ignored
<to be read again> 
                   \relax 
l.1477 \pdfbookmark[1]{Proposition 1.20}{pdf1.20}
                                                 
File: Book01/fig20g.pdf Graphic file (type pdf)
<use Book01/fig20g.pdf>
Package pdftex.def Info: Book01/fig20g.pdf  used on input line 1488.
(pdftex.def)             Requested size: 294.09802pt x 324.21045pt.
File: Book01/fig20e.pdf Graphic file (type pdf)
<use Book01/fig20e.pdf>
Package pdftex.def Info: Book01/fig20e.pdf  used on input line 1519.
(pdftex.def)             Requested size: 295.10176pt x 323.20671pt.

Overfull \vbox (320.61041pt too high) detected at line 1538
 []


Overfull \vbox (319.60667pt too high) detected at line 1538
 []




Package fancyhdr Warning: \headheight is too small (12.0pt): 
(fancyhdr)                Make it at least 14.0pt, for example:
(fancyhdr)                \setlength{\headheight}{14.0pt}.
(fancyhdr)                You might also make \topmargin smaller:
(fancyhdr)                \addtolength{\topmargin}{-2.0pt}.

[91]
pdfTeX warning (ext4): destination with the same identifier (name{pdf1.21.1}) has been already used, duplicate ignored
<to be read again> 
                   \relax 
l.1543 \pdfbookmark[1]{Proposition 1.21}{pdf1.21}
                                                 
File: Book01/fig21g.pdf Graphic file (type pdf)
<use Book01/fig21g.pdf>
Package pdftex.def Info: Book01/fig21g.pdf  used on input line 1562.
(pdftex.def)             Requested size: 331.23668pt x 189.70828pt.
File: Book01/fig21e.pdf Graphic file (type pdf)
<use Book01/fig21e.pdf>
Package pdftex.def Info: Book01/fig21e.pdf  used on input line 1600.
(pdftex.def)             Requested size: 331.23668pt x 188.70453pt.

Overfull \vbox (186.10825pt too high) detected at line 1626
 []


Overfull \vbox (185.10449pt too high) detected at line 1626
 []




Package fancyhdr Warning: \headheight is too small (12.0pt): 
(fancyhdr)                Make it at least 14.0pt, for example:
(fancyhdr)                \setlength{\headheight}{14.0pt}.
(fancyhdr)                You might also make \topmargin smaller:
(fancyhdr)                \addtolength{\topmargin}{-2.0pt}.

[92]
pdfTeX warning (ext4): destination with the same identifier (name{pdf1.22.1}) has been already used, duplicate ignored
<to be read again> 
                   \relax 
l.1631 \pdfbookmark[1]{Proposition 1.22}{pdf1.22}
                                                 
Underfull \hbox (badness 10000) in paragraph at lines 1639--1640

 []


Underfull \hbox (badness 10000) in paragraph at lines 1639--1640

 []

File: Book01/fig22g.pdf Graphic file (type pdf)
<use Book01/fig22g.pdf>
Package pdftex.def Info: Book01/fig22g.pdf  used on input line 1642.
(pdftex.def)             Requested size: 674.51836pt x 463.73135pt.
File: Book01/fig22e.pdf Graphic file (type pdf)
<use Book01/fig22e.pdf>
Package pdftex.def Info: Book01/fig22e.pdf  used on input line 1671.
(pdftex.def)             Requested size: 671.50711pt x 462.72762pt.

Overfull \vbox (460.13132pt too high) detected at line 1696
 []


Overfull \vbox (459.12758pt too high) detected at line 1696
 []




Package fancyhdr Warning: \headheight is too small (12.0pt): 
(fancyhdr)                Make it at least 14.0pt, for example:
(fancyhdr)                \setlength{\headheight}{14.0pt}.
(fancyhdr)                You might also make \topmargin smaller:
(fancyhdr)                \addtolength{\topmargin}{-2.0pt}.

[93]


Package fancyhdr Warning: \headheight is too small (12.0pt): 
(fancyhdr)                Make it at least 14.0pt, for example:
(fancyhdr)                \setlength{\headheight}{14.0pt}.
(fancyhdr)                You might also make \topmargin smaller:
(fancyhdr)                \addtolength{\topmargin}{-2.0pt}.

[94]
pdfTeX warning (ext4): destination with the same identifier (name{pdf1.23.1}) has been already used, duplicate ignored
<to be read again> 
                   \relax 
l.1701 \pdfbookmark[1]{Proposition 1.23}{pdf1.23}
                                                 
File: Book01/fig23g.pdf Graphic file (type pdf)
<use Book01/fig23g.pdf>
Package pdftex.def Info: Book01/fig23g.pdf  used on input line 1717.
(pdftex.def)             Requested size: 347.29665pt x 331.23668pt.

Underfull \hbox (badness 10000) in paragraph at lines 1738--1743

 []


Underfull \hbox (badness 10000) in paragraph at lines 1738--1743

 []

File: Book01/fig23e.pdf Graphic file (type pdf)
<use Book01/fig23e.pdf>
Package pdftex.def Info: Book01/fig23e.pdf  used on input line 1745.
(pdftex.def)             Requested size: 347.29665pt x 331.23668pt.

Overfull \vbox (327.63664pt too high) detected at line 1760
 []


Overfull \vbox (327.63664pt too high) detected at line 1760
 []




Package fancyhdr Warning: \headheight is too small (12.0pt): 
(fancyhdr)                Make it at least 14.0pt, for example:
(fancyhdr)                \setlength{\headheight}{14.0pt}.
(fancyhdr)                You might also make \topmargin smaller:
(fancyhdr)                \addtolength{\topmargin}{-2.0pt}.

[95]
pdfTeX warning (ext4): destination with the same identifier (name{pdf1.24.1}) has been already used, duplicate ignored
<to be read again> 
                   \relax 
l.1765 \pdfbookmark[1]{Proposition 1.24}{pdf1.24}
                                                 
Underfull \hbox (badness 10000) in paragraph at lines 1777--1778

 []

File: Book01/fig24g.pdf Graphic file (type pdf)
<use Book01/fig24g.pdf>
Package pdftex.def Info: Book01/fig24g.pdf  used on input line 1780.
(pdftex.def)             Requested size: 302.128pt x 298.11302pt.
File: Book01/fig24e.pdf Graphic file (type pdf)
<use Book01/fig24e.pdf>
Package pdftex.def Info: Book01/fig24e.pdf  used on input line 1810.
(pdftex.def)             Requested size: 298.11302pt x 297.10927pt.

Overfull \vbox (294.51299pt too high) detected at line 1825
 []


Overfull \vbox (293.50923pt too high) detected at line 1825
 []




Package fancyhdr Warning: \headheight is too small (12.0pt): 
(fancyhdr)                Make it at least 14.0pt, for example:
(fancyhdr)                \setlength{\headheight}{14.0pt}.
(fancyhdr)                You might also make \topmargin smaller:
(fancyhdr)                \addtolength{\topmargin}{-2.0pt}.

[96]
pdfTeX warning (ext4): destination with the same identifier (name{pdf1.25.1}) has been already used, duplicate ignored
<to be read again> 
                   \relax 
l.1830 \pdfbookmark[1]{Proposition 1.25}{pdf1.25}
                                                 
Underfull \hbox (badness 10000) in paragraph at lines 1842--1843

 []

File: Book01/fig25g.pdf Graphic file (type pdf)
<use Book01/fig25g.pdf>
Package pdftex.def Info: Book01/fig25g.pdf  used on input line 1845.
(pdftex.def)             Requested size: 269.00433pt x 269.00433pt.
File: Book01/fig25e.pdf Graphic file (type pdf)
<use Book01/fig25e.pdf>
Package pdftex.def Info: Book01/fig25e.pdf  used on input line 1869.
(pdftex.def)             Requested size: 265.99309pt x 268.00058pt.

Overfull \vbox (265.4043pt too high) detected at line 1874
 []


Overfull \vbox (264.40054pt too high) detected at line 1874
 []




Package fancyhdr Warning: \headheight is too small (12.0pt): 
(fancyhdr)                Make it at least 14.0pt, for example:
(fancyhdr)                \setlength{\headheight}{14.0pt}.
(fancyhdr)                You might also make \topmargin smaller:
(fancyhdr)                \addtolength{\topmargin}{-2.0pt}.

[97]
pdfTeX warning (ext4): destination with the same identifier (name{pdf1.26.1}) has been already used, duplicate ignored
<to be read again> 
                   \relax 
l.1879 \pdfbookmark[1]{Proposition 1.26}{pdf1.26}
                                                 
Underfull \hbox (badness 10000) in paragraph at lines 1899--1900

 []


Underfull \hbox (badness 10000) in paragraph at lines 1899--1900

 []

File: Book01/fig26g.pdf Graphic file (type pdf)
<use Book01/fig26g.pdf>
Package pdftex.def Info: Book01/fig26g.pdf  used on input line 1902.
(pdftex.def)             Requested size: 383.43156pt x 196.7345pt.
File: Book01/fig26e.pdf Graphic file (type pdf)
<use Book01/fig26e.pdf>
Package pdftex.def Info: Book01/fig26e.pdf  used on input line 1952.
(pdftex.def)             Requested size: 378.41283pt x 195.73076pt.

Overfull \vbox (192.13072pt too high) detected at line 1982
 []


Overfull \vbox (193.13446pt too high) detected at line 1982
 []




Package fancyhdr Warning: \headheight is too small (12.0pt): 
(fancyhdr)                Make it at least 14.0pt, for example:
(fancyhdr)                \setlength{\headheight}{14.0pt}.
(fancyhdr)                You might also make \topmargin smaller:
(fancyhdr)                \addtolength{\topmargin}{-2.0pt}.

[98]


Package fancyhdr Warning: \headheight is too small (12.0pt): 
(fancyhdr)                Make it at least 14.0pt, for example:
(fancyhdr)                \setlength{\headheight}{14.0pt}.
(fancyhdr)                You might also make \topmargin smaller:
(fancyhdr)                \addtolength{\topmargin}{-2.0pt}.

[99]
pdfTeX warning (ext4): destination with the same identifier (name{pdf1.27.1}) has been already used, duplicate ignored
<to be read again> 
                   \relax 
l.1988 \pdfbookmark[1]{Proposition 1.27}{pdf1.27}
                                                 
File: Book01/fig27g.pdf Graphic file (type pdf)
<use Book01/fig27g.pdf>
Package pdftex.def Info: Book01/fig27g.pdf  used on input line 1998.
(pdftex.def)             Requested size: 588.19606pt x 276.03056pt.
File: Book01/fig27e.pdf Graphic file (type pdf)
<use Book01/fig27e.pdf>
Package pdftex.def Info: Book01/fig27e.pdf  used on input line 2022.
(pdftex.def)             Requested size: 584.18106pt x 276.03056pt.

Overfull \vbox (272.43053pt too high) detected at line 2043
 []


Overfull \vbox (272.43053pt too high) detected at line 2043
 []




Package fancyhdr Warning: \headheight is too small (12.0pt): 
(fancyhdr)                Make it at least 14.0pt, for example:
(fancyhdr)                \setlength{\headheight}{14.0pt}.
(fancyhdr)                You might also make \topmargin smaller:
(fancyhdr)                \addtolength{\topmargin}{-2.0pt}.

[100]
pdfTeX warning (ext4): destination with the same identifier (name{pdf1.28.1}) has been already used, duplicate ignored
<to be read again> 
                   \relax 
l.2048 \pdfbookmark[1]{Proposition 1.28}{pdf1.28}
                                                 
Underfull \hbox (badness 10000) in paragraph at lines 2071--2072

 []


Underfull \hbox (badness 10000) in paragraph at lines 2071--2072

 []

File: Book01/fig28g.pdf Graphic file (type pdf)
<use Book01/fig28g.pdf>
Package pdftex.def Info: Book01/fig28g.pdf  used on input line 2074.
(pdftex.def)             Requested size: 387.44655pt x 332.24043pt.
File: Book01/fig28e.pdf Graphic file (type pdf)
<use Book01/fig28e.pdf>
Package pdftex.def Info: Book01/fig28e.pdf  used on input line 2107.
(pdftex.def)             Requested size: 387.44655pt x 332.24043pt.

Overfull \vbox (328.6404pt too high) detected at line 2114
 []


Overfull \vbox (328.6404pt too high) detected at line 2114
 []




Package fancyhdr Warning: \headheight is too small (12.0pt): 
(fancyhdr)                Make it at least 14.0pt, for example:
(fancyhdr)                \setlength{\headheight}{14.0pt}.
(fancyhdr)                You might also make \topmargin smaller:
(fancyhdr)                \addtolength{\topmargin}{-2.0pt}.

[101]
pdfTeX warning (ext4): destination with the same identifier (name{pdf1.29.1}) has been already used, duplicate ignored
<to be read again> 
                   \relax 
l.2119 \pdfbookmark[1]{Proposition 1.29}{pdf1.29}
                                                 
Underfull \hbox (badness 10000) in paragraph at lines 2129--2130

 []


Underfull \hbox (badness 10000) in paragraph at lines 2136--2137

 []


Underfull \hbox (badness 10000) in paragraph at lines 2136--2137

 []


Underfull \hbox (badness 10000) in paragraph at lines 2136--2137

 []

File: Book01/fig28g.pdf Graphic file (type pdf)
<use Book01/fig28g.pdf>
Package pdftex.def Info: Book01/fig28g.pdf  used on input line 2139.
(pdftex.def)             Requested size: 387.44655pt x 332.24043pt.
File: Book01/fig28e.pdf Graphic file (type pdf)
<use Book01/fig28e.pdf>
Package pdftex.def Info: Book01/fig28e.pdf  used on input line 2175.
(pdftex.def)             Requested size: 387.44655pt x 332.24043pt.

Overfull \vbox (328.6404pt too high) detected at line 2181
 []


Overfull \vbox (328.6404pt too high) detected at line 2181
 []




Package fancyhdr Warning: \headheight is too small (12.0pt): 
(fancyhdr)                Make it at least 14.0pt, for example:
(fancyhdr)                \setlength{\headheight}{14.0pt}.
(fancyhdr)                You might also make \topmargin smaller:
(fancyhdr)                \addtolength{\topmargin}{-2.0pt}.

[102]


Package fancyhdr Warning: \headheight is too small (12.0pt): 
(fancyhdr)                Make it at least 14.0pt, for example:
(fancyhdr)                \setlength{\headheight}{14.0pt}.
(fancyhdr)                You might also make \topmargin smaller:
(fancyhdr)                \addtolength{\topmargin}{-2.0pt}.

[103]
pdfTeX warning (ext4): destination with the same identifier (name{pdf1.30.1}) has been already used, duplicate ignored
<to be read again> 
                   \relax 
l.2186 \pdfbookmark[1]{Proposition 1.30}{pdf1.30}
                                                 
File: Book01/fig30g.pdf Graphic file (type pdf)
<use Book01/fig30g.pdf>
Package pdftex.def Info: Book01/fig30g.pdf  used on input line 2200.
(pdftex.def)             Requested size: 359.34161pt x 257.9631pt.
File: Book01/fig30e.pdf Graphic file (type pdf)
<use Book01/fig30e.pdf>
Package pdftex.def Info: Book01/fig30e.pdf  used on input line 2222.
(pdftex.def)             Requested size: 359.34161pt x 257.9631pt.

Overfull \vbox (254.36307pt too high) detected at line 2232
 []


Overfull \vbox (254.36307pt too high) detected at line 2232
 []




Package fancyhdr Warning: \headheight is too small (12.0pt): 
(fancyhdr)                Make it at least 14.0pt, for example:
(fancyhdr)                \setlength{\headheight}{14.0pt}.
(fancyhdr)                You might also make \topmargin smaller:
(fancyhdr)                \addtolength{\topmargin}{-2.0pt}.

[104]
pdfTeX warning (ext4): destination with the same identifier (name{pdf1.31.1}) has been already used, duplicate ignored
<to be read again> 
                   \relax 
l.2237 \pdfbookmark[1]{Proposition 1.31}{pdf1.31}
                                                 
Underfull \hbox (badness 10000) in paragraph at lines 2251--2252

 []

File: Book01/fig31g.pdf Graphic file (type pdf)
<use Book01/fig31g.pdf>
Package pdftex.def Info: Book01/fig31g.pdf  used on input line 2254.
(pdftex.def)             Requested size: 431.61143pt x 178.66705pt.
File: Book01/fig31e.pdf Graphic file (type pdf)
<use Book01/fig31e.pdf>
Package pdftex.def Info: Book01/fig31e.pdf  used on input line 2281.
(pdftex.def)             Requested size: 430.60768pt x 177.66331pt.

Overfull \vbox (175.06702pt too high) detected at line 2290
 []


Overfull \vbox (174.06328pt too high) detected at line 2290
 []




Package fancyhdr Warning: \headheight is too small (12.0pt): 
(fancyhdr)                Make it at least 14.0pt, for example:
(fancyhdr)                \setlength{\headheight}{14.0pt}.
(fancyhdr)                You might also make \topmargin smaller:
(fancyhdr)                \addtolength{\topmargin}{-2.0pt}.

[105]
pdfTeX warning (ext4): destination with the same identifier (name{pdf1.32.1}) has been already used, duplicate ignored
<to be read again> 
                   \relax 
l.2295 \pdfbookmark[1]{Proposition 1.32}{pdf1.32}
                                                 
Underfull \hbox (badness 10000) in paragraph at lines 2303--2304

 []

File: Book01/fig32g.pdf Graphic file (type pdf)
<use Book01/fig32g.pdf>
Package pdftex.def Info: Book01/fig32g.pdf  used on input line 2306.
(pdftex.def)             Requested size: 410.53275pt x 287.0718pt.
File: Book01/fig32e.pdf Graphic file (type pdf)
<use Book01/fig32e.pdf>
Package pdftex.def Info: Book01/fig32e.pdf  used on input line 2333.
(pdftex.def)             Requested size: 410.53275pt x 286.06805pt.

Overfull \vbox (283.47176pt too high) detected at line 2358
 []


Overfull \vbox (282.46802pt too high) detected at line 2358
 []




Package fancyhdr Warning: \headheight is too small (12.0pt): 
(fancyhdr)                Make it at least 14.0pt, for example:
(fancyhdr)                \setlength{\headheight}{14.0pt}.
(fancyhdr)                You might also make \topmargin smaller:
(fancyhdr)                \addtolength{\topmargin}{-2.0pt}.

[106]
pdfTeX warning (ext4): destination with the same identifier (name{pdf1.33.1}) has been already used, duplicate ignored
<to be read again> 
                   \relax 
l.2363 \pdfbookmark[1]{Proposition 1.33}{pdf1.33}
                                                 
File: Book01/fig33g.pdf Graphic file (type pdf)
<use Book01/fig33g.pdf>
Package pdftex.def Info: Book01/fig33g.pdf  used on input line 2375.
(pdftex.def)             Requested size: 333.24417pt x 191.71577pt.
File: Book01/fig33e.pdf Graphic file (type pdf)
<use Book01/fig33e.pdf>
Package pdftex.def Info: Book01/fig33e.pdf  used on input line 2401.
(pdftex.def)             Requested size: 331.23668pt x 190.71202pt.

Overfull \vbox (188.11574pt too high) detected at line 2418
 []


Overfull \vbox (187.11198pt too high) detected at line 2418
 []




Package fancyhdr Warning: \headheight is too small (12.0pt): 
(fancyhdr)                Make it at least 14.0pt, for example:
(fancyhdr)                \setlength{\headheight}{14.0pt}.
(fancyhdr)                You might also make \topmargin smaller:
(fancyhdr)                \addtolength{\topmargin}{-2.0pt}.

[107]
pdfTeX warning (ext4): destination with the same identifier (name{pdf1.34.1}) has been already used, duplicate ignored
<to be read again> 
                   \relax 
l.2425 \pdfbookmark[1]{Proposition 1.34}{pdf1.34}
                                                 
File: Book01/fig34g.pdf Graphic file (type pdf)
<use Book01/fig34g.pdf>
Package pdftex.def Info: Book01/fig34g.pdf  used on input line 2437.
(pdftex.def)             Requested size: 385.43906pt x 254.95186pt.

Underfull \hbox (badness 10000) in paragraph at lines 2457--2460

 []

File: Book01/fig34e.pdf Graphic file (type pdf)
<use Book01/fig34e.pdf>
Package pdftex.def Info: Book01/fig34e.pdf  used on input line 2462.
(pdftex.def)             Requested size: 384.4353pt x 253.94812pt.

Overfull \vbox (251.35182pt too high) detected at line 2489
 []


Overfull \vbox (250.34808pt too high) detected at line 2489
 []




Package fancyhdr Warning: \headheight is too small (12.0pt): 
(fancyhdr)                Make it at least 14.0pt, for example:
(fancyhdr)                \setlength{\headheight}{14.0pt}.
(fancyhdr)                You might also make \topmargin smaller:
(fancyhdr)                \addtolength{\topmargin}{-2.0pt}.

[108]
pdfTeX warning (ext4): destination with the same identifier (name{pdf1.35.1}) has been already used, duplicate ignored
<to be read again> 
                   \relax 
l.2498 \pdfbookmark[1]{Proposition 1.35}{pdf1.35}
                                                 
File: Book01/fig35g.pdf Graphic file (type pdf)
<use Book01/fig35g.pdf>
Package pdftex.def Info: Book01/fig35g.pdf  used on input line 2512.
(pdftex.def)             Requested size: 439.64142pt x 236.88441pt.
File: Book01/fig35e.pdf Graphic file (type pdf)
<use Book01/fig35e.pdf>
Package pdftex.def Info: Book01/fig35e.pdf  used on input line 2535.
(pdftex.def)             Requested size: 441.64891pt x 235.88068pt.

Overfull \vbox (233.28438pt too high) detected at line 2553
 []


Overfull \vbox (232.28064pt too high) detected at line 2553
 []




Package fancyhdr Warning: \headheight is too small (12.0pt): 
(fancyhdr)                Make it at least 14.0pt, for example:
(fancyhdr)                \setlength{\headheight}{14.0pt}.
(fancyhdr)                You might also make \topmargin smaller:
(fancyhdr)                \addtolength{\topmargin}{-2.0pt}.

[109]
pdfTeX warning (ext4): destination with the same identifier (name{pdf1.36.1}) has been already used, duplicate ignored
<to be read again> 
                   \relax 
l.2560 \pdfbookmark[1]{Proposition 1.36}{pdf1.36}
                                                 
File: Book01/fig36g.pdf Graphic file (type pdf)
<use Book01/fig36g.pdf>
Package pdftex.def Info: Book01/fig36g.pdf  used on input line 2572.
(pdftex.def)             Requested size: 430.60768pt x 227.8507pt.
File: Book01/fig36e.pdf Graphic file (type pdf)
<use Book01/fig36e.pdf>
Package pdftex.def Info: Book01/fig36e.pdf  used on input line 2594.
(pdftex.def)             Requested size: 425.58894pt x 226.84694pt.

Overfull \vbox (224.25066pt too high) detected at line 2607
 []


Overfull \vbox (223.2469pt too high) detected at line 2607
 []




Package fancyhdr Warning: \headheight is too small (12.0pt): 
(fancyhdr)                Make it at least 14.0pt, for example:
(fancyhdr)                \setlength{\headheight}{14.0pt}.
(fancyhdr)                You might also make \topmargin smaller:
(fancyhdr)                \addtolength{\topmargin}{-2.0pt}.

[110]
pdfTeX warning (ext4): destination with the same identifier (name{pdf1.37.1}) has been already used, duplicate ignored
<to be read again> 
                   \relax 
l.2612 \pdfbookmark[1]{Proposition 1.37}{pdf1.37}
                                                 
File: Book01/fig37g.pdf Graphic file (type pdf)
<use Book01/fig37g.pdf>
Package pdftex.def Info: Book01/fig37g.pdf  used on input line 2625.
(pdftex.def)             Requested size: 536.00119pt x 196.7345pt.
File: Book01/fig37e.pdf Graphic file (type pdf)
<use Book01/fig37e.pdf>
Package pdftex.def Info: Book01/fig37e.pdf  used on input line 2648.
(pdftex.def)             Requested size: 529.97868pt x 195.73076pt.

Overfull \vbox (193.13446pt too high) detected at line 2666
 []


Overfull \vbox (192.13072pt too high) detected at line 2666
 []




Package fancyhdr Warning: \headheight is too small (12.0pt): 
(fancyhdr)                Make it at least 14.0pt, for example:
(fancyhdr)                \setlength{\headheight}{14.0pt}.
(fancyhdr)                You might also make \topmargin smaller:
(fancyhdr)                \addtolength{\topmargin}{-2.0pt}.

[111]
pdfTeX warning (ext4): destination with the same identifier (name{pdf1.38.1}) has been already used, duplicate ignored
<to be read again> 
                   \relax 
l.2672 \pdfbookmark[1]{Proposition 1.38}{pdf1.38}
                                                 
File: Book01/fig38g.pdf Graphic file (type pdf)
<use Book01/fig38g.pdf>
Package pdftex.def Info: Book01/fig38g.pdf  used on input line 2686.
(pdftex.def)             Requested size: 458.71263pt x 214.80197pt.
File: Book01/fig38e.pdf Graphic file (type pdf)
<use Book01/fig38e.pdf>
Package pdftex.def Info: Book01/fig38e.pdf  used on input line 2707.
(pdftex.def)             Requested size: 455.70137pt x 213.79822pt.

Overfull \vbox (211.20193pt too high) detected at line 2722
 []


Overfull \vbox (210.19818pt too high) detected at line 2722
 []




Package fancyhdr Warning: \headheight is too small (12.0pt): 
(fancyhdr)                Make it at least 14.0pt, for example:
(fancyhdr)                \setlength{\headheight}{14.0pt}.
(fancyhdr)                You might also make \topmargin smaller:
(fancyhdr)                \addtolength{\topmargin}{-2.0pt}.

[112]
pdfTeX warning (ext4): destination with the same identifier (name{pdf1.39.1}) has been already used, duplicate ignored
<to be read again> 
                   \relax 
l.2727 \pdfbookmark[1]{Proposition 1.39}{pdf1.39}
                                                 
File: Book01/fig39g.pdf Graphic file (type pdf)
<use Book01/fig39g.pdf>
Package pdftex.def Info: Book01/fig39g.pdf  used on input line 2743.
(pdftex.def)             Requested size: 332.24043pt x 188.70453pt.
File: Book01/fig39e.pdf Graphic file (type pdf)
<use Book01/fig39e.pdf>
Package pdftex.def Info: Book01/fig39e.pdf  used on input line 2769.
(pdftex.def)             Requested size: 329.22919pt x 187.70079pt.

Overfull \vbox (185.10449pt too high) detected at line 2773
 []


Overfull \vbox (184.10075pt too high) detected at line 2773
 []




Package fancyhdr Warning: \headheight is too small (12.0pt): 
(fancyhdr)                Make it at least 14.0pt, for example:
(fancyhdr)                \setlength{\headheight}{14.0pt}.
(fancyhdr)                You might also make \topmargin smaller:
(fancyhdr)                \addtolength{\topmargin}{-2.0pt}.

[113]
pdfTeX warning (ext4): destination with the same identifier (name{pdf1.40.1}) has been already used, duplicate ignored
<to be read again> 
                   \relax 
l.2778 \pdfbookmark[1]{Proposition 1.40}{pdf1.40}
                                                 
File: Book01/fig40g.pdf Graphic file (type pdf)
<use Book01/fig40g.pdf>
Package pdftex.def Info: Book01/fig40g.pdf  used on input line 2790.
(pdftex.def)             Requested size: 387.44655pt x 200.7495pt.
File: Book01/fig40e.pdf Graphic file (type pdf)
<use Book01/fig40e.pdf>
Package pdftex.def Info: Book01/fig40e.pdf  used on input line 2815.
(pdftex.def)             Requested size: 385.43906pt x 199.74576pt.

Overfull \vbox (197.14946pt too high) detected at line 2830
 []


Overfull \vbox (196.14572pt too high) detected at line 2830
 []




Package fancyhdr Warning: \headheight is too small (12.0pt): 
(fancyhdr)                Make it at least 14.0pt, for example:
(fancyhdr)                \setlength{\headheight}{14.0pt}.
(fancyhdr)                You might also make \topmargin smaller:
(fancyhdr)                \addtolength{\topmargin}{-2.0pt}.

[114]
Underfull \hbox (badness 10000) in paragraph at lines 2831--2833

 []


pdfTeX warning (ext4): destination with the same identifier (name{pdf1.41.1}) has been already used, duplicate ignored
<to be read again> 
                   \relax 
l.2837 \pdfbookmark[1]{Proposition 1.41}{pdf1.41}
                                                 
File: Book01/fig41g.pdf Graphic file (type pdf)
<use Book01/fig41g.pdf>
Package pdftex.def Info: Book01/fig41g.pdf  used on input line 2850.
(pdftex.def)             Requested size: 418.56271pt x 263.9856pt.
File: Book01/fig41e.pdf Graphic file (type pdf)
<use Book01/fig41e.pdf>
Package pdftex.def Info: Book01/fig41e.pdf  used on input line 2871.
(pdftex.def)             Requested size: 419.56647pt x 262.98184pt.

Overfull \vbox (260.38556pt too high) detected at line 2883
 []


Overfull \vbox (259.3818pt too high) detected at line 2883
 []


pdfTeX warning (ext4): destination with the same identifier (name{pdf1.42.1}) has been already used, duplicate ignored
<to be read again> 
                   \relax 
l.2888 \pdfbookmark[1]{Proposition 1.42}{pdf1.42}
                                                 
File: Book01/fig42g.pdf Graphic file (type pdf)
<use Book01/fig42g.pdf>
Package pdftex.def Info: Book01/fig42g.pdf  used on input line 2904.
(pdftex.def)             Requested size: 512.915pt x 311.16174pt.
File: Book01/fig42e.pdf Graphic file (type pdf)
<use Book01/fig42e.pdf>
Package pdftex.def Info: Book01/fig42e.pdf  used on input line 2932.
(pdftex.def)             Requested size: 507.89627pt x 311.16174pt.

Overfull \vbox (307.5617pt too high) detected at line 2937
 []


Overfull \vbox (307.5617pt too high) detected at line 2937
 []




Package fancyhdr Warning: \headheight is too small (12.0pt): 
(fancyhdr)                Make it at least 14.0pt, for example:
(fancyhdr)                \setlength{\headheight}{14.0pt}.
(fancyhdr)                You might also make \topmargin smaller:
(fancyhdr)                \addtolength{\topmargin}{-2.0pt}.

[115]
pdfTeX warning (ext4): destination with the same identifier (name{pdf1.43.1}) has been already used, duplicate ignored
<to be read again> 
                   \relax 
l.2942 \pdfbookmark[1]{Proposition 1.43}{pdf1.43}
                                                 
File: Book01/fig43g.pdf Graphic file (type pdf)
<use Book01/fig43g.pdf>
Package pdftex.def Info: Book01/fig43g.pdf  used on input line 2956.
(pdftex.def)             Requested size: 385.43906pt x 227.8507pt.
File: Book01/fig43e.pdf Graphic file (type pdf)
<use Book01/fig43e.pdf>
Package pdftex.def Info: Book01/fig43e.pdf  used on input line 2979.
(pdftex.def)             Requested size: 386.44281pt x 226.84694pt.

Overfull \vbox (224.25066pt too high) detected at line 2994
 []


Overfull \vbox (223.2469pt too high) detected at line 2994
 []




Package fancyhdr Warning: \headheight is too small (12.0pt): 
(fancyhdr)                Make it at least 14.0pt, for example:
(fancyhdr)                \setlength{\headheight}{14.0pt}.
(fancyhdr)                You might also make \topmargin smaller:
(fancyhdr)                \addtolength{\topmargin}{-2.0pt}.

[116]
pdfTeX warning (ext4): destination with the same identifier (name{pdf1.44.1}) has been already used, duplicate ignored
<to be read again> 
                   \relax 
l.2999 \pdfbookmark[1]{Proposition 1.44}{pdf1.44}
                                                 
File: Book01/fig44g.pdf Graphic file (type pdf)
<use Book01/fig44g.pdf>
Package pdftex.def Info: Book01/fig44g.pdf  used on input line 3012.
(pdftex.def)             Requested size: 291.08678pt x 423.58147pt.
File: Book01/fig44e.pdf Graphic file (type pdf)
<use Book01/fig44e.pdf>
Package pdftex.def Info: Book01/fig44e.pdf  used on input line 3037.
(pdftex.def)             Requested size: 290.08304pt x 423.58147pt.

Overfull \vbox (419.98143pt too high) detected at line 3061
 []


Overfull \vbox (419.98143pt too high) detected at line 3061
 []




Package fancyhdr Warning: \headheight is too small (12.0pt): 
(fancyhdr)                Make it at least 14.0pt, for example:
(fancyhdr)                \setlength{\headheight}{14.0pt}.
(fancyhdr)                You might also make \topmargin smaller:
(fancyhdr)                \addtolength{\topmargin}{-2.0pt}.

[117]


Package fancyhdr Warning: \headheight is too small (12.0pt): 
(fancyhdr)                Make it at least 14.0pt, for example:
(fancyhdr)                \setlength{\headheight}{14.0pt}.
(fancyhdr)                You might also make \topmargin smaller:
(fancyhdr)                \addtolength{\topmargin}{-2.0pt}.

[118]


Package fancyhdr Warning: \headheight is too small (12.0pt): 
(fancyhdr)                Make it at least 14.0pt, for example:
(fancyhdr)                \setlength{\headheight}{14.0pt}.
(fancyhdr)                You might also make \topmargin smaller:
(fancyhdr)                \addtolength{\topmargin}{-2.0pt}.

[119]
pdfTeX warning (ext4): destination with the same identifier (name{pdf1.45.1}) has been already used, duplicate ignored
<to be read again> 
                   \relax 
l.3067 \pdfbookmark[1]{Proposition 1.45}{pdf1.45}
                                                 
File: Book01/fig45g.pdf Graphic file (type pdf)
<use Book01/fig45g.pdf>
Package pdftex.def Info: Book01/fig45g.pdf  used on input line 3081.
(pdftex.def)             Requested size: 302.128pt x 417.55896pt.
File: Book01/fig45e.pdf Graphic file (type pdf)
<use Book01/fig45e.pdf>
Package pdftex.def Info: Book01/fig45e.pdf  used on input line 3114.
(pdftex.def)             Requested size: 302.128pt x 416.55522pt.

Overfull \vbox (413.95892pt too high) detected at line 3146
 []


Overfull \vbox (412.95518pt too high) detected at line 3146
 []




Package fancyhdr Warning: \headheight is too small (12.0pt): 
(fancyhdr)                Make it at least 14.0pt, for example:
(fancyhdr)                \setlength{\headheight}{14.0pt}.
(fancyhdr)                You might also make \topmargin smaller:
(fancyhdr)                \addtolength{\topmargin}{-2.0pt}.

[120]


Package fancyhdr Warning: \headheight is too small (12.0pt): 
(fancyhdr)                Make it at least 14.0pt, for example:
(fancyhdr)                \setlength{\headheight}{14.0pt}.
(fancyhdr)                You might also make \topmargin smaller:
(fancyhdr)                \addtolength{\topmargin}{-2.0pt}.

[121]
pdfTeX warning (ext4): destination with the same identifier (name{pdf1.46.1}) has been already used, duplicate ignored
<to be read again> 
                   \relax 
l.3153 \pdfbookmark[1]{Proposition 1.46}{pdf1.46}
                                                 
File: Book01/fig46g.pdf Graphic file (type pdf)
<use Book01/fig46g.pdf>
Package pdftex.def Info: Book01/fig46g.pdf  used on input line 3165.
(pdftex.def)             Requested size: 147.55087pt x 317.1842pt.
File: Book01/fig46e.pdf Graphic file (type pdf)
<use Book01/fig46e.pdf>
Package pdftex.def Info: Book01/fig46e.pdf  used on input line 3184.
(pdftex.def)             Requested size: 144.53963pt x 317.1842pt.

Overfull \vbox (313.58417pt too high) detected at line 3201
 []


Overfull \vbox (313.58417pt too high) detected at line 3201
 []




Package fancyhdr Warning: \headheight is too small (12.0pt): 
(fancyhdr)                Make it at least 14.0pt, for example:
(fancyhdr)                \setlength{\headheight}{14.0pt}.
(fancyhdr)                You might also make \topmargin smaller:
(fancyhdr)                \addtolength{\topmargin}{-2.0pt}.

[122]
pdfTeX warning (ext4): destination with the same identifier (name{pdf1.47.1}) has been already used, duplicate ignored
<to be read again> 
                   \relax 
l.3206 \pdfbookmark[1]{Proposition 1.47}{pdf1.47}
                                                 
File: Book01/fig47g.pdf Graphic file (type pdf)
<use Book01/fig47g.pdf>
Package pdftex.def Info: Book01/fig47g.pdf  used on input line 3219.
(pdftex.def)             Requested size: 422.57771pt x 502.87752pt.
File: Book01/fig47e.pdf Graphic file (type pdf)
<use Book01/fig47e.pdf>
Package pdftex.def Info: Book01/fig47e.pdf  used on input line 3241.
(pdftex.def)             Requested size: 399.49152pt x 478.78758pt.

Overfull \vbox (499.27748pt too high) detected at line 3269
 []


Overfull \vbox (475.18755pt too high) detected at line 3269
 []




Package fancyhdr Warning: \headheight is too small (12.0pt): 
(fancyhdr)                Make it at least 14.0pt, for example:
(fancyhdr)                \setlength{\headheight}{14.0pt}.
(fancyhdr)                You might also make \topmargin smaller:
(fancyhdr)                \addtolength{\topmargin}{-2.0pt}.

[123]


Package fancyhdr Warning: \headheight is too small (12.0pt): 
(fancyhdr)                Make it at least 14.0pt, for example:
(fancyhdr)                \setlength{\headheight}{14.0pt}.
(fancyhdr)                You might also make \topmargin smaller:
(fancyhdr)                \addtolength{\topmargin}{-2.0pt}.

[124]
pdfTeX warning (ext4): destination with the same identifier (name{pdf1.48.1}) has been already used, duplicate ignored
<to be read again> 
                   \relax 
l.3277 \pdfbookmark[1]{Proposition 1.48}{pdf1.48}
                                                 
File: Book01/fig48g.pdf Graphic file (type pdf)
<use Book01/fig48g.pdf>
Package pdftex.def Info: Book01/fig48g.pdf  used on input line 3289.
(pdftex.def)             Requested size: 235.88068pt x 299.11676pt.
File: Book01/fig48e.pdf Graphic file (type pdf)
<use Book01/fig48e.pdf>
Package pdftex.def Info: Book01/fig48e.pdf  used on input line 3310.
(pdftex.def)             Requested size: 233.87315pt x 299.11676pt.

Overfull \vbox (295.51672pt too high) detected at line 3329
 []


Overfull \vbox (295.51672pt too high) detected at line 3329
 []




Package fancyhdr Warning: \headheight is too small (12.0pt): 
(fancyhdr)                Make it at least 14.0pt, for example:
(fancyhdr)                \setlength{\headheight}{14.0pt}.
(fancyhdr)                You might also make \topmargin smaller:
(fancyhdr)                \addtolength{\topmargin}{-2.0pt}.

[125])
/Users/phoneee/proj/euclid/Elements/Elements.tex:89: Extra \fi.
\@include ...g \begin {document}}\@input@ {#1}\fi 
                                                  
l.89 \include{Book01/Book1}
                           
I'm ignoring this; it doesn't match any \if.

/Users/phoneee/proj/euclid/Elements/Elements.tex:89: Extra \fi.
\include ...clude \expandafter {\@curr@file } \fi 
                                                  
l.89 \include{Book01/Book1}
                           
I'm ignoring this; it doesn't match any \if.




Package fancyhdr Warning: \headheight is too small (12.0pt): 
(fancyhdr)                Make it at least 14.0pt, for example:
(fancyhdr)                \setlength{\headheight}{14.0pt}.
(fancyhdr)                You might also make \topmargin smaller:
(fancyhdr)                \addtolength{\topmargin}{-2.0pt}.

[126]
\openout2 = `Book02/Book2.aux'.

 (./Book02/Book2.tex

[127

]
Underfull \hbox (badness 10000) in paragraph at lines 61--62

 []

<Book02/fig01g.pdf, id=1262, 367.3725pt x 273.02pt>
File: Book02/fig01g.pdf Graphic file (type pdf)
<use Book02/fig01g.pdf>
Package pdftex.def Info: Book02/fig01g.pdf  used on input line 64.
(pdftex.def)             Requested size: 367.37158pt x 273.01933pt.
<Book02/fig01e.pdf, id=1263, 365.365pt x 272.01625pt>
File: Book02/fig01e.pdf Graphic file (type pdf)
<use Book02/fig01e.pdf>
Package pdftex.def Info: Book02/fig01e.pdf  used on input line 86.
(pdftex.def)             Requested size: 365.3641pt x 272.01558pt.

Overfull \vbox (269.4193pt too high) detected at line 108
 []


Overfull \vbox (268.41554pt too high) detected at line 108
 []




Package fancyhdr Warning: \headheight is too small (12.0pt): 
(fancyhdr)                Make it at least 14.0pt, for example:
(fancyhdr)                \setlength{\headheight}{14.0pt}.
(fancyhdr)                You might also make \topmargin smaller:
(fancyhdr)                \addtolength{\topmargin}{-2.0pt}.

[128 <./Book02/fig01g.pdf> <./Book02/fig01e.pdf>]
Underfull \hbox (badness 10000) in paragraph at lines 122--123

 []

<Book02/fig02g.pdf, id=1282, 219.82124pt x 250.9375pt>
File: Book02/fig02g.pdf Graphic file (type pdf)
<use Book02/fig02g.pdf>
Package pdftex.def Info: Book02/fig02g.pdf  used on input line 125.
(pdftex.def)             Requested size: 219.8207pt x 250.93687pt.
<Book02/fig02e.pdf, id=1283, 215.80624pt x 249.93375pt>
File: Book02/fig02e.pdf Graphic file (type pdf)
<use Book02/fig02e.pdf>
Package pdftex.def Info: Book02/fig02e.pdf  used on input line 146.
(pdftex.def)             Requested size: 215.80571pt x 249.93314pt.

Overfull \vbox (247.33684pt too high) detected at line 162
 []


Overfull \vbox (246.3331pt too high) detected at line 162
 []




Package fancyhdr Warning: \headheight is too small (12.0pt): 
(fancyhdr)                Make it at least 14.0pt, for example:
(fancyhdr)                \setlength{\headheight}{14.0pt}.
(fancyhdr)                You might also make \topmargin smaller:
(fancyhdr)                \addtolength{\topmargin}{-2.0pt}.

[129 <./Book02/fig02g.pdf> <./Book02/fig02e.pdf>]
<Book02/fig03g.pdf, id=1301, 292.09125pt x 227.85126pt>
File: Book02/fig03g.pdf Graphic file (type pdf)
<use Book02/fig03g.pdf>
Package pdftex.def Info: Book02/fig03g.pdf  used on input line 179.
(pdftex.def)             Requested size: 292.09052pt x 227.8507pt.
<Book02/fig03e.pdf, id=1302, 289.08pt x 226.8475pt>
File: Book02/fig03e.pdf Graphic file (type pdf)
<use Book02/fig03e.pdf>
Package pdftex.def Info: Book02/fig03e.pdf  used on input line 201.
(pdftex.def)             Requested size: 289.07928pt x 226.84694pt.

Overfull \vbox (224.25066pt too high) detected at line 223
 []


Overfull \vbox (223.2469pt too high) detected at line 223
 []




Package fancyhdr Warning: \headheight is too small (12.0pt): 
(fancyhdr)                Make it at least 14.0pt, for example:
(fancyhdr)                \setlength{\headheight}{14.0pt}.
(fancyhdr)                You might also make \topmargin smaller:
(fancyhdr)                \addtolength{\topmargin}{-2.0pt}.

[130 <./Book02/fig03g.pdf> <./Book02/fig03e.pdf>]
Underfull \hbox (badness 10000) in paragraph at lines 246--247

 []


Underfull \hbox (badness 10000) in paragraph at lines 246--247

 []


Underfull \hbox (badness 10000) in paragraph at lines 246--247

 []


Underfull \hbox (badness 10000) in paragraph at lines 246--247

 []


Underfull \hbox (badness 10000) in paragraph at lines 246--247

 []

<Book02/fig04g.pdf, id=1320, 290.08376pt x 282.05376pt>
File: Book02/fig04g.pdf Graphic file (type pdf)
<use Book02/fig04g.pdf>
Package pdftex.def Info: Book02/fig04g.pdf  used on input line 249.
(pdftex.def)             Requested size: 290.08304pt x 282.05305pt.
<Book02/fig04e.pdf, id=1321, 282.05376pt x 281.05pt>
File: Book02/fig04e.pdf Graphic file (type pdf)
<use Book02/fig04e.pdf>
Package pdftex.def Info: Book02/fig04e.pdf  used on input line 293.
(pdftex.def)             Requested size: 282.05305pt x 281.0493pt.

Overfull \vbox (278.45302pt too high) detected at line 299
 []


Overfull \vbox (277.44926pt too high) detected at line 299
 []




Package fancyhdr Warning: \headheight is too small (12.0pt): 
(fancyhdr)                Make it at least 14.0pt, for example:
(fancyhdr)                \setlength{\headheight}{14.0pt}.
(fancyhdr)                You might also make \topmargin smaller:
(fancyhdr)                \addtolength{\topmargin}{-2.0pt}.

[131]
Underfull \hbox (badness 10000) in paragraph at lines 314--315

 []

<Book02/fig05g.pdf, id=1328, 400.49625pt x 227.85126pt>
File: Book02/fig05g.pdf Graphic file (type pdf)
<use Book02/fig05g.pdf>
Package pdftex.def Info: Book02/fig05g.pdf  used on input line 317.
(pdftex.def)             Requested size: 400.49527pt x 227.8507pt.
<Book02/fig05e.pdf, id=1329, 398.48875pt x 226.8475pt>
File: Book02/fig05e.pdf Graphic file (type pdf)
<use Book02/fig05e.pdf>
Package pdftex.def Info: Book02/fig05e.pdf  used on input line 340.
(pdftex.def)             Requested size: 398.48778pt x 226.84694pt.

Overfull \vbox (224.25066pt too high) detected at line 369
 []


Overfull \vbox (223.2469pt too high) detected at line 369
 []




Package fancyhdr Warning: \headheight is too small (12.0pt): 
(fancyhdr)                Make it at least 14.0pt, for example:
(fancyhdr)                \setlength{\headheight}{14.0pt}.
(fancyhdr)                You might also make \topmargin smaller:
(fancyhdr)                \addtolength{\topmargin}{-2.0pt}.

[132 <./Book02/fig04g.pdf> <./Book02/fig04e.pdf>]


Package fancyhdr Warning: \headheight is too small (12.0pt): 
(fancyhdr)                Make it at least 14.0pt, for example:
(fancyhdr)                \setlength{\headheight}{14.0pt}.
(fancyhdr)                You might also make \topmargin smaller:
(fancyhdr)                \addtolength{\topmargin}{-2.0pt}.

[133 <./Book02/fig05g.pdf> <./Book02/fig05e.pdf>]
Underfull \hbox (badness 10000) in paragraph at lines 384--385

 []


Underfull \hbox (badness 10000) in paragraph at lines 384--385

 []

<Book02/fig06g.pdf, id=1364, 310.15875pt x 209.78375pt>
File: Book02/fig06g.pdf Graphic file (type pdf)
<use Book02/fig06g.pdf>
Package pdftex.def Info: Book02/fig06g.pdf  used on input line 387.
(pdftex.def)             Requested size: 310.15799pt x 209.78322pt.
<Book02/fig06e.pdf, id=1365, 308.15125pt x 208.78pt>
File: Book02/fig06e.pdf Graphic file (type pdf)
<use Book02/fig06e.pdf>
Package pdftex.def Info: Book02/fig06e.pdf  used on input line 412.
(pdftex.def)             Requested size: 308.15048pt x 208.77946pt.

Overfull \vbox (206.18318pt too high) detected at line 439
 []


Overfull \vbox (205.17943pt too high) detected at line 439
 []




Package fancyhdr Warning: \headheight is too small (12.0pt): 
(fancyhdr)                Make it at least 14.0pt, for example:
(fancyhdr)                \setlength{\headheight}{14.0pt}.
(fancyhdr)                You might also make \topmargin smaller:
(fancyhdr)                \addtolength{\topmargin}{-2.0pt}.

[134 <./Book02/fig06g.pdf> <./Book02/fig06e.pdf>]
<Book02/fig07g.pdf, id=1384, 287.0725pt x 283.0575pt>
File: Book02/fig07g.pdf Graphic file (type pdf)
<use Book02/fig07g.pdf>
Package pdftex.def Info: Book02/fig07g.pdf  used on input line 456.
(pdftex.def)             Requested size: 287.0718pt x 283.0568pt.
<Book02/fig07e.pdf, id=1385, 279.0425pt x 281.05pt>
File: Book02/fig07e.pdf Graphic file (type pdf)
<use Book02/fig07e.pdf>
Package pdftex.def Info: Book02/fig07e.pdf  used on input line 486.
(pdftex.def)             Requested size: 279.04181pt x 281.0493pt.

Overfull \vbox (279.45676pt too high) detected at line 518
 []


Overfull \vbox (277.44926pt too high) detected at line 518
 []




Package fancyhdr Warning: \headheight is too small (12.0pt): 
(fancyhdr)                Make it at least 14.0pt, for example:
(fancyhdr)                \setlength{\headheight}{14.0pt}.
(fancyhdr)                You might also make \topmargin smaller:
(fancyhdr)                \addtolength{\topmargin}{-2.0pt}.

[135 <./Book02/fig07g.pdf> <./Book02/fig07e.pdf>]
Underfull \hbox (badness 10000) in paragraph at lines 536--537

 []

<Book02/fig08g.pdf, id=1403, 381.425pt x 372.39125pt>
File: Book02/fig08g.pdf Graphic file (type pdf)
<use Book02/fig08g.pdf>
Package pdftex.def Info: Book02/fig08g.pdf  used on input line 539.
(pdftex.def)             Requested size: 381.42406pt x 372.39034pt.
<Book02/fig08e.pdf, id=1404, 372.39125pt x 371.3875pt>
File: Book02/fig08e.pdf Graphic file (type pdf)
<use Book02/fig08e.pdf>
Package pdftex.def Info: Book02/fig08e.pdf  used on input line 575.
(pdftex.def)             Requested size: 372.39034pt x 371.38658pt.

Overfull \vbox (368.7903pt too high) detected at line 616
 []


Overfull \vbox (367.78654pt too high) detected at line 616
 []




Package fancyhdr Warning: \headheight is too small (12.0pt): 
(fancyhdr)                Make it at least 14.0pt, for example:
(fancyhdr)                \setlength{\headheight}{14.0pt}.
(fancyhdr)                You might also make \topmargin smaller:
(fancyhdr)                \addtolength{\topmargin}{-2.0pt}.

[136]


Package fancyhdr Warning: \headheight is too small (12.0pt): 
(fancyhdr)                Make it at least 14.0pt, for example:
(fancyhdr)                \setlength{\headheight}{14.0pt}.
(fancyhdr)                You might also make \topmargin smaller:
(fancyhdr)                \addtolength{\topmargin}{-2.0pt}.

[137 <./Book02/fig08g.pdf> <./Book02/fig08e.pdf>]
Underfull \hbox (badness 10000) in paragraph at lines 647--648

 []


Underfull \hbox (badness 10000) in paragraph at lines 647--648

 []


Underfull \hbox (badness 10000) in paragraph at lines 647--648

 []


Underfull \hbox (badness 10000) in paragraph at lines 647--648

 []


Underfull \hbox (badness 10000) in paragraph at lines 647--648

 []


Underfull \hbox (badness 10000) in paragraph at lines 647--648

 []


Underfull \hbox (badness 10000) in paragraph at lines 647--648

 []


Underfull \hbox (badness 10000) in paragraph at lines 647--648

 []


Underfull \hbox (badness 10000) in paragraph at lines 647--648

 []

<Book02/fig09g.pdf, id=1426, 344.28625pt x 208.78pt>
File: Book02/fig09g.pdf Graphic file (type pdf)
<use Book02/fig09g.pdf>
Package pdftex.def Info: Book02/fig09g.pdf  used on input line 650.
(pdftex.def)             Requested size: 344.2854pt x 208.77946pt.
<Book02/fig09e.pdf, id=1427, 347.2975pt x 208.78pt>
File: Book02/fig09e.pdf Graphic file (type pdf)
<use Book02/fig09e.pdf>
Package pdftex.def Info: Book02/fig09e.pdf  used on input line 709.
(pdftex.def)             Requested size: 347.29665pt x 208.77946pt.

Overfull \vbox (205.17943pt too high) detected at line 714
 []


Overfull \vbox (205.17943pt too high) detected at line 714
 []




Package fancyhdr Warning: \headheight is too small (12.0pt): 
(fancyhdr)                Make it at least 14.0pt, for example:
(fancyhdr)                \setlength{\headheight}{14.0pt}.
(fancyhdr)                You might also make \topmargin smaller:
(fancyhdr)                \addtolength{\topmargin}{-2.0pt}.

[138]


Package fancyhdr Warning: \headheight is too small (12.0pt): 
(fancyhdr)                Make it at least 14.0pt, for example:
(fancyhdr)                \setlength{\headheight}{14.0pt}.
(fancyhdr)                You might also make \topmargin smaller:
(fancyhdr)                \addtolength{\topmargin}{-2.0pt}.

[139]
Underfull \hbox (badness 10000) in paragraph at lines 729--730

 []


Underfull \hbox (badness 10000) in paragraph at lines 729--730

 []

<Book02/fig10g.pdf, id=1438, 358.33875pt x 245.91875pt>
File: Book02/fig10g.pdf Graphic file (type pdf)
<use Book02/fig10g.pdf>
Package pdftex.def Info: Book02/fig10g.pdf  used on input line 732.
(pdftex.def)             Requested size: 358.33788pt x 245.91814pt.
<Book02/fig10e.pdf, id=1439, 364.36125pt x 235.88126pt>
File: Book02/fig10e.pdf Graphic file (type pdf)
<use Book02/fig10e.pdf>
Package pdftex.def Info: Book02/fig10e.pdf  used on input line 773.
(pdftex.def)             Requested size: 364.36035pt x 235.88068pt.

Overfull \vbox (242.3181pt too high) detected at line 830
 []


Overfull \vbox (232.28064pt too high) detected at line 830
 []




Package fancyhdr Warning: \headheight is too small (12.0pt): 
(fancyhdr)                Make it at least 14.0pt, for example:
(fancyhdr)                \setlength{\headheight}{14.0pt}.
(fancyhdr)                You might also make \topmargin smaller:
(fancyhdr)                \addtolength{\topmargin}{-2.0pt}.

[140 <./Book02/fig09g.pdf> <./Book02/fig09e.pdf>]


Package fancyhdr Warning: \headheight is too small (12.0pt): 
(fancyhdr)                Make it at least 14.0pt, for example:
(fancyhdr)                \setlength{\headheight}{14.0pt}.
(fancyhdr)                You might also make \topmargin smaller:
(fancyhdr)                \addtolength{\topmargin}{-2.0pt}.

[141 <./Book02/fig10g.pdf> <./Book02/fig10e.pdf>]
Underfull \hbox (badness 10000) in paragraph at lines 849--850

 []

<Book02/fig11g.pdf, id=1475, 249.93375pt x 390.45876pt>
File: Book02/fig11g.pdf Graphic file (type pdf)
<use Book02/fig11g.pdf>
Package pdftex.def Info: Book02/fig11g.pdf  used on input line 852.
(pdftex.def)             Requested size: 249.93314pt x 390.4578pt.
<Book02/fig11e.pdf, id=1476, 257.96375pt x 389.455pt>
File: Book02/fig11e.pdf Graphic file (type pdf)
<use Book02/fig11e.pdf>
Package pdftex.def Info: Book02/fig11e.pdf  used on input line 882.
(pdftex.def)             Requested size: 257.9631pt x 389.45404pt.

Overfull \vbox (385.854pt too high) detected at line 913
 []


Overfull \vbox (386.85776pt too high) detected at line 913
 []




Package fancyhdr Warning: \headheight is too small (12.0pt): 
(fancyhdr)                Make it at least 14.0pt, for example:
(fancyhdr)                \setlength{\headheight}{14.0pt}.
(fancyhdr)                You might also make \topmargin smaller:
(fancyhdr)                \addtolength{\topmargin}{-2.0pt}.

[142]


Package fancyhdr Warning: \headheight is too small (12.0pt): 
(fancyhdr)                Make it at least 14.0pt, for example:
(fancyhdr)                \setlength{\headheight}{14.0pt}.
(fancyhdr)                You might also make \topmargin smaller:
(fancyhdr)                \addtolength{\topmargin}{-2.0pt}.

[143 <./Book02/fig11e.pdf>]


Package fancyhdr Warning: \headheight is too small (12.0pt): 
(fancyhdr)                Make it at least 14.0pt, for example:
(fancyhdr)                \setlength{\headheight}{14.0pt}.
(fancyhdr)                You might also make \topmargin smaller:
(fancyhdr)                \addtolength{\topmargin}{-2.0pt}.

[144 <./Book02/fig11g.pdf>]
Underfull \hbox (badness 10000) in paragraph at lines 938--939

 []

<Book02/fig12g.pdf, id=1502, 348.30125pt x 209.78375pt>
File: Book02/fig12g.pdf Graphic file (type pdf)
<use Book02/fig12g.pdf>
Package pdftex.def Info: Book02/fig12g.pdf  used on input line 941.
(pdftex.def)             Requested size: 348.3004pt x 209.78322pt.
<Book02/fig12e.pdf, id=1503, 349.305pt x 208.78pt>
File: Book02/fig12e.pdf Graphic file (type pdf)
<use Book02/fig12e.pdf>
Package pdftex.def Info: Book02/fig12e.pdf  used on input line 980.
(pdftex.def)             Requested size: 349.30414pt x 208.77946pt.

Overfull \vbox (206.18318pt too high) detected at line 1002
 []


Overfull \vbox (205.17943pt too high) detected at line 1002
 []




Package fancyhdr Warning: \headheight is too small (12.0pt): 
(fancyhdr)                Make it at least 14.0pt, for example:
(fancyhdr)                \setlength{\headheight}{14.0pt}.
(fancyhdr)                You might also make \topmargin smaller:
(fancyhdr)                \addtolength{\topmargin}{-2.0pt}.

[145 <./Book02/fig12g.pdf> <./Book02/fig12e.pdf>]
Underfull \hbox (badness 10000) in paragraph at lines 1021--1022

 []

<Book02/fig13g.pdf, id=1522, 262.9825pt x 263.98625pt>
File: Book02/fig13g.pdf Graphic file (type pdf)
<use Book02/fig13g.pdf>
Package pdftex.def Info: Book02/fig13g.pdf  used on input line 1024.
(pdftex.def)             Requested size: 262.98184pt x 263.9856pt.
<Book02/fig13e.pdf, id=1523, 268.00125pt x 262.9825pt>
File: Book02/fig13e.pdf Graphic file (type pdf)
<use Book02/fig13e.pdf>
Package pdftex.def Info: Book02/fig13e.pdf  used on input line 1062.
(pdftex.def)             Requested size: 268.00058pt x 262.98184pt.

Overfull \vbox (260.38556pt too high) detected at line 1086
 []


Overfull \vbox (259.3818pt too high) detected at line 1086
 []




Package fancyhdr Warning: \headheight is too small (12.0pt): 
(fancyhdr)                Make it at least 14.0pt, for example:
(fancyhdr)                \setlength{\headheight}{14.0pt}.
(fancyhdr)                You might also make \topmargin smaller:
(fancyhdr)                \addtolength{\topmargin}{-2.0pt}.

[146]
<Book02/fig14g.pdf, id=1529, 455.7025pt x 270.00874pt>
File: Book02/fig14g.pdf Graphic file (type pdf)
<use Book02/fig14g.pdf>
Package pdftex.def Info: Book02/fig14g.pdf  used on input line 1106.
(pdftex.def)             Requested size: 455.70137pt x 270.00807pt.
<Book02/fig14e.pdf, id=1530, 452.69125pt x 270.00874pt>
File: Book02/fig14e.pdf Graphic file (type pdf)
<use Book02/fig14e.pdf>
Package pdftex.def Info: Book02/fig14e.pdf  used on input line 1141.
(pdftex.def)             Requested size: 452.69014pt x 270.00807pt.

Overfull \vbox (266.40804pt too high) detected at line 1171
 []


Overfull \vbox (266.40804pt too high) detected at line 1171
 []




Package fancyhdr Warning: \headheight is too small (12.0pt): 
(fancyhdr)                Make it at least 14.0pt, for example:
(fancyhdr)                \setlength{\headheight}{14.0pt}.
(fancyhdr)                You might also make \topmargin smaller:
(fancyhdr)                \addtolength{\topmargin}{-2.0pt}.

[147 <./Book02/fig13g.pdf> <./Book02/fig13e.pdf>]


Package fancyhdr Warning: \headheight is too small (12.0pt): 
(fancyhdr)                Make it at least 14.0pt, for example:
(fancyhdr)                \setlength{\headheight}{14.0pt}.
(fancyhdr)                You might also make \topmargin smaller:
(fancyhdr)                \addtolength{\topmargin}{-2.0pt}.

[148 <./Book02/fig14g.pdf> <./Book02/fig14e.pdf>])


Package fancyhdr Warning: \headheight is too small (12.0pt): 
(fancyhdr)                Make it at least 14.0pt, for example:
(fancyhdr)                \setlength{\headheight}{14.0pt}.
(fancyhdr)                You might also make \topmargin smaller:
(fancyhdr)                \addtolength{\topmargin}{-2.0pt}.

[149]
\openout2 = `Book03/Book3.aux'.

 (./Book03/Book3.tex

[150



]
Underfull \hbox (badness 10000) in paragraph at lines 132--133

 []


Underfull \hbox (badness 10000) in paragraph at lines 132--133

 []


Underfull \hbox (badness 10000) in paragraph at lines 132--133

 []


Underfull \hbox (badness 10000) in paragraph at lines 132--133

 []

<Book03/fig01g.pdf, id=1573, 295.1025pt x 335.2525pt>
File: Book03/fig01g.pdf Graphic file (type pdf)
<use Book03/fig01g.pdf>
Package pdftex.def Info: Book03/fig01g.pdf  used on input line 135.
(pdftex.def)             Requested size: 295.10176pt x 335.25168pt.
<Book03/fig01e.pdf, id=1574, 295.1025pt x 335.2525pt>
File: Book03/fig01e.pdf Graphic file (type pdf)
<use Book03/fig01e.pdf>
Package pdftex.def Info: Book03/fig01e.pdf  used on input line 178.
(pdftex.def)             Requested size: 295.10176pt x 335.25168pt.

Overfull \vbox (331.65164pt too high) detected at line 190
 []


Overfull \vbox (331.65164pt too high) detected at line 190
 []




Package fancyhdr Warning: \headheight is too small (12.0pt): 
(fancyhdr)                Make it at least 14.0pt, for example:
(fancyhdr)                \setlength{\headheight}{14.0pt}.
(fancyhdr)                You might also make \topmargin smaller:
(fancyhdr)                \addtolength{\topmargin}{-2.0pt}.

[151]
Underfull \hbox (badness 10000) in paragraph at lines 225--226

 []


Underfull \hbox (badness 10000) in paragraph at lines 225--226

 []


Underfull \hbox (badness 10000) in paragraph at lines 225--226

 []

<Book03/fig02g.pdf, id=1582, 316.18124pt x 316.18124pt>
File: Book03/fig02g.pdf Graphic file (type pdf)
<use Book03/fig02g.pdf>
Package pdftex.def Info: Book03/fig02g.pdf  used on input line 228.
(pdftex.def)             Requested size: 316.18047pt x 316.18047pt.
<Book03/fig02e.pdf, id=1583, 313.17pt x 316.18124pt>
File: Book03/fig02e.pdf Graphic file (type pdf)
<use Book03/fig02e.pdf>
Package pdftex.def Info: Book03/fig02e.pdf  used on input line 261.
(pdftex.def)             Requested size: 313.16922pt x 316.18047pt.

Overfull \vbox (312.58043pt too high) detected at line 266
 []


Overfull \vbox (312.58043pt too high) detected at line 266
 []




Package fancyhdr Warning: \headheight is too small (12.0pt): 
(fancyhdr)                Make it at least 14.0pt, for example:
(fancyhdr)                \setlength{\headheight}{14.0pt}.
(fancyhdr)                You might also make \topmargin smaller:
(fancyhdr)                \addtolength{\topmargin}{-2.0pt}.

[152 <./Book03/fig01g.pdf> <./Book03/fig01e.pdf>]
Underfull \hbox (badness 10000) in paragraph at lines 298--299

 []


Underfull \hbox (badness 10000) in paragraph at lines 298--299

 []


Underfull \hbox (badness 10000) in paragraph at lines 298--299

 []


Underfull \hbox (badness 10000) in paragraph at lines 298--299

 []

<Book03/fig03g.pdf, id=1601, 253.94875pt x 262.9825pt>
File: Book03/fig03g.pdf Graphic file (type pdf)
<use Book03/fig03g.pdf>
Package pdftex.def Info: Book03/fig03g.pdf  used on input line 301.
(pdftex.def)             Requested size: 253.94812pt x 262.98184pt.
<Book03/fig03e.pdf, id=1602, 247.92625pt x 262.9825pt>
File: Book03/fig03e.pdf Graphic file (type pdf)
<use Book03/fig03e.pdf>
Package pdftex.def Info: Book03/fig03e.pdf  used on input line 341.
(pdftex.def)             Requested size: 247.92564pt x 262.98184pt.

Overfull \vbox (259.3818pt too high) detected at line 347
 []


Overfull \vbox (259.3818pt too high) detected at line 347
 []




Package fancyhdr Warning: \headheight is too small (12.0pt): 
(fancyhdr)                Make it at least 14.0pt, for example:
(fancyhdr)                \setlength{\headheight}{14.0pt}.
(fancyhdr)                You might also make \topmargin smaller:
(fancyhdr)                \addtolength{\topmargin}{-2.0pt}.

[153 <./Book03/fig02g.pdf> <./Book03/fig02e.pdf>]


Package fancyhdr Warning: \headheight is too small (12.0pt): 
(fancyhdr)                Make it at least 14.0pt, for example:
(fancyhdr)                \setlength{\headheight}{14.0pt}.
(fancyhdr)                You might also make \topmargin smaller:
(fancyhdr)                \addtolength{\topmargin}{-2.0pt}.

[154]
Underfull \hbox (badness 10000) in paragraph at lines 360--361

 []

<Book03/fig04g.pdf, id=1625, 302.12875pt x 260.975pt>
File: Book03/fig04g.pdf Graphic file (type pdf)
<use Book03/fig04g.pdf>
Package pdftex.def Info: Book03/fig04g.pdf  used on input line 363.
(pdftex.def)             Requested size: 302.128pt x 260.97437pt.
<Book03/fig04e.pdf, id=1626, 298.11375pt x 260.975pt>
File: Book03/fig04e.pdf Graphic file (type pdf)
<use Book03/fig04e.pdf>
Package pdftex.def Info: Book03/fig04e.pdf  used on input line 390.
(pdftex.def)             Requested size: 298.11302pt x 260.97437pt.

Overfull \vbox (257.37433pt too high) detected at line 408
 []


Overfull \vbox (257.37433pt too high) detected at line 408
 []




Package fancyhdr Warning: \headheight is too small (12.0pt): 
(fancyhdr)                Make it at least 14.0pt, for example:
(fancyhdr)                \setlength{\headheight}{14.0pt}.
(fancyhdr)                You might also make \topmargin smaller:
(fancyhdr)                \addtolength{\topmargin}{-2.0pt}.

[155 <./Book03/fig03e.pdf> <./Book03/fig03g.pdf>]
<Book03/fig05g.pdf, id=1644, 269.005pt x 274.02374pt>
File: Book03/fig05g.pdf Graphic file (type pdf)
<use Book03/fig05g.pdf>
Package pdftex.def Info: Book03/fig05g.pdf  used on input line 424.
(pdftex.def)             Requested size: 269.00433pt x 274.02307pt.
<Book03/fig05e.pdf, id=1645, 269.005pt x 274.02374pt>
File: Book03/fig05e.pdf Graphic file (type pdf)
<use Book03/fig05e.pdf>
Package pdftex.def Info: Book03/fig05e.pdf  used on input line 445.
(pdftex.def)             Requested size: 269.00433pt x 274.02307pt.

Overfull \vbox (270.42303pt too high) detected at line 459
 []


Overfull \vbox (270.42303pt too high) detected at line 459
 []




Package fancyhdr Warning: \headheight is too small (12.0pt): 
(fancyhdr)                Make it at least 14.0pt, for example:
(fancyhdr)                \setlength{\headheight}{14.0pt}.
(fancyhdr)                You might also make \topmargin smaller:
(fancyhdr)                \addtolength{\topmargin}{-2.0pt}.

[156 <./Book03/fig04g.pdf> <./Book03/fig04e.pdf>]

./Book03/Book3.tex:481: LaTeX Error: Invalid UTF-8 byte sequence (�\global\mathchardef).

See the LaTeX manual or LaTeX Companion for explanation.
Type  H <return>  for immediate help.
 ...                                              
                                                  
l.481 τῶν ΑΒΓ, ΓΔΕ κύκλων.}
                                           
The document does not appear to be in UTF-8 encoding.
Try adding \UseRawInputEncoding as the first line of the file
or specify an encoding such as \usepackage [latin1]{inputenc}
in the document preamble.
Alternatively, save the file in UTF-8 using your editor or another tool

./Book03/Book3.tex:481: Missing number, treated as zero.
<to be read again> 
                   }
l.481 τῶν ΑΒΓ, ΓΔΕ κύκλων.}
                                           
A number should have been here; I inserted `0'.
(If you can't figure out why I needed to see a number,
look up `weird error' in the index to The TeXbook.)

./Book03/Book3.tex:481: Bad space factor (0).
<to be read again> 
                   }
l.481 τῶν ΑΒΓ, ΓΔΕ κύκλων.}
                                           
I allow only values in the range 1..32767 here.


./Book03/Book3.tex:481: LaTeX Error: Invalid UTF-8 byte sequence (�\egroup\ifmmode).

See the LaTeX manual or LaTeX Companion for explanation.
Type  H <return>  for immediate help.
 ...                                              
                                                  
l.481 τῶν ΑΒΓ, ΓΔΕ κύκλων.}
                                           
The document does not appear to be in UTF-8 encoding.
Try adding \UseRawInputEncoding as the first line of the file
or specify an encoding such as \usepackage [latin1]{inputenc}
in the document preamble.
Alternatively, save the file in UTF-8 using your editor or another tool


./Book03/Book3.tex:481: LaTeX Error: Invalid UTF-8 byte "BD.

See the LaTeX manual or LaTeX Companion for explanation.
Type  H <return>  for immediate help.
 ...                                              
                                                  
l.481 τῶν ΑΒΓ, ΓΔΕ κύκλων.}
                                           
The document does not appear to be in UTF-8 encoding.
Try adding \UseRawInputEncoding as the first line of the file
or specify an encoding such as \usepackage [latin1]{inputenc}
in the document preamble.
Alternatively, save the file in UTF-8 using your editor or another tool


./Book03/Book3.tex:481: LaTeX Error: Invalid UTF-8 byte "90.

See the LaTeX manual or LaTeX Companion for explanation.
Type  H <return>  for immediate help.
 ...                                              
                                                  
l.481 τῶν ΑΒΓ, ΓΔΕ κύκλων.}
                                           
The document does not appear to be in UTF-8 encoding.
Try adding \UseRawInputEncoding as the first line of the file
or specify an encoding such as \usepackage [latin1]{inputenc}
in the document preamble.
Alternatively, save the file in UTF-8 using your editor or another tool

./Book03/Book3.tex:481: Missing } inserted.
<inserted text> 
                }
l.481 τῶν ΑΒΓ, ΓΔΕ κύκλων.}
                                           
I've inserted something that you may have forgotten.
(See the <inserted text> above.)
With luck, this will get me unwedged. But if you
really didn't forget anything, try typing `2' now; then
my insertion and my current dilemma will both disappear.

<Book03/fig06g.pdf, id=1663, 366.36874pt x 353.32pt>
File: Book03/fig06g.pdf Graphic file (type pdf)
<use Book03/fig06g.pdf>
Package pdftex.def Info: Book03/fig06g.pdf  used on input line 484.
(pdftex.def)             Requested size: 366.36784pt x 353.31914pt.
<Book03/fig06e.pdf, id=1664, 364.36125pt x 354.32375pt>
File: Book03/fig06e.pdf Graphic file (type pdf)
<use Book03/fig06e.pdf>
Package pdftex.def Info: Book03/fig06e.pdf  used on input line 509.
(pdftex.def)             Requested size: 364.36035pt x 354.32288pt.

Overfull \vbox (349.7191pt too high) detected at line 512
 []


Overfull \vbox (350.72284pt too high) detected at line 512
 []




Package fancyhdr Warning: \headheight is too small (12.0pt): 
(fancyhdr)                Make it at least 14.0pt, for example:
(fancyhdr)                \setlength{\headheight}{14.0pt}.
(fancyhdr)                You might also make \topmargin smaller:
(fancyhdr)                \addtolength{\topmargin}{-2.0pt}.

[157 <./Book03/fig05g.pdf> <./Book03/fig05e.pdf>]
Underfull \hbox (badness 10000) in paragraph at lines 544--545

 []


Underfull \hbox (badness 10000) in paragraph at lines 544--545

 []


Underfull \hbox (badness 10000) in paragraph at lines 544--545

 []


Underfull \hbox (badness 10000) in paragraph at lines 544--545

 []


Underfull \hbox (badness 10000) in paragraph at lines 544--545

 []


Underfull \hbox (badness 10000) in paragraph at lines 544--545

 []


Underfull \hbox (badness 10000) in paragraph at lines 544--545

 []

<Book03/fig07g.pdf, id=1683, 379.4175pt x 354.32375pt>
File: Book03/fig07g.pdf Graphic file (type pdf)
<use Book03/fig07g.pdf>
Package pdftex.def Info: Book03/fig07g.pdf  used on input line 547.
(pdftex.def)             Requested size: 379.41656pt x 354.32288pt.
<Book03/fig07e.pdf, id=1684, 374.39874pt x 357.335pt>
File: Book03/fig07e.pdf Graphic file (type pdf)
<use Book03/fig07e.pdf>
Package pdftex.def Info: Book03/fig07e.pdf  used on input line 604.
(pdftex.def)             Requested size: 374.39783pt x 357.33412pt.

Overfull \vbox (350.72284pt too high) detected at line 630
 []


Overfull \vbox (353.73409pt too high) detected at line 630
 []




Package fancyhdr Warning: \headheight is too small (12.0pt): 
(fancyhdr)                Make it at least 14.0pt, for example:
(fancyhdr)                \setlength{\headheight}{14.0pt}.
(fancyhdr)                You might also make \topmargin smaller:
(fancyhdr)                \addtolength{\topmargin}{-2.0pt}.

[158 <./Book03/fig06g.pdf> <./Book03/fig06e.pdf>]


Package fancyhdr Warning: \headheight is too small (12.0pt): 
(fancyhdr)                Make it at least 14.0pt, for example:
(fancyhdr)                \setlength{\headheight}{14.0pt}.
(fancyhdr)                You might also make \topmargin smaller:
(fancyhdr)                \addtolength{\topmargin}{-2.0pt}.

[159 <./Book03/fig07g.pdf> <./Book03/fig07e.pdf>]
Underfull \hbox (badness 10000) in paragraph at lines 677--678

 []


Underfull \hbox (badness 10000) in paragraph at lines 677--678

 []


Underfull \hbox (badness 10000) in paragraph at lines 677--678

 []


Underfull \hbox (badness 10000) in paragraph at lines 677--678

 []


Underfull \hbox (badness 10000) in paragraph at lines 677--678

 []


Underfull \hbox (badness 10000) in paragraph at lines 677--678

 []


Underfull \hbox (badness 10000) in paragraph at lines 677--678

 []


Underfull \hbox (badness 10000) in paragraph at lines 677--678

 []

<Book03/fig08g.pdf, id=1718, 366.36874pt x 362.35374pt>
File: Book03/fig08g.pdf Graphic file (type pdf)
<use Book03/fig08g.pdf>
Package pdftex.def Info: Book03/fig08g.pdf  used on input line 680.
(pdftex.def)             Requested size: 366.36784pt x 362.35286pt.
<Book03/fig08e.pdf, id=1719, 359.3425pt x 361.35pt>
File: Book03/fig08e.pdf Graphic file (type pdf)
<use Book03/fig08e.pdf>
Package pdftex.def Info: Book03/fig08e.pdf  used on input line 756.
(pdftex.def)             Requested size: 359.34161pt x 361.34912pt.

Overfull \vbox (358.75282pt too high) detected at line 787
 []


Overfull \vbox (357.74908pt too high) detected at line 787
 []




Package fancyhdr Warning: \headheight is too small (12.0pt): 
(fancyhdr)                Make it at least 14.0pt, for example:
(fancyhdr)                \setlength{\headheight}{14.0pt}.
(fancyhdr)                You might also make \topmargin smaller:
(fancyhdr)                \addtolength{\topmargin}{-2.0pt}.

[160]


Package fancyhdr Warning: \headheight is too small (12.0pt): 
(fancyhdr)                Make it at least 14.0pt, for example:
(fancyhdr)                \setlength{\headheight}{14.0pt}.
(fancyhdr)                You might also make \topmargin smaller:
(fancyhdr)                \addtolength{\topmargin}{-2.0pt}.

[161]


Package fancyhdr Warning: \headheight is too small (12.0pt): 
(fancyhdr)                Make it at least 14.0pt, for example:
(fancyhdr)                \setlength{\headheight}{14.0pt}.
(fancyhdr)                You might also make \topmargin smaller:
(fancyhdr)                \addtolength{\topmargin}{-2.0pt}.

[162 <./Book03/fig08g.pdf> <./Book03/fig08e.pdf>]
Underfull \hbox (badness 10000) in paragraph at lines 808--809

 []

<Book03/fig09g.pdf, id=1745, 354.32375pt x 347.2975pt>
File: Book03/fig09g.pdf Graphic file (type pdf)
<use Book03/fig09g.pdf>
Package pdftex.def Info: Book03/fig09g.pdf  used on input line 811.
(pdftex.def)             Requested size: 354.32288pt x 347.29665pt.
<Book03/fig09e.pdf, id=1746, 343.2825pt x 345.29pt>
File: Book03/fig09e.pdf Graphic file (type pdf)
<use Book03/fig09e.pdf>
Package pdftex.def Info: Book03/fig09e.pdf  used on input line 846.
(pdftex.def)             Requested size: 343.28165pt x 345.28914pt.

Overfull \vbox (343.69661pt too high) detected at line 866
 []


Overfull \vbox (341.6891pt too high) detected at line 866
 []




Package fancyhdr Warning: \headheight is too small (12.0pt): 
(fancyhdr)                Make it at least 14.0pt, for example:
(fancyhdr)                \setlength{\headheight}{14.0pt}.
(fancyhdr)                You might also make \topmargin smaller:
(fancyhdr)                \addtolength{\topmargin}{-2.0pt}.

[163]
Underfull \hbox (badness 10000) in paragraph at lines 882--883

 []


Underfull \hbox (badness 10000) in paragraph at lines 882--883

 []

<Book03/fig10g.pdf, id=1753, 414.54875pt x 341.275pt>
File: Book03/fig10g.pdf Graphic file (type pdf)
<use Book03/fig10g.pdf>
Package pdftex.def Info: Book03/fig10g.pdf  used on input line 885.
(pdftex.def)             Requested size: 414.54773pt x 341.27415pt.
<Book03/fig10e.pdf, id=1754, 406.51875pt x 336.25626pt>
File: Book03/fig10e.pdf Graphic file (type pdf)
<use Book03/fig10e.pdf>
Package pdftex.def Info: Book03/fig10e.pdf  used on input line 914.
(pdftex.def)             Requested size: 406.51775pt x 336.25543pt.

Overfull \vbox (337.67412pt too high) detected at line 929
 []


Overfull \vbox (332.6554pt too high) detected at line 929
 []




Package fancyhdr Warning: \headheight is too small (12.0pt): 
(fancyhdr)                Make it at least 14.0pt, for example:
(fancyhdr)                \setlength{\headheight}{14.0pt}.
(fancyhdr)                You might also make \topmargin smaller:
(fancyhdr)                \addtolength{\topmargin}{-2.0pt}.

[164 <./Book03/fig09g.pdf> <./Book03/fig09e.pdf>]


Package fancyhdr Warning: \headheight is too small (12.0pt): 
(fancyhdr)                Make it at least 14.0pt, for example:
(fancyhdr)                \setlength{\headheight}{14.0pt}.
(fancyhdr)                You might also make \topmargin smaller:
(fancyhdr)                \addtolength{\topmargin}{-2.0pt}.

[165 <./Book03/fig10g.pdf> <./Book03/fig10e.pdf>]
Underfull \hbox (badness 10000) in paragraph at lines 957--958

 []


Underfull \hbox (badness 10000) in paragraph at lines 957--958

 []

<Book03/fig11g.pdf, id=1789, 302.12875pt x 309.155pt>
File: Book03/fig11g.pdf Graphic file (type pdf)
<use Book03/fig11g.pdf>
Package pdftex.def Info: Book03/fig11g.pdf  used on input line 960.
(pdftex.def)             Requested size: 302.128pt x 309.15424pt.
<Book03/fig11e.pdf, id=1790, 299.1175pt x 306.14375pt>
File: Book03/fig11e.pdf Graphic file (type pdf)
<use Book03/fig11e.pdf>
Package pdftex.def Info: Book03/fig11e.pdf  used on input line 993.
(pdftex.def)             Requested size: 299.11676pt x 306.14299pt.

Overfull \vbox (305.5542pt too high) detected at line 999
 []


Overfull \vbox (302.54295pt too high) detected at line 999
 []




Package fancyhdr Warning: \headheight is too small (12.0pt): 
(fancyhdr)                Make it at least 14.0pt, for example:
(fancyhdr)                \setlength{\headheight}{14.0pt}.
(fancyhdr)                You might also make \topmargin smaller:
(fancyhdr)                \addtolength{\topmargin}{-2.0pt}.

[166 <./Book03/fig11g.pdf>]
Underfull \hbox (badness 10000) in paragraph at lines 1012--1013

 []

<Book03/fig12g.pdf, id=1803, 339.2675pt x 375.4025pt>
File: Book03/fig12g.pdf Graphic file (type pdf)
<use Book03/fig12g.pdf>
Package pdftex.def Info: Book03/fig12g.pdf  used on input line 1015.
(pdftex.def)             Requested size: 339.26666pt x 375.40158pt.
<Book03/fig12e.pdf, id=1804, 339.2675pt x 360.34625pt>
File: Book03/fig12e.pdf Graphic file (type pdf)
<use Book03/fig12e.pdf>
Package pdftex.def Info: Book03/fig12e.pdf  used on input line 1045.
(pdftex.def)             Requested size: 339.26666pt x 360.34537pt.

Overfull \vbox (371.80154pt too high) detected at line 1066
 []


Overfull \vbox (356.74533pt too high) detected at line 1066
 []




Package fancyhdr Warning: \headheight is too small (12.0pt): 
(fancyhdr)                Make it at least 14.0pt, for example:
(fancyhdr)                \setlength{\headheight}{14.0pt}.
(fancyhdr)                You might also make \topmargin smaller:
(fancyhdr)                \addtolength{\topmargin}{-2.0pt}.

[167 <./Book03/fig11e.pdf>]
<Book03/fig13g.pdf, id=1815, 335.2525pt x 345.29pt>
File: Book03/fig13g.pdf Graphic file (type pdf)
<use Book03/fig13g.pdf>
Package pdftex.def Info: Book03/fig13g.pdf  used on input line 1081.
(pdftex.def)             Requested size: 335.25168pt x 345.28914pt.
<Book03/fig13e.pdf, id=1816, 335.2525pt x 345.29pt>
File: Book03/fig13e.pdf Graphic file (type pdf)
<use Book03/fig13e.pdf>
Package pdftex.def Info: Book03/fig13e.pdf  used on input line 1121.
(pdftex.def)             Requested size: 335.25168pt x 345.28914pt.

Overfull \vbox (341.6891pt too high) detected at line 1151
 []


Overfull \vbox (341.6891pt too high) detected at line 1151
 []




Package fancyhdr Warning: \headheight is too small (12.0pt): 
(fancyhdr)                Make it at least 14.0pt, for example:
(fancyhdr)                \setlength{\headheight}{14.0pt}.
(fancyhdr)                You might also make \topmargin smaller:
(fancyhdr)                \addtolength{\topmargin}{-2.0pt}.

[168 <./Book03/fig12g.pdf> <./Book03/fig12e.pdf>]


Package fancyhdr Warning: \headheight is too small (12.0pt): 
(fancyhdr)                Make it at least 14.0pt, for example:
(fancyhdr)                \setlength{\headheight}{14.0pt}.
(fancyhdr)                You might also make \topmargin smaller:
(fancyhdr)                \addtolength{\topmargin}{-2.0pt}.

[169 <./Book03/fig13g.pdf> <./Book03/fig13e.pdf>]
Underfull \hbox (badness 10000) in paragraph at lines 1165--1166

 []

<Book03/fig14g.pdf, id=1851, 286.06876pt x 303.1325pt>
File: Book03/fig14g.pdf Graphic file (type pdf)
<use Book03/fig14g.pdf>
Package pdftex.def Info: Book03/fig14g.pdf  used on input line 1168.
(pdftex.def)             Requested size: 286.06805pt x 303.13176pt.
<Book03/fig14e.pdf, id=1852, 282.05376pt x 302.12875pt>
File: Book03/fig14e.pdf Graphic file (type pdf)
<use Book03/fig14e.pdf>
Package pdftex.def Info: Book03/fig14e.pdf  used on input line 1222.
(pdftex.def)             Requested size: 282.05305pt x 302.128pt.

Overfull \vbox (298.52797pt too high) detected at line 1259
 []


Overfull \vbox (299.53172pt too high) detected at line 1259
 []




Package fancyhdr Warning: \headheight is too small (12.0pt): 
(fancyhdr)                Make it at least 14.0pt, for example:
(fancyhdr)                \setlength{\headheight}{14.0pt}.
(fancyhdr)                You might also make \topmargin smaller:
(fancyhdr)                \addtolength{\topmargin}{-2.0pt}.

[170 <./Book03/fig14e.pdf>]


Package fancyhdr Warning: \headheight is too small (12.0pt): 
(fancyhdr)                Make it at least 14.0pt, for example:
(fancyhdr)                \setlength{\headheight}{14.0pt}.
(fancyhdr)                You might also make \topmargin smaller:
(fancyhdr)                \addtolength{\topmargin}{-2.0pt}.

[171 <./Book03/fig14g.pdf>]
Underfull \hbox (badness 10000) in paragraph at lines 1291--1292

 []


Underfull \hbox (badness 10000) in paragraph at lines 1291--1292

 []


Underfull \hbox (badness 10000) in paragraph at lines 1291--1292

 []


Underfull \hbox (badness 10000) in paragraph at lines 1291--1292

 []

<Book03/fig15g.pdf, id=1874, 350.30875pt x 388.45125pt>
File: Book03/fig15g.pdf Graphic file (type pdf)
<use Book03/fig15g.pdf>
Package pdftex.def Info: Book03/fig15g.pdf  used on input line 1294.
(pdftex.def)             Requested size: 350.30789pt x 388.45029pt.
<Book03/fig15e.pdf, id=1875, 350.30875pt x 389.455pt>
File: Book03/fig15e.pdf Graphic file (type pdf)
<use Book03/fig15e.pdf>
Package pdftex.def Info: Book03/fig15e.pdf  used on input line 1325.
(pdftex.def)             Requested size: 350.30789pt x 389.45404pt.

Overfull \vbox (385.854pt too high) detected at line 1329
 []


Overfull \vbox (384.85025pt too high) detected at line 1329
 []




Package fancyhdr Warning: \headheight is too small (12.0pt): 
(fancyhdr)                Make it at least 14.0pt, for example:
(fancyhdr)                \setlength{\headheight}{14.0pt}.
(fancyhdr)                You might also make \topmargin smaller:
(fancyhdr)                \addtolength{\topmargin}{-2.0pt}.

[172]


Package fancyhdr Warning: \headheight is too small (12.0pt): 
(fancyhdr)                Make it at least 14.0pt, for example:
(fancyhdr)                \setlength{\headheight}{14.0pt}.
(fancyhdr)                You might also make \topmargin smaller:
(fancyhdr)                \addtolength{\topmargin}{-2.0pt}.

[173 <./Book03/fig15e.pdf>]
Underfull \hbox (badness 10000) in paragraph at lines 1371--1372

 []


Underfull \hbox (badness 10000) in paragraph at lines 1371--1372

 []


Underfull \hbox (badness 10000) in paragraph at lines 1371--1372

 []


Underfull \hbox (badness 10000) in paragraph at lines 1371--1372

 []

<Book03/fig16g.pdf, id=1890, 388.45125pt x 300.12125pt>
File: Book03/fig16g.pdf Graphic file (type pdf)
<use Book03/fig16g.pdf>
Package pdftex.def Info: Book03/fig16g.pdf  used on input line 1374.
(pdftex.def)             Requested size: 388.45029pt x 300.12051pt.

Underfull \hbox (badness 10000) in paragraph at lines 1392--1393

 []


Underfull \hbox (badness 10000) in paragraph at lines 1392--1393

 []

<Book03/fig16e.pdf, id=1891, 382.42876pt x 299.1175pt>
File: Book03/fig16e.pdf Graphic file (type pdf)
<use Book03/fig16e.pdf>
Package pdftex.def Info: Book03/fig16e.pdf  used on input line 1441.
(pdftex.def)             Requested size: 382.42781pt x 299.11676pt.

Underfull \hbox (badness 10000) in paragraph at lines 1448--1459

 []


Overfull \vbox (296.52048pt too high) detected at line 1468
 []


Overfull \vbox (295.51672pt too high) detected at line 1468
 []




Package fancyhdr Warning: \headheight is too small (12.0pt): 
(fancyhdr)                Make it at least 14.0pt, for example:
(fancyhdr)                \setlength{\headheight}{14.0pt}.
(fancyhdr)                You might also make \topmargin smaller:
(fancyhdr)                \addtolength{\topmargin}{-2.0pt}.

[174 <./Book03/fig15g.pdf>]


Package fancyhdr Warning: \headheight is too small (12.0pt): 
(fancyhdr)                Make it at least 14.0pt, for example:
(fancyhdr)                \setlength{\headheight}{14.0pt}.
(fancyhdr)                You might also make \topmargin smaller:
(fancyhdr)                \addtolength{\topmargin}{-2.0pt}.

[175 <./Book03/fig16g.pdf> <./Book03/fig16e.pdf>]
<Book03/fig17g.pdf, id=1922, 336.25626pt x 332.24126pt>
File: Book03/fig17g.pdf Graphic file (type pdf)
<use Book03/fig17g.pdf>
Package pdftex.def Info: Book03/fig17g.pdf  used on input line 1487.
(pdftex.def)             Requested size: 336.25543pt x 332.24043pt.
<Book03/fig17e.pdf, id=1923, 331.2375pt x 331.2375pt>
File: Book03/fig17e.pdf Graphic file (type pdf)
<use Book03/fig17e.pdf>
Package pdftex.def Info: Book03/fig17e.pdf  used on input line 1517.
(pdftex.def)             Requested size: 331.23668pt x 331.23668pt.

Overfull \vbox (328.6404pt too high) detected at line 1536
 []


Overfull \vbox (327.63664pt too high) detected at line 1536
 []




Package fancyhdr Warning: \headheight is too small (12.0pt): 
(fancyhdr)                Make it at least 14.0pt, for example:
(fancyhdr)                \setlength{\headheight}{14.0pt}.
(fancyhdr)                You might also make \topmargin smaller:
(fancyhdr)                \addtolength{\topmargin}{-2.0pt}.

[176]
Underfull \hbox (badness 10000) in paragraph at lines 1564--1565

 []


Underfull \hbox (badness 10000) in paragraph at lines 1564--1565

 []


Underfull \hbox (badness 10000) in paragraph at lines 1564--1565

 []

<Book03/fig18g.pdf, id=1929, 357.335pt x 326.21875pt>
File: Book03/fig18g.pdf Graphic file (type pdf)
<use Book03/fig18g.pdf>
Package pdftex.def Info: Book03/fig18g.pdf  used on input line 1567.
(pdftex.def)             Requested size: 357.33412pt x 326.21794pt.
<Book03/fig18e.pdf, id=1930, 357.335pt x 326.21875pt>
File: Book03/fig18e.pdf Graphic file (type pdf)
<use Book03/fig18e.pdf>
Package pdftex.def Info: Book03/fig18e.pdf  used on input line 1595.
(pdftex.def)             Requested size: 357.33412pt x 326.21794pt.

Overfull \vbox (322.6179pt too high) detected at line 1601
 []


Overfull \vbox (322.6179pt too high) detected at line 1601
 []




Package fancyhdr Warning: \headheight is too small (12.0pt): 
(fancyhdr)                Make it at least 14.0pt, for example:
(fancyhdr)                \setlength{\headheight}{14.0pt}.
(fancyhdr)                You might also make \topmargin smaller:
(fancyhdr)                \addtolength{\topmargin}{-2.0pt}.

[177 <./Book03/fig17g.pdf> <./Book03/fig17e.pdf>]
Underfull \hbox (badness 10000) in paragraph at lines 1615--1616

 []

<Book03/fig19g.pdf, id=1948, 368.37625pt x 300.12125pt>
File: Book03/fig19g.pdf Graphic file (type pdf)
<use Book03/fig19g.pdf>
Package pdftex.def Info: Book03/fig19g.pdf  used on input line 1618.
(pdftex.def)             Requested size: 368.37534pt x 300.12051pt.
<Book03/fig19e.pdf, id=1949, 365.365pt x 300.12125pt>
File: Book03/fig19e.pdf Graphic file (type pdf)
<use Book03/fig19e.pdf>
Package pdftex.def Info: Book03/fig19e.pdf  used on input line 1648.
(pdftex.def)             Requested size: 365.3641pt x 300.12051pt.

Overfull \vbox (296.52048pt too high) detected at line 1666
 []


Overfull \vbox (296.52048pt too high) detected at line 1666
 []




Package fancyhdr Warning: \headheight is too small (12.0pt): 
(fancyhdr)                Make it at least 14.0pt, for example:
(fancyhdr)                \setlength{\headheight}{14.0pt}.
(fancyhdr)                You might also make \topmargin smaller:
(fancyhdr)                \addtolength{\topmargin}{-2.0pt}.

[178 <./Book03/fig18g.pdf> <./Book03/fig18e.pdf>]
<Book03/fig20g.pdf, id=1966, 299.1175pt x 304.13625pt>
File: Book03/fig20g.pdf Graphic file (type pdf)
<use Book03/fig20g.pdf>
Package pdftex.def Info: Book03/fig20g.pdf  used on input line 1694.
(pdftex.def)             Requested size: 299.11676pt x 304.1355pt.
<Book03/fig20e.pdf, id=1967, 298.11375pt x 304.13625pt>
File: Book03/fig20e.pdf Graphic file (type pdf)
<use Book03/fig20e.pdf>
Package pdftex.def Info: Book03/fig20e.pdf  used on input line 1727.
(pdftex.def)             Requested size: 298.11302pt x 304.1355pt.

Underfull \hbox (badness 10000) in paragraph at lines 1735--1737

 []


Overfull \vbox (300.53546pt too high) detected at line 1738
 []


Overfull \vbox (300.53546pt too high) detected at line 1738
 []




Package fancyhdr Warning: \headheight is too small (12.0pt): 
(fancyhdr)                Make it at least 14.0pt, for example:
(fancyhdr)                \setlength{\headheight}{14.0pt}.
(fancyhdr)                You might also make \topmargin smaller:
(fancyhdr)                \addtolength{\topmargin}{-2.0pt}.

[179 <./Book03/fig19g.pdf> <./Book03/fig19e.pdf>]
<Book03/fig21g.pdf, id=1985, 277.035pt x 260.975pt>
File: Book03/fig21g.pdf Graphic file (type pdf)
<use Book03/fig21g.pdf>
Package pdftex.def Info: Book03/fig21g.pdf  used on input line 1754.
(pdftex.def)             Requested size: 277.03432pt x 260.97437pt.
<Book03/fig21e.pdf, id=1986, 273.02pt x 260.975pt>
File: Book03/fig21e.pdf Graphic file (type pdf)
<use Book03/fig21e.pdf>
Package pdftex.def Info: Book03/fig21e.pdf  used on input line 1779.
(pdftex.def)             Requested size: 273.01933pt x 260.97437pt.

Overfull \vbox (257.37433pt too high) detected at line 1794
 []


Overfull \vbox (257.37433pt too high) detected at line 1794
 []




Package fancyhdr Warning: \headheight is too small (12.0pt): 
(fancyhdr)                Make it at least 14.0pt, for example:
(fancyhdr)                \setlength{\headheight}{14.0pt}.
(fancyhdr)                You might also make \topmargin smaller:
(fancyhdr)                \addtolength{\topmargin}{-2.0pt}.

[180 <./Book03/fig20g.pdf> <./Book03/fig20e.pdf>]
<Book03/fig22g.pdf, id=2004, 311.1625pt x 285.065pt>
File: Book03/fig22g.pdf Graphic file (type pdf)
<use Book03/fig22g.pdf>
Package pdftex.def Info: Book03/fig22g.pdf  used on input line 1809.
(pdftex.def)             Requested size: 311.16174pt x 285.0643pt.
<Book03/fig22e.pdf, id=2005, 305.14pt x 284.06125pt>
File: Book03/fig22e.pdf Graphic file (type pdf)
<use Book03/fig22e.pdf>
Package pdftex.def Info: Book03/fig22e.pdf  used on input line 1834.
(pdftex.def)             Requested size: 305.13924pt x 284.06053pt.

Overfull \vbox (281.46426pt too high) detected at line 1853
 []


Overfull \vbox (280.4605pt too high) detected at line 1853
 []




Package fancyhdr Warning: \headheight is too small (12.0pt): 
(fancyhdr)                Make it at least 14.0pt, for example:
(fancyhdr)                \setlength{\headheight}{14.0pt}.
(fancyhdr)                You might also make \topmargin smaller:
(fancyhdr)                \addtolength{\topmargin}{-2.0pt}.

[181 <./Book03/fig21g.pdf> <./Book03/fig21e.pdf>]
<Book03/fig23g.pdf, id=2025, 412.54124pt x 148.555pt>
File: Book03/fig23g.pdf Graphic file (type pdf)
<use Book03/fig23g.pdf>
Package pdftex.def Info: Book03/fig23g.pdf  used on input line 1873.
(pdftex.def)             Requested size: 412.54024pt x 148.55463pt.
<Book03/fig23e.pdf, id=2026, 409.53pt x 148.555pt>
File: Book03/fig23e.pdf Graphic file (type pdf)
<use Book03/fig23e.pdf>
Package pdftex.def Info: Book03/fig23e.pdf  used on input line 1893.
(pdftex.def)             Requested size: 409.52899pt x 148.55463pt.

Overfull \vbox (144.95459pt too high) detected at line 1900
 []


Overfull \vbox (144.95459pt too high) detected at line 1900
 []




Package fancyhdr Warning: \headheight is too small (12.0pt): 
(fancyhdr)                Make it at least 14.0pt, for example:
(fancyhdr)                \setlength{\headheight}{14.0pt}.
(fancyhdr)                You might also make \topmargin smaller:
(fancyhdr)                \addtolength{\topmargin}{-2.0pt}.

[182 <./Book03/fig22g.pdf> <./Book03/fig22e.pdf>]
Underfull \hbox (badness 10000) in paragraph at lines 1925--1926

 []


Underfull \hbox (badness 10000) in paragraph at lines 1925--1926

 []

<Book03/fig24g.pdf, id=2044, 300.12125pt x 340.27126pt>
File: Book03/fig24g.pdf Graphic file (type pdf)
<use Book03/fig24g.pdf>
Package pdftex.def Info: Book03/fig24g.pdf  used on input line 1928.
(pdftex.def)             Requested size: 300.12051pt x 340.27042pt.

Underfull \hbox (badness 10000) in paragraph at lines 1942--1951

 []

<Book03/fig24e.pdf, id=2045, 300.12125pt x 340.27126pt>
File: Book03/fig24e.pdf Graphic file (type pdf)
<use Book03/fig24e.pdf>
Package pdftex.def Info: Book03/fig24e.pdf  used on input line 1953.
(pdftex.def)             Requested size: 300.12051pt x 340.27042pt.

Overfull \vbox (336.67038pt too high) detected at line 1956
 []


Overfull \vbox (336.67038pt too high) detected at line 1956
 []




Package fancyhdr Warning: \headheight is too small (12.0pt): 
(fancyhdr)                Make it at least 14.0pt, for example:
(fancyhdr)                \setlength{\headheight}{14.0pt}.
(fancyhdr)                You might also make \topmargin smaller:
(fancyhdr)                \addtolength{\topmargin}{-2.0pt}.

[183 <./Book03/fig23g.pdf> <./Book03/fig23e.pdf>]
Underfull \hbox (badness 10000) in paragraph at lines 1991--1992

 []


Underfull \hbox (badness 10000) in paragraph at lines 1991--1992

 []


Underfull \hbox (badness 10000) in paragraph at lines 1991--1992

 []

<Book03/fig25g.pdf, id=2063, 670.505pt x 270.00874pt>
File: Book03/fig25g.pdf Graphic file (type pdf)
<use Book03/fig25g.pdf>
Package pdftex.def Info: Book03/fig25g.pdf  used on input line 1994.
(pdftex.def)             Requested size: 670.50337pt x 270.00807pt.
<Book03/fig25e.pdf, id=2064, 664.4825pt x 269.005pt>
File: Book03/fig25e.pdf Graphic file (type pdf)
<use Book03/fig25e.pdf>
Package pdftex.def Info: Book03/fig25e.pdf  used on input line 2042.
(pdftex.def)             Requested size: 664.48087pt x 269.00433pt.

Overfull \vbox (266.40804pt too high) detected at line 2055
 []


Overfull \vbox (265.4043pt too high) detected at line 2055
 []




Package fancyhdr Warning: \headheight is too small (12.0pt): 
(fancyhdr)                Make it at least 14.0pt, for example:
(fancyhdr)                \setlength{\headheight}{14.0pt}.
(fancyhdr)                You might also make \topmargin smaller:
(fancyhdr)                \addtolength{\topmargin}{-2.0pt}.

[184 <./Book03/fig24g.pdf> <./Book03/fig24e.pdf>]
Underfull \hbox (badness 10000) in paragraph at lines 2082--2083

 []


Underfull \hbox (badness 10000) in paragraph at lines 2082--2083

 []


Underfull \hbox (badness 10000) in paragraph at lines 2082--2083

 []

<Book03/fig26g.pdf, id=2083, 495.8525pt x 238.8925pt>
File: Book03/fig26g.pdf Graphic file (type pdf)
<use Book03/fig26g.pdf>
Package pdftex.def Info: Book03/fig26g.pdf  used on input line 2085.
(pdftex.def)             Requested size: 495.85129pt x 238.8919pt.
<Book03/fig26e.pdf, id=2084, 493.845pt x 237.88875pt>
File: Book03/fig26e.pdf Graphic file (type pdf)
<use Book03/fig26e.pdf>
Package pdftex.def Info: Book03/fig26e.pdf  used on input line 2117.
(pdftex.def)             Requested size: 493.84378pt x 237.88815pt.

Overfull \vbox (235.29187pt too high) detected at line 2122
 []


Overfull \vbox (234.28812pt too high) detected at line 2122
 []




Package fancyhdr Warning: \headheight is too small (12.0pt): 
(fancyhdr)                Make it at least 14.0pt, for example:
(fancyhdr)                \setlength{\headheight}{14.0pt}.
(fancyhdr)                You might also make \topmargin smaller:
(fancyhdr)                \addtolength{\topmargin}{-2.0pt}.

[185 <./Book03/fig25g.pdf> <./Book03/fig25e.pdf>]
<Book03/fig27g.pdf, id=2102, 529.98pt x 235.88126pt>
File: Book03/fig27g.pdf Graphic file (type pdf)
<use Book03/fig27g.pdf>
Package pdftex.def Info: Book03/fig27g.pdf  used on input line 2138.
(pdftex.def)             Requested size: 529.97868pt x 235.88068pt.
<Book03/fig27e.pdf, id=2103, 527.9725pt x 235.88126pt>
File: Book03/fig27e.pdf Graphic file (type pdf)
<use Book03/fig27e.pdf>
Package pdftex.def Info: Book03/fig27e.pdf  used on input line 2171.
(pdftex.def)             Requested size: 527.9712pt x 235.88068pt.

Underfull \hbox (badness 10000) in paragraph at lines 2185--2187

 []


Overfull \vbox (232.28064pt too high) detected at line 2188
 []


Overfull \vbox (232.28064pt too high) detected at line 2188
 []




Package fancyhdr Warning: \headheight is too small (12.0pt): 
(fancyhdr)                Make it at least 14.0pt, for example:
(fancyhdr)                \setlength{\headheight}{14.0pt}.
(fancyhdr)                You might also make \topmargin smaller:
(fancyhdr)                \addtolength{\topmargin}{-2.0pt}.

[186 <./Book03/fig26g.pdf> <./Book03/fig26e.pdf>]
Underfull \hbox (badness 10000) in paragraph at lines 2207--2208

 []

<Book03/fig28g.pdf, id=2121, 540.0175pt x 272.01625pt>
File: Book03/fig28g.pdf Graphic file (type pdf)
<use Book03/fig28g.pdf>
Package pdftex.def Info: Book03/fig28g.pdf  used on input line 2210.
(pdftex.def)             Requested size: 540.01617pt x 272.01558pt.
<Book03/fig28e.pdf, id=2122, 531.9875pt x 268.00125pt>
File: Book03/fig28e.pdf Graphic file (type pdf)
<use Book03/fig28e.pdf>
Package pdftex.def Info: Book03/fig28e.pdf  used on input line 2240.
(pdftex.def)             Requested size: 531.9862pt x 268.00058pt.

Overfull \vbox (268.41554pt too high) detected at line 2256
 []


Overfull \vbox (264.40054pt too high) detected at line 2256
 []




Package fancyhdr Warning: \headheight is too small (12.0pt): 
(fancyhdr)                Make it at least 14.0pt, for example:
(fancyhdr)                \setlength{\headheight}{14.0pt}.
(fancyhdr)                You might also make \topmargin smaller:
(fancyhdr)                \addtolength{\topmargin}{-2.0pt}.

[187 <./Book03/fig27g.pdf> <./Book03/fig27e.pdf>]
Underfull \hbox (badness 10000) in paragraph at lines 2279--2280

 []


Underfull \hbox (badness 10000) in paragraph at lines 2279--2280

 []


Underfull \hbox (badness 10000) in paragraph at lines 2279--2280

 []


Underfull \hbox (badness 10000) in paragraph at lines 2279--2280

 []

<Book03/fig29g.pdf, id=2141, 540.0175pt x 273.02pt>
File: Book03/fig29g.pdf Graphic file (type pdf)
<use Book03/fig29g.pdf>
Package pdftex.def Info: Book03/fig29g.pdf  used on input line 2282.
(pdftex.def)             Requested size: 540.01617pt x 273.01933pt.
<Book03/fig29e.pdf, id=2142, 529.98pt x 268.00125pt>
File: Book03/fig29e.pdf Graphic file (type pdf)
<use Book03/fig29e.pdf>
Package pdftex.def Info: Book03/fig29e.pdf  used on input line 2306.
(pdftex.def)             Requested size: 529.97868pt x 268.00058pt.

Overfull \vbox (264.40054pt too high) detected at line 2310
 []


Overfull \vbox (269.4193pt too high) detected at line 2310
 []




Package fancyhdr Warning: \headheight is too small (12.0pt): 
(fancyhdr)                Make it at least 14.0pt, for example:
(fancyhdr)                \setlength{\headheight}{14.0pt}.
(fancyhdr)                You might also make \topmargin smaller:
(fancyhdr)                \addtolength{\topmargin}{-2.0pt}.

[188 <./Book03/fig28g.pdf> <./Book03/fig28e.pdf>]


Package fancyhdr Warning: \headheight is too small (12.0pt): 
(fancyhdr)                Make it at least 14.0pt, for example:
(fancyhdr)                \setlength{\headheight}{14.0pt}.
(fancyhdr)                You might also make \topmargin smaller:
(fancyhdr)                \addtolength{\topmargin}{-2.0pt}.

[189 <./Book03/fig29e.pdf>]
<Book03/fig30g.pdf, id=2169, 308.15125pt x 155.58125pt>
File: Book03/fig30g.pdf Graphic file (type pdf)
<use Book03/fig30g.pdf>
Package pdftex.def Info: Book03/fig30g.pdf  used on input line 2331.
(pdftex.def)             Requested size: 308.15048pt x 155.58086pt.
<Book03/fig30e.pdf, id=2170, 302.12875pt x 154.5775pt>
File: Book03/fig30e.pdf Graphic file (type pdf)
<use Book03/fig30e.pdf>
Package pdftex.def Info: Book03/fig30e.pdf  used on input line 2355.
(pdftex.def)             Requested size: 302.128pt x 154.5771pt.

Overfull \vbox (151.98082pt too high) detected at line 2368
 []


Overfull \vbox (150.97707pt too high) detected at line 2368
 []




Package fancyhdr Warning: \headheight is too small (12.0pt): 
(fancyhdr)                Make it at least 14.0pt, for example:
(fancyhdr)                \setlength{\headheight}{14.0pt}.
(fancyhdr)                You might also make \topmargin smaller:
(fancyhdr)                \addtolength{\topmargin}{-2.0pt}.

[190 <./Book03/fig29g.pdf> <./Book03/fig30g.pdf> <./Book03/fig30e.pdf>]
Underfull \hbox (badness 10000) in paragraph at lines 2383--2384

 []

<Book03/fig31g.pdf, id=2195, 373.395pt x 351.3125pt>
File: Book03/fig31g.pdf Graphic file (type pdf)
<use Book03/fig31g.pdf>
Package pdftex.def Info: Book03/fig31g.pdf  used on input line 2386.
(pdftex.def)             Requested size: 373.39409pt x 351.31163pt.
<Book03/fig31e.pdf, id=2196, 363.3575pt x 346.29375pt>
File: Book03/fig31e.pdf Graphic file (type pdf)
<use Book03/fig31e.pdf>
Package pdftex.def Info: Book03/fig31e.pdf  used on input line 2445.
(pdftex.def)             Requested size: 363.3566pt x 346.2929pt.

Overfull \vbox (347.7116pt too high) detected at line 2489
 []


Overfull \vbox (342.69286pt too high) detected at line 2489
 []




Package fancyhdr Warning: \headheight is too small (12.0pt): 
(fancyhdr)                Make it at least 14.0pt, for example:
(fancyhdr)                \setlength{\headheight}{14.0pt}.
(fancyhdr)                You might also make \topmargin smaller:
(fancyhdr)                \addtolength{\topmargin}{-2.0pt}.

[191 <./Book03/fig31g.pdf> <./Book03/fig31e.pdf>]
Underfull \hbox (badness 10000) in paragraph at lines 2503--2504

 []

<Book03/fig32e.pdf, id=2215, 399.4925pt x 332.24126pt>
File: Book03/fig32e.pdf Graphic file (type pdf)
<use Book03/fig32e.pdf>
Package pdftex.def Info: Book03/fig32e.pdf  used on input line 2506.
(pdftex.def)             Requested size: 399.49152pt x 332.24043pt.

./Book03/Book3.tex:2527: LaTeX Error: Invalid UTF-8 byte sequence (�\global\mathchardef).

See the LaTeX manual or LaTeX Companion for explanation.
Type  H <return>  for immediate help.
 ...                                              
                                                  
l.2527 ...ΓΒ γωνίᾳ ἐστὶνὸίση.}
                                                  
The document does not appear to be in UTF-8 encoding.
Try adding \UseRawInputEncoding as the first line of the file
or specify an encoding such as \usepackage [latin1]{inputenc}
in the document preamble.
Alternatively, save the file in UTF-8 using your editor or another tool

./Book03/Book3.tex:2527: Missing number, treated as zero.
<to be read again> 
                   }
l.2527 ...ΓΒ γωνίᾳ ἐστὶνὸίση.}
                                                  
A number should have been here; I inserted `0'.
(If you can't figure out why I needed to see a number,
look up `weird error' in the index to The TeXbook.)

./Book03/Book3.tex:2527: Bad space factor (0).
<to be read again> 
                   }
l.2527 ...ΓΒ γωνίᾳ ἐστὶνὸίση.}
                                                  
I allow only values in the range 1..32767 here.


./Book03/Book3.tex:2527: LaTeX Error: Invalid UTF-8 byte sequence (�\egroup\ifmmode).

See the LaTeX manual or LaTeX Companion for explanation.
Type  H <return>  for immediate help.
 ...                                              
                                                  
l.2527 ...ΓΒ γωνίᾳ ἐστὶνὸίση.}
                                                  
The document does not appear to be in UTF-8 encoding.
Try adding \UseRawInputEncoding as the first line of the file
or specify an encoding such as \usepackage [latin1]{inputenc}
in the document preamble.
Alternatively, save the file in UTF-8 using your editor or another tool


./Book03/Book3.tex:2527: LaTeX Error: Invalid UTF-8 byte "BD.

See the LaTeX manual or LaTeX Companion for explanation.
Type  H <return>  for immediate help.
 ...                                              
                                                  
l.2527 ...ΓΒ γωνίᾳ ἐστὶνὸίση.}
                                                  
The document does not appear to be in UTF-8 encoding.
Try adding \UseRawInputEncoding as the first line of the file
or specify an encoding such as \usepackage [latin1]{inputenc}
in the document preamble.
Alternatively, save the file in UTF-8 using your editor or another tool


./Book03/Book3.tex:2527: LaTeX Error: Invalid UTF-8 byte "A1.

See the LaTeX manual or LaTeX Companion for explanation.
Type  H <return>  for immediate help.
 ...                                              
                                                  
l.2527 ...ΓΒ γωνίᾳ ἐστὶνὸίση.}
                                                  
The document does not appear to be in UTF-8 encoding.
Try adding \UseRawInputEncoding as the first line of the file
or specify an encoding such as \usepackage [latin1]{inputenc}
in the document preamble.
Alternatively, save the file in UTF-8 using your editor or another tool

./Book03/Book3.tex:2527: Missing } inserted.
<inserted text> 
                }
l.2527 ...ΓΒ γωνίᾳ ἐστὶνὸίση.}
                                                  
I've inserted something that you may have forgotten.
(See the <inserted text> above.)
With luck, this will get me unwedged. But if you
really didn't forget anything, try typing `2' now; then
my insertion and my current dilemma will both disappear.

File: Book03/fig32e.pdf Graphic file (type pdf)
<use Book03/fig32e.pdf>
Package pdftex.def Info: Book03/fig32e.pdf  used on input line 2544.
(pdftex.def)             Requested size: 399.49152pt x 332.24043pt.

Overfull \vbox (328.6404pt too high) detected at line 2574
 []


Overfull \vbox (328.6404pt too high) detected at line 2574
 []




Package fancyhdr Warning: \headheight is too small (12.0pt): 
(fancyhdr)                Make it at least 14.0pt, for example:
(fancyhdr)                \setlength{\headheight}{14.0pt}.
(fancyhdr)                You might also make \topmargin smaller:
(fancyhdr)                \addtolength{\topmargin}{-2.0pt}.

[192]


Package fancyhdr Warning: \headheight is too small (12.0pt): 
(fancyhdr)                Make it at least 14.0pt, for example:
(fancyhdr)                \setlength{\headheight}{14.0pt}.
(fancyhdr)                You might also make \topmargin smaller:
(fancyhdr)                \addtolength{\topmargin}{-2.0pt}.

[193 <./Book03/fig32e.pdf>]
<Book03/fig33g.pdf, id=2231, 832.10875pt x 335.2525pt>
File: Book03/fig33g.pdf Graphic file (type pdf)
<use Book03/fig33g.pdf>
Package pdftex.def Info: Book03/fig33g.pdf  used on input line 2589.
(pdftex.def)             Requested size: 832.10672pt x 335.25168pt.
<Book03/fig33e.pdf, id=2232, 830.10126pt x 351.3125pt>
File: Book03/fig33e.pdf Graphic file (type pdf)
<use Book03/fig33e.pdf>
Package pdftex.def Info: Book03/fig33e.pdf  used on input line 2658.
(pdftex.def)             Requested size: 830.09924pt x 351.31163pt.

Overfull \vbox (331.65164pt too high) detected at line 2718
 []


Overfull \vbox (347.7116pt too high) detected at line 2718
 []




Package fancyhdr Warning: \headheight is too small (12.0pt): 
(fancyhdr)                Make it at least 14.0pt, for example:
(fancyhdr)                \setlength{\headheight}{14.0pt}.
(fancyhdr)                You might also make \topmargin smaller:
(fancyhdr)                \addtolength{\topmargin}{-2.0pt}.

[194 <./Book03/fig33g.pdf> <./Book03/fig33e.pdf>]


Package fancyhdr Warning: \headheight is too small (12.0pt): 
(fancyhdr)                Make it at least 14.0pt, for example:
(fancyhdr)                \setlength{\headheight}{14.0pt}.
(fancyhdr)                You might also make \topmargin smaller:
(fancyhdr)                \addtolength{\topmargin}{-2.0pt}.

[195]
<Book03/fig34g.pdf, id=2254, 483.8075pt x 286.06876pt>
File: Book03/fig34g.pdf Graphic file (type pdf)
<use Book03/fig34g.pdf>
Package pdftex.def Info: Book03/fig34g.pdf  used on input line 2738.
(pdftex.def)             Requested size: 483.80632pt x 286.06805pt.
<Book03/fig34e.pdf, id=2255, 477.785pt x 285.065pt>
File: Book03/fig34e.pdf Graphic file (type pdf)
<use Book03/fig34e.pdf>
Package pdftex.def Info: Book03/fig34e.pdf  used on input line 2765.
(pdftex.def)             Requested size: 477.78383pt x 285.0643pt.

Overfull \vbox (282.46802pt too high) detected at line 2780
 []


Overfull \vbox (281.46426pt too high) detected at line 2780
 []




Package fancyhdr Warning: \headheight is too small (12.0pt): 
(fancyhdr)                Make it at least 14.0pt, for example:
(fancyhdr)                \setlength{\headheight}{14.0pt}.
(fancyhdr)                You might also make \topmargin smaller:
(fancyhdr)                \addtolength{\topmargin}{-2.0pt}.

[196 <./Book03/fig34g.pdf> <./Book03/fig34e.pdf>]
Underfull \hbox (badness 10000) in paragraph at lines 2832--2833

 []


Underfull \hbox (badness 10000) in paragraph at lines 2832--2833

 []


Underfull \hbox (badness 10000) in paragraph at lines 2832--2833

 []


Underfull \hbox (badness 10000) in paragraph at lines 2832--2833

 []


Underfull \hbox (badness 10000) in paragraph at lines 2832--2833

 []


Underfull \hbox (badness 10000) in paragraph at lines 2832--2833

 []


Underfull \hbox (badness 10000) in paragraph at lines 2832--2833

 []

<Book03/fig35g.pdf, id=2273, 552.0625pt x 254.9525pt>
File: Book03/fig35g.pdf Graphic file (type pdf)
<use Book03/fig35g.pdf>
Package pdftex.def Info: Book03/fig35g.pdf  used on input line 2835.
(pdftex.def)             Requested size: 552.06114pt x 254.95186pt.
<Book03/fig35e.pdf, id=2274, 545.03625pt x 250.9375pt>
File: Book03/fig35e.pdf Graphic file (type pdf)
<use Book03/fig35e.pdf>
Package pdftex.def Info: Book03/fig35e.pdf  used on input line 2890.
(pdftex.def)             Requested size: 545.03493pt x 250.93687pt.

Overfull \vbox (251.35182pt too high) detected at line 2896
 []


Overfull \vbox (247.33684pt too high) detected at line 2896
 []




Package fancyhdr Warning: \headheight is too small (12.0pt): 
(fancyhdr)                Make it at least 14.0pt, for example:
(fancyhdr)                \setlength{\headheight}{14.0pt}.
(fancyhdr)                You might also make \topmargin smaller:
(fancyhdr)                \addtolength{\topmargin}{-2.0pt}.

[197]
Underfull \hbox (badness 10000) in paragraph at lines 2917--2918

 []

<Book03/fig36g.pdf, id=2280, 651.43375pt x 358.33875pt>
File: Book03/fig36g.pdf Graphic file (type pdf)
<use Book03/fig36g.pdf>
Package pdftex.def Info: Book03/fig36g.pdf  used on input line 2920.
(pdftex.def)             Requested size: 651.43214pt x 358.33788pt.
<Book03/fig36e.pdf, id=2281, 643.40375pt x 354.32375pt>
File: Book03/fig36e.pdf Graphic file (type pdf)
<use Book03/fig36e.pdf>
Package pdftex.def Info: Book03/fig36e.pdf  used on input line 2982.
(pdftex.def)             Requested size: 643.40218pt x 354.32288pt.

Overfull \vbox (354.73784pt too high) detected at line 3028
 []


Overfull \vbox (350.72284pt too high) detected at line 3028
 []




Package fancyhdr Warning: \headheight is too small (12.0pt): 
(fancyhdr)                Make it at least 14.0pt, for example:
(fancyhdr)                \setlength{\headheight}{14.0pt}.
(fancyhdr)                You might also make \topmargin smaller:
(fancyhdr)                \addtolength{\topmargin}{-2.0pt}.

[198 <./Book03/fig35g.pdf> <./Book03/fig35e.pdf>]


Package fancyhdr Warning: \headheight is too small (12.0pt): 
(fancyhdr)                Make it at least 14.0pt, for example:
(fancyhdr)                \setlength{\headheight}{14.0pt}.
(fancyhdr)                You might also make \topmargin smaller:
(fancyhdr)                \addtolength{\topmargin}{-2.0pt}.

[199 <./Book03/fig36g.pdf>]


Package fancyhdr Warning: \headheight is too small (12.0pt): 
(fancyhdr)                Make it at least 14.0pt, for example:
(fancyhdr)                \setlength{\headheight}{14.0pt}.
(fancyhdr)                You might also make \topmargin smaller:
(fancyhdr)                \addtolength{\topmargin}{-2.0pt}.

[200 <./Book03/fig36e.pdf>]
Underfull \hbox (badness 10000) in paragraph at lines 3051--3052

 []


Underfull \hbox (badness 10000) in paragraph at lines 3051--3052

 []

<Book03/fig37g.pdf, id=2320, 367.3725pt x 231.86626pt>
File: Book03/fig37g.pdf Graphic file (type pdf)
<use Book03/fig37g.pdf>
Package pdftex.def Info: Book03/fig37g.pdf  used on input line 3054.
(pdftex.def)             Requested size: 367.37158pt x 231.86568pt.
<Book03/fig37e.pdf, id=2321, 367.3725pt x 230.8625pt>
File: Book03/fig37e.pdf Graphic file (type pdf)
<use Book03/fig37e.pdf>
Package pdftex.def Info: Book03/fig37e.pdf  used on input line 3098.
(pdftex.def)             Requested size: 367.37158pt x 230.86192pt.

Overfull \vbox (228.26564pt too high) detected at line 3124
 []


Overfull \vbox (227.26189pt too high) detected at line 3124
 []




Package fancyhdr Warning: \headheight is too small (12.0pt): 
(fancyhdr)                Make it at least 14.0pt, for example:
(fancyhdr)                \setlength{\headheight}{14.0pt}.
(fancyhdr)                You might also make \topmargin smaller:
(fancyhdr)                \addtolength{\topmargin}{-2.0pt}.

[201]


Package fancyhdr Warning: \headheight is too small (12.0pt): 
(fancyhdr)                Make it at least 14.0pt, for example:
(fancyhdr)                \setlength{\headheight}{14.0pt}.
(fancyhdr)                You might also make \topmargin smaller:
(fancyhdr)                \addtolength{\topmargin}{-2.0pt}.

[202 <./Book03/fig37g.pdf> <./Book03/fig37e.pdf>])

[203]
/Users/phoneee/proj/euclid/Elements/Elements.tex:91: Extra \else.
\@include ...ediate \closeout \@partaux \fi \else 
                                                  \deadcycles \z@ \@nameuse ...
l.91 \include{Book03/Book3}
                           
I'm ignoring this; it doesn't match any \if.

/Users/phoneee/proj/euclid/Elements/Elements.tex:91: Extra \else.
\@include ...ed}\fi \let \@auxout \@mainaux \else 
                                                  \@latex@warning {\noexpand...
l.91 \include{Book03/Book3}
                           
I'm ignoring this; it doesn't match any \if.


LaTeX Warning: \include should only be used after \begin{document} on input line 91.

(./Book03/Book3.tex
pdfTeX warning (ext4): destination with the same identifier (name{book3.0}) has been already used, duplicate ignored
<to be read again> 
                   \relax 
l.6 \pdfbookmark[0]{Book 3}{book3}
                                  

[204


]
pdfTeX warning (ext4): destination with the same identifier (name{def3.1}) has been already used, duplicate ignored
<to be read again> 
                   \relax 
l.21 \pdfbookmark[1]{Definitions}{def3}
                                       
pdfTeX warning (ext4): destination with the same identifier (name{pdf3.1.1}) has been already used, duplicate ignored
<to be read again> 
                   \relax 
l.106 \pdfbookmark[1]{Proposition 3.1}{pdf3.1}
                                              
Underfull \hbox (badness 10000) in paragraph at lines 132--133

 []


Underfull \hbox (badness 10000) in paragraph at lines 132--133

 []


Underfull \hbox (badness 10000) in paragraph at lines 132--133

 []


Underfull \hbox (badness 10000) in paragraph at lines 132--133

 []

File: Book03/fig01g.pdf Graphic file (type pdf)
<use Book03/fig01g.pdf>
Package pdftex.def Info: Book03/fig01g.pdf  used on input line 135.
(pdftex.def)             Requested size: 295.10176pt x 335.25168pt.
File: Book03/fig01e.pdf Graphic file (type pdf)
<use Book03/fig01e.pdf>
Package pdftex.def Info: Book03/fig01e.pdf  used on input line 178.
(pdftex.def)             Requested size: 295.10176pt x 335.25168pt.

Overfull \vbox (331.65164pt too high) detected at line 190
 []


Overfull \vbox (331.65164pt too high) detected at line 190
 []




Package fancyhdr Warning: \headheight is too small (12.0pt): 
(fancyhdr)                Make it at least 14.0pt, for example:
(fancyhdr)                \setlength{\headheight}{14.0pt}.
(fancyhdr)                You might also make \topmargin smaller:
(fancyhdr)                \addtolength{\topmargin}{-2.0pt}.

[205]
pdfTeX warning (ext4): destination with the same identifier (name{pdf3.2.1}) has been already used, duplicate ignored
<to be read again> 
                   \relax 
l.196 \pdfbookmark[1]{Proposition 3.2}{pdf3.2}
                                              
Underfull \hbox (badness 10000) in paragraph at lines 225--226

 []


Underfull \hbox (badness 10000) in paragraph at lines 225--226

 []


Underfull \hbox (badness 10000) in paragraph at lines 225--226

 []

File: Book03/fig02g.pdf Graphic file (type pdf)
<use Book03/fig02g.pdf>
Package pdftex.def Info: Book03/fig02g.pdf  used on input line 228.
(pdftex.def)             Requested size: 316.18047pt x 316.18047pt.
File: Book03/fig02e.pdf Graphic file (type pdf)
<use Book03/fig02e.pdf>
Package pdftex.def Info: Book03/fig02e.pdf  used on input line 261.
(pdftex.def)             Requested size: 313.16922pt x 316.18047pt.

Overfull \vbox (312.58043pt too high) detected at line 266
 []


Overfull \vbox (312.58043pt too high) detected at line 266
 []




Package fancyhdr Warning: \headheight is too small (12.0pt): 
(fancyhdr)                Make it at least 14.0pt, for example:
(fancyhdr)                \setlength{\headheight}{14.0pt}.
(fancyhdr)                You might also make \topmargin smaller:
(fancyhdr)                \addtolength{\topmargin}{-2.0pt}.

[206]
pdfTeX warning (ext4): destination with the same identifier (name{pdf3.3.1}) has been already used, duplicate ignored
<to be read again> 
                   \relax 
l.271 \pdfbookmark[1]{Proposition 3.3}{pdf3.3}
                                              
Underfull \hbox (badness 10000) in paragraph at lines 298--299

 []


Underfull \hbox (badness 10000) in paragraph at lines 298--299

 []


Underfull \hbox (badness 10000) in paragraph at lines 298--299

 []


Underfull \hbox (badness 10000) in paragraph at lines 298--299

 []

File: Book03/fig03g.pdf Graphic file (type pdf)
<use Book03/fig03g.pdf>
Package pdftex.def Info: Book03/fig03g.pdf  used on input line 301.
(pdftex.def)             Requested size: 253.94812pt x 262.98184pt.
File: Book03/fig03e.pdf Graphic file (type pdf)
<use Book03/fig03e.pdf>
Package pdftex.def Info: Book03/fig03e.pdf  used on input line 341.
(pdftex.def)             Requested size: 247.92564pt x 262.98184pt.

Overfull \vbox (259.3818pt too high) detected at line 347
 []


Overfull \vbox (259.3818pt too high) detected at line 347
 []




Package fancyhdr Warning: \headheight is too small (12.0pt): 
(fancyhdr)                Make it at least 14.0pt, for example:
(fancyhdr)                \setlength{\headheight}{14.0pt}.
(fancyhdr)                You might also make \topmargin smaller:
(fancyhdr)                \addtolength{\topmargin}{-2.0pt}.

[207]


Package fancyhdr Warning: \headheight is too small (12.0pt): 
(fancyhdr)                Make it at least 14.0pt, for example:
(fancyhdr)                \setlength{\headheight}{14.0pt}.
(fancyhdr)                You might also make \topmargin smaller:
(fancyhdr)                \addtolength{\topmargin}{-2.0pt}.

[208]
pdfTeX warning (ext4): destination with the same identifier (name{pdf3.4.1}) has been already used, duplicate ignored
<to be read again> 
                   \relax 
l.352 \pdfbookmark[1]{Proposition 3.4}{pdf3.4}
                                              
Underfull \hbox (badness 10000) in paragraph at lines 360--361

 []

File: Book03/fig04g.pdf Graphic file (type pdf)
<use Book03/fig04g.pdf>
Package pdftex.def Info: Book03/fig04g.pdf  used on input line 363.
(pdftex.def)             Requested size: 302.128pt x 260.97437pt.
File: Book03/fig04e.pdf Graphic file (type pdf)
<use Book03/fig04e.pdf>
Package pdftex.def Info: Book03/fig04e.pdf  used on input line 390.
(pdftex.def)             Requested size: 298.11302pt x 260.97437pt.

Overfull \vbox (257.37433pt too high) detected at line 408
 []


Overfull \vbox (257.37433pt too high) detected at line 408
 []




Package fancyhdr Warning: \headheight is too small (12.0pt): 
(fancyhdr)                Make it at least 14.0pt, for example:
(fancyhdr)                \setlength{\headheight}{14.0pt}.
(fancyhdr)                You might also make \topmargin smaller:
(fancyhdr)                \addtolength{\topmargin}{-2.0pt}.

[209]
pdfTeX warning (ext4): destination with the same identifier (name{pdf3.5.1}) has been already used, duplicate ignored
<to be read again> 
                   \relax 
l.413 \pdfbookmark[1]{Proposition 3.5}{pdf3.5}
                                              
File: Book03/fig05g.pdf Graphic file (type pdf)
<use Book03/fig05g.pdf>
Package pdftex.def Info: Book03/fig05g.pdf  used on input line 424.
(pdftex.def)             Requested size: 269.00433pt x 274.02307pt.
File: Book03/fig05e.pdf Graphic file (type pdf)
<use Book03/fig05e.pdf>
Package pdftex.def Info: Book03/fig05e.pdf  used on input line 445.
(pdftex.def)             Requested size: 269.00433pt x 274.02307pt.

Overfull \vbox (270.42303pt too high) detected at line 459
 []


Overfull \vbox (270.42303pt too high) detected at line 459
 []




Package fancyhdr Warning: \headheight is too small (12.0pt): 
(fancyhdr)                Make it at least 14.0pt, for example:
(fancyhdr)                \setlength{\headheight}{14.0pt}.
(fancyhdr)                You might also make \topmargin smaller:
(fancyhdr)                \addtolength{\topmargin}{-2.0pt}.

[210]
pdfTeX warning (ext4): destination with the same identifier (name{pdf3.6.1}) has been already used, duplicate ignored
<to be read again> 
                   \relax 
l.464 \pdfbookmark[1]{Proposition 3.6}{pdf3.6}
                                              

./Book03/Book3.tex:481: LaTeX Error: Invalid UTF-8 byte sequence (�\global\mathchardef).

See the LaTeX manual or LaTeX Companion for explanation.
Type  H <return>  for immediate help.
 ...                                              
                                                  
l.481 τῶν ΑΒΓ, ΓΔΕ κύκλων.}
                                           
The document does not appear to be in UTF-8 encoding.
Try adding \UseRawInputEncoding as the first line of the file
or specify an encoding such as \usepackage [latin1]{inputenc}
in the document preamble.
Alternatively, save the file in UTF-8 using your editor or another tool

./Book03/Book3.tex:481: Missing number, treated as zero.
<to be read again> 
                   }
l.481 τῶν ΑΒΓ, ΓΔΕ κύκλων.}
                                           
A number should have been here; I inserted `0'.
(If you can't figure out why I needed to see a number,
look up `weird error' in the index to The TeXbook.)

./Book03/Book3.tex:481: Bad space factor (0).
<to be read again> 
                   }
l.481 τῶν ΑΒΓ, ΓΔΕ κύκλων.}
                                           
I allow only values in the range 1..32767 here.


./Book03/Book3.tex:481: LaTeX Error: Invalid UTF-8 byte sequence (�\egroup\ifmmode).

See the LaTeX manual or LaTeX Companion for explanation.
Type  H <return>  for immediate help.
 ...                                              
                                                  
l.481 τῶν ΑΒΓ, ΓΔΕ κύκλων.}
                                           
The document does not appear to be in UTF-8 encoding.
Try adding \UseRawInputEncoding as the first line of the file
or specify an encoding such as \usepackage [latin1]{inputenc}
in the document preamble.
Alternatively, save the file in UTF-8 using your editor or another tool

./Book03/Book3.tex:481: Extra \else.
\add@accent ...accent #1 #2\egroup \ifmmode \else 
                                                  \spacefactor \accent@space...
l.481 τῶν ΑΒΓ, ΓΔΕ κύκλων.}
                                           
I'm ignoring this; it doesn't match any \if.

./Book03/Book3.tex:481: Missing number, treated as zero.
<to be read again> 
                   \accent@spacefactor 
l.481 τῶν ΑΒΓ, ΓΔΕ κύκλων.}
                                           
A number should have been here; I inserted `0'.
(If you can't figure out why I needed to see a number,
look up `weird error' in the index to The TeXbook.)

./Book03/Book3.tex:481: Bad space factor (0).
<to be read again> 
                   \accent@spacefactor 
l.481 τῶν ΑΒΓ, ΓΔΕ κύκλων.}
                                           
I allow only values in the range 1..32767 here.

./Book03/Book3.tex:481: Extra \fi.
\add@accent ...pacefactor \accent@spacefactor \fi 
                                                  
l.481 τῶν ΑΒΓ, ΓΔΕ κύκλων.}
                                           
I'm ignoring this; it doesn't match any \if.


./Book03/Book3.tex:481: LaTeX Error: Invalid UTF-8 byte "BD.

See the LaTeX manual or LaTeX Companion for explanation.
Type  H <return>  for immediate help.
 ...                                              
                                                  
l.481 τῶν ΑΒΓ, ΓΔΕ κύκλων.}
                                           
The document does not appear to be in UTF-8 encoding.
Try adding \UseRawInputEncoding as the first line of the file
or specify an encoding such as \usepackage [latin1]{inputenc}
in the document preamble.
Alternatively, save the file in UTF-8 using your editor or another tool


./Book03/Book3.tex:481: LaTeX Error: Invalid UTF-8 byte "90.

See the LaTeX manual or LaTeX Companion for explanation.
Type  H <return>  for immediate help.
 ...                                              
                                                  
l.481 τῶν ΑΒΓ, ΓΔΕ κύκλων.}
                                           
The document does not appear to be in UTF-8 encoding.
Try adding \UseRawInputEncoding as the first line of the file
or specify an encoding such as \usepackage [latin1]{inputenc}
in the document preamble.
Alternatively, save the file in UTF-8 using your editor or another tool

./Book03/Book3.tex:481: Missing } inserted.
<inserted text> 
                }
l.481 τῶν ΑΒΓ, ΓΔΕ κύκλων.}
                                           
I've inserted something that you may have forgotten.
(See the <inserted text> above.)
With luck, this will get me unwedged. But if you
really didn't forget anything, try typing `2' now; then
my insertion and my current dilemma will both disappear.

File: Book03/fig06g.pdf Graphic file (type pdf)
<use Book03/fig06g.pdf>
Package pdftex.def Info: Book03/fig06g.pdf  used on input line 484.
(pdftex.def)             Requested size: 366.36784pt x 353.31914pt.
File: Book03/fig06e.pdf Graphic file (type pdf)
<use Book03/fig06e.pdf>
Package pdftex.def Info: Book03/fig06e.pdf  used on input line 509.
(pdftex.def)             Requested size: 364.36035pt x 354.32288pt.

Overfull \vbox (349.7191pt too high) detected at line 512
 []


Overfull \vbox (350.72284pt too high) detected at line 512
 []




Package fancyhdr Warning: \headheight is too small (12.0pt): 
(fancyhdr)                Make it at least 14.0pt, for example:
(fancyhdr)                \setlength{\headheight}{14.0pt}.
(fancyhdr)                You might also make \topmargin smaller:
(fancyhdr)                \addtolength{\topmargin}{-2.0pt}.

[211]
pdfTeX warning (ext4): destination with the same identifier (name{pdf3.7.1}) has been already used, duplicate ignored
<to be read again> 
                   \relax 
l.517 \pdfbookmark[1]{Proposition 3.7}{pdf3.7}
                                              
Underfull \hbox (badness 10000) in paragraph at lines 544--545

 []


Underfull \hbox (badness 10000) in paragraph at lines 544--545

 []


Underfull \hbox (badness 10000) in paragraph at lines 544--545

 []


Underfull \hbox (badness 10000) in paragraph at lines 544--545

 []


Underfull \hbox (badness 10000) in paragraph at lines 544--545

 []


Underfull \hbox (badness 10000) in paragraph at lines 544--545

 []


Underfull \hbox (badness 10000) in paragraph at lines 544--545

 []

File: Book03/fig07g.pdf Graphic file (type pdf)
<use Book03/fig07g.pdf>
Package pdftex.def Info: Book03/fig07g.pdf  used on input line 547.
(pdftex.def)             Requested size: 379.41656pt x 354.32288pt.
File: Book03/fig07e.pdf Graphic file (type pdf)
<use Book03/fig07e.pdf>
Package pdftex.def Info: Book03/fig07e.pdf  used on input line 604.
(pdftex.def)             Requested size: 374.39783pt x 357.33412pt.

Overfull \vbox (350.72284pt too high) detected at line 630
 []


Overfull \vbox (353.73409pt too high) detected at line 630
 []




Package fancyhdr Warning: \headheight is too small (12.0pt): 
(fancyhdr)                Make it at least 14.0pt, for example:
(fancyhdr)                \setlength{\headheight}{14.0pt}.
(fancyhdr)                You might also make \topmargin smaller:
(fancyhdr)                \addtolength{\topmargin}{-2.0pt}.

[212]


Package fancyhdr Warning: \headheight is too small (12.0pt): 
(fancyhdr)                Make it at least 14.0pt, for example:
(fancyhdr)                \setlength{\headheight}{14.0pt}.
(fancyhdr)                You might also make \topmargin smaller:
(fancyhdr)                \addtolength{\topmargin}{-2.0pt}.

[213]
pdfTeX warning (ext4): destination with the same identifier (name{pdf3.8.1}) has been already used, duplicate ignored
<to be read again> 
                   \relax 
l.637 \pdfbookmark[1]{Proposition 3.8}{pdf3.8}
                                              
Underfull \hbox (badness 10000) in paragraph at lines 677--678

 []


Underfull \hbox (badness 10000) in paragraph at lines 677--678

 []


Underfull \hbox (badness 10000) in paragraph at lines 677--678

 []


Underfull \hbox (badness 10000) in paragraph at lines 677--678

 []


Underfull \hbox (badness 10000) in paragraph at lines 677--678

 []


Underfull \hbox (badness 10000) in paragraph at lines 677--678

 []


Underfull \hbox (badness 10000) in paragraph at lines 677--678

 []


Underfull \hbox (badness 10000) in paragraph at lines 677--678

 []

File: Book03/fig08g.pdf Graphic file (type pdf)
<use Book03/fig08g.pdf>
Package pdftex.def Info: Book03/fig08g.pdf  used on input line 680.
(pdftex.def)             Requested size: 366.36784pt x 362.35286pt.
File: Book03/fig08e.pdf Graphic file (type pdf)
<use Book03/fig08e.pdf>
Package pdftex.def Info: Book03/fig08e.pdf  used on input line 756.
(pdftex.def)             Requested size: 359.34161pt x 361.34912pt.

Overfull \vbox (358.75282pt too high) detected at line 787
 []


Overfull \vbox (357.74908pt too high) detected at line 787
 []




Package fancyhdr Warning: \headheight is too small (12.0pt): 
(fancyhdr)                Make it at least 14.0pt, for example:
(fancyhdr)                \setlength{\headheight}{14.0pt}.
(fancyhdr)                You might also make \topmargin smaller:
(fancyhdr)                \addtolength{\topmargin}{-2.0pt}.

[214]


Package fancyhdr Warning: \headheight is too small (12.0pt): 
(fancyhdr)                Make it at least 14.0pt, for example:
(fancyhdr)                \setlength{\headheight}{14.0pt}.
(fancyhdr)                You might also make \topmargin smaller:
(fancyhdr)                \addtolength{\topmargin}{-2.0pt}.

[215]


Package fancyhdr Warning: \headheight is too small (12.0pt): 
(fancyhdr)                Make it at least 14.0pt, for example:
(fancyhdr)                \setlength{\headheight}{14.0pt}.
(fancyhdr)                You might also make \topmargin smaller:
(fancyhdr)                \addtolength{\topmargin}{-2.0pt}.

[216]
pdfTeX warning (ext4): destination with the same identifier (name{pdf3.9.1}) has been already used, duplicate ignored
<to be read again> 
                   \relax 
l.795 \pdfbookmark[1]{Proposition 3.9}{pdf3.9}
                                              
Underfull \hbox (badness 10000) in paragraph at lines 808--809

 []

File: Book03/fig09g.pdf Graphic file (type pdf)
<use Book03/fig09g.pdf>
Package pdftex.def Info: Book03/fig09g.pdf  used on input line 811.
(pdftex.def)             Requested size: 354.32288pt x 347.29665pt.
File: Book03/fig09e.pdf Graphic file (type pdf)
<use Book03/fig09e.pdf>
Package pdftex.def Info: Book03/fig09e.pdf  used on input line 846.
(pdftex.def)             Requested size: 343.28165pt x 345.28914pt.

Overfull \vbox (343.69661pt too high) detected at line 866
 []


Overfull \vbox (341.6891pt too high) detected at line 866
 []




Package fancyhdr Warning: \headheight is too small (12.0pt): 
(fancyhdr)                Make it at least 14.0pt, for example:
(fancyhdr)                \setlength{\headheight}{14.0pt}.
(fancyhdr)                You might also make \topmargin smaller:
(fancyhdr)                \addtolength{\topmargin}{-2.0pt}.

[217]
pdfTeX warning (ext4): destination with the same identifier (name{pdf3.10.1}) has been already used, duplicate ignored
<to be read again> 
                   \relax 
l.871 \pdfbookmark[1]{Proposition 3.10}{pdf3.10}
                                                
Underfull \hbox (badness 10000) in paragraph at lines 882--883

 []


Underfull \hbox (badness 10000) in paragraph at lines 882--883

 []

File: Book03/fig10g.pdf Graphic file (type pdf)
<use Book03/fig10g.pdf>
Package pdftex.def Info: Book03/fig10g.pdf  used on input line 885.
(pdftex.def)             Requested size: 414.54773pt x 341.27415pt.
File: Book03/fig10e.pdf Graphic file (type pdf)
<use Book03/fig10e.pdf>
Package pdftex.def Info: Book03/fig10e.pdf  used on input line 914.
(pdftex.def)             Requested size: 406.51775pt x 336.25543pt.

Overfull \vbox (337.67412pt too high) detected at line 929
 []


Overfull \vbox (332.6554pt too high) detected at line 929
 []




Package fancyhdr Warning: \headheight is too small (12.0pt): 
(fancyhdr)                Make it at least 14.0pt, for example:
(fancyhdr)                \setlength{\headheight}{14.0pt}.
(fancyhdr)                You might also make \topmargin smaller:
(fancyhdr)                \addtolength{\topmargin}{-2.0pt}.

[218]


Package fancyhdr Warning: \headheight is too small (12.0pt): 
(fancyhdr)                Make it at least 14.0pt, for example:
(fancyhdr)                \setlength{\headheight}{14.0pt}.
(fancyhdr)                You might also make \topmargin smaller:
(fancyhdr)                \addtolength{\topmargin}{-2.0pt}.

[219]
pdfTeX warning (ext4): destination with the same identifier (name{pdf3.11.1}) has been already used, duplicate ignored
<to be read again> 
                   \relax 
l.934 \pdfbookmark[1]{Proposition 3.11}{pdf3.11}
                                                
Underfull \hbox (badness 10000) in paragraph at lines 957--958

 []


Underfull \hbox (badness 10000) in paragraph at lines 957--958

 []

File: Book03/fig11g.pdf Graphic file (type pdf)
<use Book03/fig11g.pdf>
Package pdftex.def Info: Book03/fig11g.pdf  used on input line 960.
(pdftex.def)             Requested size: 302.128pt x 309.15424pt.
File: Book03/fig11e.pdf Graphic file (type pdf)
<use Book03/fig11e.pdf>
Package pdftex.def Info: Book03/fig11e.pdf  used on input line 993.
(pdftex.def)             Requested size: 299.11676pt x 306.14299pt.

Overfull \vbox (305.5542pt too high) detected at line 999
 []


Overfull \vbox (302.54295pt too high) detected at line 999
 []




Package fancyhdr Warning: \headheight is too small (12.0pt): 
(fancyhdr)                Make it at least 14.0pt, for example:
(fancyhdr)                \setlength{\headheight}{14.0pt}.
(fancyhdr)                You might also make \topmargin smaller:
(fancyhdr)                \addtolength{\topmargin}{-2.0pt}.

[220]
pdfTeX warning (ext4): destination with the same identifier (name{pdf3.12.1}) has been already used, duplicate ignored
<to be read again> 
                   \relax 
l.1004 \pdfbookmark[1]{Proposition 3.12}{pdf3.12}
                                                 
Underfull \hbox (badness 10000) in paragraph at lines 1012--1013

 []

File: Book03/fig12g.pdf Graphic file (type pdf)
<use Book03/fig12g.pdf>
Package pdftex.def Info: Book03/fig12g.pdf  used on input line 1015.
(pdftex.def)             Requested size: 339.26666pt x 375.40158pt.
File: Book03/fig12e.pdf Graphic file (type pdf)
<use Book03/fig12e.pdf>
Package pdftex.def Info: Book03/fig12e.pdf  used on input line 1045.
(pdftex.def)             Requested size: 339.26666pt x 360.34537pt.

Overfull \vbox (371.80154pt too high) detected at line 1066
 []


Overfull \vbox (356.74533pt too high) detected at line 1066
 []




Package fancyhdr Warning: \headheight is too small (12.0pt): 
(fancyhdr)                Make it at least 14.0pt, for example:
(fancyhdr)                \setlength{\headheight}{14.0pt}.
(fancyhdr)                You might also make \topmargin smaller:
(fancyhdr)                \addtolength{\topmargin}{-2.0pt}.

[221]
pdfTeX warning (ext4): destination with the same identifier (name{pdf3.13.1}) has been already used, duplicate ignored
<to be read again> 
                   \relax 
l.1071 \pdfbookmark[1]{Proposition 3.13}{pdf3.13}
                                                 
File: Book03/fig13g.pdf Graphic file (type pdf)
<use Book03/fig13g.pdf>
Package pdftex.def Info: Book03/fig13g.pdf  used on input line 1081.
(pdftex.def)             Requested size: 335.25168pt x 345.28914pt.
File: Book03/fig13e.pdf Graphic file (type pdf)
<use Book03/fig13e.pdf>
Package pdftex.def Info: Book03/fig13e.pdf  used on input line 1121.
(pdftex.def)             Requested size: 335.25168pt x 345.28914pt.

Overfull \vbox (341.6891pt too high) detected at line 1151
 []


Overfull \vbox (341.6891pt too high) detected at line 1151
 []




Package fancyhdr Warning: \headheight is too small (12.0pt): 
(fancyhdr)                Make it at least 14.0pt, for example:
(fancyhdr)                \setlength{\headheight}{14.0pt}.
(fancyhdr)                You might also make \topmargin smaller:
(fancyhdr)                \addtolength{\topmargin}{-2.0pt}.

[222]


Package fancyhdr Warning: \headheight is too small (12.0pt): 
(fancyhdr)                Make it at least 14.0pt, for example:
(fancyhdr)                \setlength{\headheight}{14.0pt}.
(fancyhdr)                You might also make \topmargin smaller:
(fancyhdr)                \addtolength{\topmargin}{-2.0pt}.

[223]
pdfTeX warning (ext4): destination with the same identifier (name{pdf3.14.1}) has been already used, duplicate ignored
<to be read again> 
                   \relax 
l.1157 \pdfbookmark[1]{Proposition 3.14}{pdf3.14}
                                                 
Underfull \hbox (badness 10000) in paragraph at lines 1165--1166

 []

File: Book03/fig14g.pdf Graphic file (type pdf)
<use Book03/fig14g.pdf>
Package pdftex.def Info: Book03/fig14g.pdf  used on input line 1168.
(pdftex.def)             Requested size: 286.06805pt x 303.13176pt.
File: Book03/fig14e.pdf Graphic file (type pdf)
<use Book03/fig14e.pdf>
Package pdftex.def Info: Book03/fig14e.pdf  used on input line 1222.
(pdftex.def)             Requested size: 282.05305pt x 302.128pt.

Overfull \vbox (298.52797pt too high) detected at line 1259
 []


Overfull \vbox (299.53172pt too high) detected at line 1259
 []




Package fancyhdr Warning: \headheight is too small (12.0pt): 
(fancyhdr)                Make it at least 14.0pt, for example:
(fancyhdr)                \setlength{\headheight}{14.0pt}.
(fancyhdr)                You might also make \topmargin smaller:
(fancyhdr)                \addtolength{\topmargin}{-2.0pt}.

[224]


Package fancyhdr Warning: \headheight is too small (12.0pt): 
(fancyhdr)                Make it at least 14.0pt, for example:
(fancyhdr)                \setlength{\headheight}{14.0pt}.
(fancyhdr)                You might also make \topmargin smaller:
(fancyhdr)                \addtolength{\topmargin}{-2.0pt}.

[225]
pdfTeX warning (ext4): destination with the same identifier (name{pdf3.15.1}) has been already used, duplicate ignored
<to be read again> 
                   \relax 
l.1266 \pdfbookmark[1]{Proposition 3.15}{pdf3.15}
                                                 
Underfull \hbox (badness 10000) in paragraph at lines 1291--1292

 []


Underfull \hbox (badness 10000) in paragraph at lines 1291--1292

 []


Underfull \hbox (badness 10000) in paragraph at lines 1291--1292

 []


Underfull \hbox (badness 10000) in paragraph at lines 1291--1292

 []

File: Book03/fig15g.pdf Graphic file (type pdf)
<use Book03/fig15g.pdf>
Package pdftex.def Info: Book03/fig15g.pdf  used on input line 1294.
(pdftex.def)             Requested size: 350.30789pt x 388.45029pt.
File: Book03/fig15e.pdf Graphic file (type pdf)
<use Book03/fig15e.pdf>
Package pdftex.def Info: Book03/fig15e.pdf  used on input line 1325.
(pdftex.def)             Requested size: 350.30789pt x 389.45404pt.

Overfull \vbox (385.854pt too high) detected at line 1329
 []


Overfull \vbox (384.85025pt too high) detected at line 1329
 []




Package fancyhdr Warning: \headheight is too small (12.0pt): 
(fancyhdr)                Make it at least 14.0pt, for example:
(fancyhdr)                \setlength{\headheight}{14.0pt}.
(fancyhdr)                You might also make \topmargin smaller:
(fancyhdr)                \addtolength{\topmargin}{-2.0pt}.

[226]


Package fancyhdr Warning: \headheight is too small (12.0pt): 
(fancyhdr)                Make it at least 14.0pt, for example:
(fancyhdr)                \setlength{\headheight}{14.0pt}.
(fancyhdr)                You might also make \topmargin smaller:
(fancyhdr)                \addtolength{\topmargin}{-2.0pt}.

[227]
pdfTeX warning (ext4): destination with the same identifier (name{pdf3.16.1}) has been already used, duplicate ignored
<to be read again> 
                   \relax 
l.1337 \pdfbookmark[1]{Proposition 3.16}{pdf3.16}
                                                 
Underfull \hbox (badness 10000) in paragraph at lines 1371--1372

 []


Underfull \hbox (badness 10000) in paragraph at lines 1371--1372

 []


Underfull \hbox (badness 10000) in paragraph at lines 1371--1372

 []


Underfull \hbox (badness 10000) in paragraph at lines 1371--1372

 []

File: Book03/fig16g.pdf Graphic file (type pdf)
<use Book03/fig16g.pdf>
Package pdftex.def Info: Book03/fig16g.pdf  used on input line 1374.
(pdftex.def)             Requested size: 388.45029pt x 300.12051pt.

Underfull \hbox (badness 10000) in paragraph at lines 1392--1393

 []


Underfull \hbox (badness 10000) in paragraph at lines 1392--1393

 []

File: Book03/fig16e.pdf Graphic file (type pdf)
<use Book03/fig16e.pdf>
Package pdftex.def Info: Book03/fig16e.pdf  used on input line 1441.
(pdftex.def)             Requested size: 382.42781pt x 299.11676pt.

Underfull \hbox (badness 10000) in paragraph at lines 1448--1459

 []


Overfull \vbox (296.52048pt too high) detected at line 1468
 []


Overfull \vbox (295.51672pt too high) detected at line 1468
 []




Package fancyhdr Warning: \headheight is too small (12.0pt): 
(fancyhdr)                Make it at least 14.0pt, for example:
(fancyhdr)                \setlength{\headheight}{14.0pt}.
(fancyhdr)                You might also make \topmargin smaller:
(fancyhdr)                \addtolength{\topmargin}{-2.0pt}.

[228]


Package fancyhdr Warning: \headheight is too small (12.0pt): 
(fancyhdr)                Make it at least 14.0pt, for example:
(fancyhdr)                \setlength{\headheight}{14.0pt}.
(fancyhdr)                You might also make \topmargin smaller:
(fancyhdr)                \addtolength{\topmargin}{-2.0pt}.

[229]
pdfTeX warning (ext4): destination with the same identifier (name{pdf3.17.1}) has been already used, duplicate ignored
<to be read again> 
                   \relax 
l.1473 \pdfbookmark[1]{Proposition 3.17}{pdf3.17}
                                                 
File: Book03/fig17g.pdf Graphic file (type pdf)
<use Book03/fig17g.pdf>
Package pdftex.def Info: Book03/fig17g.pdf  used on input line 1487.
(pdftex.def)             Requested size: 336.25543pt x 332.24043pt.
File: Book03/fig17e.pdf Graphic file (type pdf)
<use Book03/fig17e.pdf>
Package pdftex.def Info: Book03/fig17e.pdf  used on input line 1517.
(pdftex.def)             Requested size: 331.23668pt x 331.23668pt.

Overfull \vbox (328.6404pt too high) detected at line 1536
 []


Overfull \vbox (327.63664pt too high) detected at line 1536
 []




Package fancyhdr Warning: \headheight is too small (12.0pt): 
(fancyhdr)                Make it at least 14.0pt, for example:
(fancyhdr)                \setlength{\headheight}{14.0pt}.
(fancyhdr)                You might also make \topmargin smaller:
(fancyhdr)                \addtolength{\topmargin}{-2.0pt}.

[230]
pdfTeX warning (ext4): destination with the same identifier (name{pdf3.18.1}) has been already used, duplicate ignored
<to be read again> 
                   \relax 
l.1541 \pdfbookmark[1]{Proposition 3.18}{pdf3.18}
                                                 
Underfull \hbox (badness 10000) in paragraph at lines 1564--1565

 []


Underfull \hbox (badness 10000) in paragraph at lines 1564--1565

 []


Underfull \hbox (badness 10000) in paragraph at lines 1564--1565

 []

File: Book03/fig18g.pdf Graphic file (type pdf)
<use Book03/fig18g.pdf>
Package pdftex.def Info: Book03/fig18g.pdf  used on input line 1567.
(pdftex.def)             Requested size: 357.33412pt x 326.21794pt.
File: Book03/fig18e.pdf Graphic file (type pdf)
<use Book03/fig18e.pdf>
Package pdftex.def Info: Book03/fig18e.pdf  used on input line 1595.
(pdftex.def)             Requested size: 357.33412pt x 326.21794pt.

Overfull \vbox (322.6179pt too high) detected at line 1601
 []


Overfull \vbox (322.6179pt too high) detected at line 1601
 []




Package fancyhdr Warning: \headheight is too small (12.0pt): 
(fancyhdr)                Make it at least 14.0pt, for example:
(fancyhdr)                \setlength{\headheight}{14.0pt}.
(fancyhdr)                You might also make \topmargin smaller:
(fancyhdr)                \addtolength{\topmargin}{-2.0pt}.

[231]
pdfTeX warning (ext4): destination with the same identifier (name{pdf3.19.1}) has been already used, duplicate ignored
<to be read again> 
                   \relax 
l.1606 \pdfbookmark[1]{Proposition 3.19}{pdf3.19}
                                                 
Underfull \hbox (badness 10000) in paragraph at lines 1615--1616

 []

File: Book03/fig19g.pdf Graphic file (type pdf)
<use Book03/fig19g.pdf>
Package pdftex.def Info: Book03/fig19g.pdf  used on input line 1618.
(pdftex.def)             Requested size: 368.37534pt x 300.12051pt.
File: Book03/fig19e.pdf Graphic file (type pdf)
<use Book03/fig19e.pdf>
Package pdftex.def Info: Book03/fig19e.pdf  used on input line 1648.
(pdftex.def)             Requested size: 365.3641pt x 300.12051pt.

Overfull \vbox (296.52048pt too high) detected at line 1666
 []


Overfull \vbox (296.52048pt too high) detected at line 1666
 []




Package fancyhdr Warning: \headheight is too small (12.0pt): 
(fancyhdr)                Make it at least 14.0pt, for example:
(fancyhdr)                \setlength{\headheight}{14.0pt}.
(fancyhdr)                You might also make \topmargin smaller:
(fancyhdr)                \addtolength{\topmargin}{-2.0pt}.

[232]
pdfTeX warning (ext4): destination with the same identifier (name{pdf3.20.1}) has been already used, duplicate ignored
<to be read again> 
                   \relax 
l.1671 \pdfbookmark[1]{Proposition 3.20}{pdf3.20}
                                                 
File: Book03/fig20g.pdf Graphic file (type pdf)
<use Book03/fig20g.pdf>
Package pdftex.def Info: Book03/fig20g.pdf  used on input line 1694.
(pdftex.def)             Requested size: 299.11676pt x 304.1355pt.
File: Book03/fig20e.pdf Graphic file (type pdf)
<use Book03/fig20e.pdf>
Package pdftex.def Info: Book03/fig20e.pdf  used on input line 1727.
(pdftex.def)             Requested size: 298.11302pt x 304.1355pt.

Underfull \hbox (badness 10000) in paragraph at lines 1735--1737

 []


Overfull \vbox (300.53546pt too high) detected at line 1738
 []


Overfull \vbox (300.53546pt too high) detected at line 1738
 []




Package fancyhdr Warning: \headheight is too small (12.0pt): 
(fancyhdr)                Make it at least 14.0pt, for example:
(fancyhdr)                \setlength{\headheight}{14.0pt}.
(fancyhdr)                You might also make \topmargin smaller:
(fancyhdr)                \addtolength{\topmargin}{-2.0pt}.

[233]
pdfTeX warning (ext4): destination with the same identifier (name{pdf3.21.1}) has been already used, duplicate ignored
<to be read again> 
                   \relax 
l.1743 \pdfbookmark[1]{Proposition 3.21}{pdf3.21}
                                                 
File: Book03/fig21g.pdf Graphic file (type pdf)
<use Book03/fig21g.pdf>
Package pdftex.def Info: Book03/fig21g.pdf  used on input line 1754.
(pdftex.def)             Requested size: 277.03432pt x 260.97437pt.
File: Book03/fig21e.pdf Graphic file (type pdf)
<use Book03/fig21e.pdf>
Package pdftex.def Info: Book03/fig21e.pdf  used on input line 1779.
(pdftex.def)             Requested size: 273.01933pt x 260.97437pt.

Overfull \vbox (257.37433pt too high) detected at line 1794
 []


Overfull \vbox (257.37433pt too high) detected at line 1794
 []




Package fancyhdr Warning: \headheight is too small (12.0pt): 
(fancyhdr)                Make it at least 14.0pt, for example:
(fancyhdr)                \setlength{\headheight}{14.0pt}.
(fancyhdr)                You might also make \topmargin smaller:
(fancyhdr)                \addtolength{\topmargin}{-2.0pt}.

[234]
pdfTeX warning (ext4): destination with the same identifier (name{pdf3.22.1}) has been already used, duplicate ignored
<to be read again> 
                   \relax 
l.1799 \pdfbookmark[1]{Proposition 3.22}{pdf3.22}
                                                 
File: Book03/fig22g.pdf Graphic file (type pdf)
<use Book03/fig22g.pdf>
Package pdftex.def Info: Book03/fig22g.pdf  used on input line 1809.
(pdftex.def)             Requested size: 311.16174pt x 285.0643pt.
File: Book03/fig22e.pdf Graphic file (type pdf)
<use Book03/fig22e.pdf>
Package pdftex.def Info: Book03/fig22e.pdf  used on input line 1834.
(pdftex.def)             Requested size: 305.13924pt x 284.06053pt.

Overfull \vbox (281.46426pt too high) detected at line 1853
 []


Overfull \vbox (280.4605pt too high) detected at line 1853
 []




Package fancyhdr Warning: \headheight is too small (12.0pt): 
(fancyhdr)                Make it at least 14.0pt, for example:
(fancyhdr)                \setlength{\headheight}{14.0pt}.
(fancyhdr)                You might also make \topmargin smaller:
(fancyhdr)                \addtolength{\topmargin}{-2.0pt}.

[235]
pdfTeX warning (ext4): destination with the same identifier (name{pdf3.23.1}) has been already used, duplicate ignored
<to be read again> 
                   \relax 
l.1858 \pdfbookmark[1]{Proposition 3.23}{pdf3.23}
                                                 
File: Book03/fig23g.pdf Graphic file (type pdf)
<use Book03/fig23g.pdf>
Package pdftex.def Info: Book03/fig23g.pdf  used on input line 1873.
(pdftex.def)             Requested size: 412.54024pt x 148.55463pt.
File: Book03/fig23e.pdf Graphic file (type pdf)
<use Book03/fig23e.pdf>
Package pdftex.def Info: Book03/fig23e.pdf  used on input line 1893.
(pdftex.def)             Requested size: 409.52899pt x 148.55463pt.

Overfull \vbox (144.95459pt too high) detected at line 1900
 []


Overfull \vbox (144.95459pt too high) detected at line 1900
 []




Package fancyhdr Warning: \headheight is too small (12.0pt): 
(fancyhdr)                Make it at least 14.0pt, for example:
(fancyhdr)                \setlength{\headheight}{14.0pt}.
(fancyhdr)                You might also make \topmargin smaller:
(fancyhdr)                \addtolength{\topmargin}{-2.0pt}.

[236]
pdfTeX warning (ext4): destination with the same identifier (name{pdf3.24.1}) has been already used, duplicate ignored
<to be read again> 
                   \relax 
l.1905 \pdfbookmark[1]{Proposition 3.24}{pdf3.24}
                                                 
Underfull \hbox (badness 10000) in paragraph at lines 1925--1926

 []


Underfull \hbox (badness 10000) in paragraph at lines 1925--1926

 []

File: Book03/fig24g.pdf Graphic file (type pdf)
<use Book03/fig24g.pdf>
Package pdftex.def Info: Book03/fig24g.pdf  used on input line 1928.
(pdftex.def)             Requested size: 300.12051pt x 340.27042pt.

Underfull \hbox (badness 10000) in paragraph at lines 1942--1951

 []

File: Book03/fig24e.pdf Graphic file (type pdf)
<use Book03/fig24e.pdf>
Package pdftex.def Info: Book03/fig24e.pdf  used on input line 1953.
(pdftex.def)             Requested size: 300.12051pt x 340.27042pt.

Overfull \vbox (336.67038pt too high) detected at line 1956
 []


Overfull \vbox (336.67038pt too high) detected at line 1956
 []




Package fancyhdr Warning: \headheight is too small (12.0pt): 
(fancyhdr)                Make it at least 14.0pt, for example:
(fancyhdr)                \setlength{\headheight}{14.0pt}.
(fancyhdr)                You might also make \topmargin smaller:
(fancyhdr)                \addtolength{\topmargin}{-2.0pt}.

[237]
pdfTeX warning (ext4): destination with the same identifier (name{pdf3.25.1}) has been already used, duplicate ignored
<to be read again> 
                   \relax 
l.1962 \pdfbookmark[1]{Proposition 3.25}{pdf3.25}
                                                 
Underfull \hbox (badness 10000) in paragraph at lines 1991--1992

 []


Underfull \hbox (badness 10000) in paragraph at lines 1991--1992

 []


Underfull \hbox (badness 10000) in paragraph at lines 1991--1992

 []

File: Book03/fig25g.pdf Graphic file (type pdf)
<use Book03/fig25g.pdf>
Package pdftex.def Info: Book03/fig25g.pdf  used on input line 1994.
(pdftex.def)             Requested size: 670.50337pt x 270.00807pt.
File: Book03/fig25e.pdf Graphic file (type pdf)
<use Book03/fig25e.pdf>
Package pdftex.def Info: Book03/fig25e.pdf  used on input line 2042.
(pdftex.def)             Requested size: 664.48087pt x 269.00433pt.

Overfull \vbox (266.40804pt too high) detected at line 2055
 []


Overfull \vbox (265.4043pt too high) detected at line 2055
 []




Package fancyhdr Warning: \headheight is too small (12.0pt): 
(fancyhdr)                Make it at least 14.0pt, for example:
(fancyhdr)                \setlength{\headheight}{14.0pt}.
(fancyhdr)                You might also make \topmargin smaller:
(fancyhdr)                \addtolength{\topmargin}{-2.0pt}.

[238]
pdfTeX warning (ext4): destination with the same identifier (name{pdf3.26.1}) has been already used, duplicate ignored
<to be read again> 
                   \relax 
l.2060 \pdfbookmark[1]{Proposition 3.26}{pdf3.26}
                                                 
Underfull \hbox (badness 10000) in paragraph at lines 2082--2083

 []


Underfull \hbox (badness 10000) in paragraph at lines 2082--2083

 []


Underfull \hbox (badness 10000) in paragraph at lines 2082--2083

 []

File: Book03/fig26g.pdf Graphic file (type pdf)
<use Book03/fig26g.pdf>
Package pdftex.def Info: Book03/fig26g.pdf  used on input line 2085.
(pdftex.def)             Requested size: 495.85129pt x 238.8919pt.
File: Book03/fig26e.pdf Graphic file (type pdf)
<use Book03/fig26e.pdf>
Package pdftex.def Info: Book03/fig26e.pdf  used on input line 2117.
(pdftex.def)             Requested size: 493.84378pt x 237.88815pt.

Overfull \vbox (235.29187pt too high) detected at line 2122
 []


Overfull \vbox (234.28812pt too high) detected at line 2122
 []




Package fancyhdr Warning: \headheight is too small (12.0pt): 
(fancyhdr)                Make it at least 14.0pt, for example:
(fancyhdr)                \setlength{\headheight}{14.0pt}.
(fancyhdr)                You might also make \topmargin smaller:
(fancyhdr)                \addtolength{\topmargin}{-2.0pt}.

[239]
pdfTeX warning (ext4): destination with the same identifier (name{pdf3.27.1}) has been already used, duplicate ignored
<to be read again> 
                   \relax 
l.2127 \pdfbookmark[1]{Proposition 3.27}{pdf3.27}
                                                 
File: Book03/fig27g.pdf Graphic file (type pdf)
<use Book03/fig27g.pdf>
Package pdftex.def Info: Book03/fig27g.pdf  used on input line 2138.
(pdftex.def)             Requested size: 529.97868pt x 235.88068pt.
File: Book03/fig27e.pdf Graphic file (type pdf)
<use Book03/fig27e.pdf>
Package pdftex.def Info: Book03/fig27e.pdf  used on input line 2171.
(pdftex.def)             Requested size: 527.9712pt x 235.88068pt.

Underfull \hbox (badness 10000) in paragraph at lines 2185--2187

 []


Overfull \vbox (232.28064pt too high) detected at line 2188
 []


Overfull \vbox (232.28064pt too high) detected at line 2188
 []




Package fancyhdr Warning: \headheight is too small (12.0pt): 
(fancyhdr)                Make it at least 14.0pt, for example:
(fancyhdr)                \setlength{\headheight}{14.0pt}.
(fancyhdr)                You might also make \topmargin smaller:
(fancyhdr)                \addtolength{\topmargin}{-2.0pt}.

[240]
pdfTeX warning (ext4): destination with the same identifier (name{pdf3.28.1}) has been already used, duplicate ignored
<to be read again> 
                   \relax 
l.2193 \pdfbookmark[1]{Proposition 3.28}{pdf3.28}
                                                 
Underfull \hbox (badness 10000) in paragraph at lines 2207--2208

 []

File: Book03/fig28g.pdf Graphic file (type pdf)
<use Book03/fig28g.pdf>
Package pdftex.def Info: Book03/fig28g.pdf  used on input line 2210.
(pdftex.def)             Requested size: 540.01617pt x 272.01558pt.
File: Book03/fig28e.pdf Graphic file (type pdf)
<use Book03/fig28e.pdf>
Package pdftex.def Info: Book03/fig28e.pdf  used on input line 2240.
(pdftex.def)             Requested size: 531.9862pt x 268.00058pt.

Overfull \vbox (268.41554pt too high) detected at line 2256
 []


Overfull \vbox (264.40054pt too high) detected at line 2256
 []




Package fancyhdr Warning: \headheight is too small (12.0pt): 
(fancyhdr)                Make it at least 14.0pt, for example:
(fancyhdr)                \setlength{\headheight}{14.0pt}.
(fancyhdr)                You might also make \topmargin smaller:
(fancyhdr)                \addtolength{\topmargin}{-2.0pt}.

[241]
pdfTeX warning (ext4): destination with the same identifier (name{pdf3.29.1}) has been already used, duplicate ignored
<to be read again> 
                   \relax 
l.2261 \pdfbookmark[1]{Proposition 3.29}{pdf3.29}
                                                 
Underfull \hbox (badness 10000) in paragraph at lines 2279--2280

 []


Underfull \hbox (badness 10000) in paragraph at lines 2279--2280

 []


Underfull \hbox (badness 10000) in paragraph at lines 2279--2280

 []


Underfull \hbox (badness 10000) in paragraph at lines 2279--2280

 []

File: Book03/fig29g.pdf Graphic file (type pdf)
<use Book03/fig29g.pdf>
Package pdftex.def Info: Book03/fig29g.pdf  used on input line 2282.
(pdftex.def)             Requested size: 540.01617pt x 273.01933pt.
File: Book03/fig29e.pdf Graphic file (type pdf)
<use Book03/fig29e.pdf>
Package pdftex.def Info: Book03/fig29e.pdf  used on input line 2306.
(pdftex.def)             Requested size: 529.97868pt x 268.00058pt.

Overfull \vbox (264.40054pt too high) detected at line 2310
 []


Overfull \vbox (269.4193pt too high) detected at line 2310
 []




Package fancyhdr Warning: \headheight is too small (12.0pt): 
(fancyhdr)                Make it at least 14.0pt, for example:
(fancyhdr)                \setlength{\headheight}{14.0pt}.
(fancyhdr)                You might also make \topmargin smaller:
(fancyhdr)                \addtolength{\topmargin}{-2.0pt}.

[242]


Package fancyhdr Warning: \headheight is too small (12.0pt): 
(fancyhdr)                Make it at least 14.0pt, for example:
(fancyhdr)                \setlength{\headheight}{14.0pt}.
(fancyhdr)                You might also make \topmargin smaller:
(fancyhdr)                \addtolength{\topmargin}{-2.0pt}.

[243]
pdfTeX warning (ext4): destination with the same identifier (name{pdf3.30.1}) has been already used, duplicate ignored
<to be read again> 
                   \relax 
l.2315 \pdfbookmark[1]{Proposition 3.30}{pdf3.30}
                                                 
File: Book03/fig30g.pdf Graphic file (type pdf)
<use Book03/fig30g.pdf>
Package pdftex.def Info: Book03/fig30g.pdf  used on input line 2331.
(pdftex.def)             Requested size: 308.15048pt x 155.58086pt.
File: Book03/fig30e.pdf Graphic file (type pdf)
<use Book03/fig30e.pdf>
Package pdftex.def Info: Book03/fig30e.pdf  used on input line 2355.
(pdftex.def)             Requested size: 302.128pt x 154.5771pt.

Overfull \vbox (151.98082pt too high) detected at line 2368
 []


Overfull \vbox (150.97707pt too high) detected at line 2368
 []




Package fancyhdr Warning: \headheight is too small (12.0pt): 
(fancyhdr)                Make it at least 14.0pt, for example:
(fancyhdr)                \setlength{\headheight}{14.0pt}.
(fancyhdr)                You might also make \topmargin smaller:
(fancyhdr)                \addtolength{\topmargin}{-2.0pt}.

[244]
pdfTeX warning (ext4): destination with the same identifier (name{pdf3.31.1}) has been already used, duplicate ignored
<to be read again> 
                   \relax 
l.2373 \pdfbookmark[1]{Proposition 3.31}{pdf3.31}
                                                 
Underfull \hbox (badness 10000) in paragraph at lines 2383--2384

 []

File: Book03/fig31g.pdf Graphic file (type pdf)
<use Book03/fig31g.pdf>
Package pdftex.def Info: Book03/fig31g.pdf  used on input line 2386.
(pdftex.def)             Requested size: 373.39409pt x 351.31163pt.
File: Book03/fig31e.pdf Graphic file (type pdf)
<use Book03/fig31e.pdf>
Package pdftex.def Info: Book03/fig31e.pdf  used on input line 2445.
(pdftex.def)             Requested size: 363.3566pt x 346.2929pt.

Overfull \vbox (347.7116pt too high) detected at line 2489
 []


Overfull \vbox (342.69286pt too high) detected at line 2489
 []




Package fancyhdr Warning: \headheight is too small (12.0pt): 
(fancyhdr)                Make it at least 14.0pt, for example:
(fancyhdr)                \setlength{\headheight}{14.0pt}.
(fancyhdr)                You might also make \topmargin smaller:
(fancyhdr)                \addtolength{\topmargin}{-2.0pt}.

[245]
pdfTeX warning (ext4): destination with the same identifier (name{pdf3.32.1}) has been already used, duplicate ignored
<to be read again> 
                   \relax 
l.2494 \pdfbookmark[1]{Proposition 3.32}{pdf3.32}
                                                 
Underfull \hbox (badness 10000) in paragraph at lines 2503--2504

 []

File: Book03/fig32e.pdf Graphic file (type pdf)
<use Book03/fig32e.pdf>
Package pdftex.def Info: Book03/fig32e.pdf  used on input line 2506.
(pdftex.def)             Requested size: 399.49152pt x 332.24043pt.

./Book03/Book3.tex:2527: LaTeX Error: Invalid UTF-8 byte sequence (�\global\mathchardef).

See the LaTeX manual or LaTeX Companion for explanation.
Type  H <return>  for immediate help.
 ...                                              
                                                  
l.2527 ...ΓΒ γωνίᾳ ἐστὶνὸίση.}
                                                  
The document does not appear to be in UTF-8 encoding.
Try adding \UseRawInputEncoding as the first line of the file
or specify an encoding such as \usepackage [latin1]{inputenc}
in the document preamble.
Alternatively, save the file in UTF-8 using your editor or another tool

./Book03/Book3.tex:2527: Missing number, treated as zero.
<to be read again> 
                   }
l.2527 ...ΓΒ γωνίᾳ ἐστὶνὸίση.}
                                                  
A number should have been here; I inserted `0'.
(If you can't figure out why I needed to see a number,
look up `weird error' in the index to The TeXbook.)

./Book03/Book3.tex:2527: Bad space factor (0).
<to be read again> 
                   }
l.2527 ...ΓΒ γωνίᾳ ἐστὶνὸίση.}
                                                  
I allow only values in the range 1..32767 here.


./Book03/Book3.tex:2527: LaTeX Error: Invalid UTF-8 byte sequence (�\egroup\ifmmode).

See the LaTeX manual or LaTeX Companion for explanation.
Type  H <return>  for immediate help.
 ...                                              
                                                  
l.2527 ...ΓΒ γωνίᾳ ἐστὶνὸίση.}
                                                  
The document does not appear to be in UTF-8 encoding.
Try adding \UseRawInputEncoding as the first line of the file
or specify an encoding such as \usepackage [latin1]{inputenc}
in the document preamble.
Alternatively, save the file in UTF-8 using your editor or another tool

./Book03/Book3.tex:2527: Extra \else.
\add@accent ...accent #1 #2\egroup \ifmmode \else 
                                                  \spacefactor \accent@space...
l.2527 ...ΓΒ γωνίᾳ ἐστὶνὸίση.}
                                                  
I'm ignoring this; it doesn't match any \if.

./Book03/Book3.tex:2527: Missing number, treated as zero.
<to be read again> 
                   \accent@spacefactor 
l.2527 ...ΓΒ γωνίᾳ ἐστὶνὸίση.}
                                                  
A number should have been here; I inserted `0'.
(If you can't figure out why I needed to see a number,
look up `weird error' in the index to The TeXbook.)

./Book03/Book3.tex:2527: Bad space factor (0).
<to be read again> 
                   \accent@spacefactor 
l.2527 ...ΓΒ γωνίᾳ ἐστὶνὸίση.}
                                                  
I allow only values in the range 1..32767 here.

./Book03/Book3.tex:2527: Extra \fi.
\add@accent ...pacefactor \accent@spacefactor \fi 
                                                  
l.2527 ...ΓΒ γωνίᾳ ἐστὶνὸίση.}
                                                  
I'm ignoring this; it doesn't match any \if.


./Book03/Book3.tex:2527: LaTeX Error: Invalid UTF-8 byte "BD.

See the LaTeX manual or LaTeX Companion for explanation.
Type  H <return>  for immediate help.
 ...                                              
                                                  
l.2527 ...ΓΒ γωνίᾳ ἐστὶνὸίση.}
                                                  
The document does not appear to be in UTF-8 encoding.
Try adding \UseRawInputEncoding as the first line of the file
or specify an encoding such as \usepackage [latin1]{inputenc}
in the document preamble.
Alternatively, save the file in UTF-8 using your editor or another tool


./Book03/Book3.tex:2527: LaTeX Error: Invalid UTF-8 byte "A1.

See the LaTeX manual or LaTeX Companion for explanation.
Type  H <return>  for immediate help.
 ...                                              
                                                  
l.2527 ...ΓΒ γωνίᾳ ἐστὶνὸίση.}
                                                  
The document does not appear to be in UTF-8 encoding.
Try adding \UseRawInputEncoding as the first line of the file
or specify an encoding such as \usepackage [latin1]{inputenc}
in the document preamble.
Alternatively, save the file in UTF-8 using your editor or another tool

./Book03/Book3.tex:2527: Missing } inserted.
<inserted text> 
                }
l.2527 ...ΓΒ γωνίᾳ ἐστὶνὸίση.}
                                                  
I've inserted something that you may have forgotten.
(See the <inserted text> above.)
With luck, this will get me unwedged. But if you
really didn't forget anything, try typing `2' now; then
my insertion and my current dilemma will both disappear.

File: Book03/fig32e.pdf Graphic file (type pdf)
<use Book03/fig32e.pdf>
Package pdftex.def Info: Book03/fig32e.pdf  used on input line 2544.
(pdftex.def)             Requested size: 399.49152pt x 332.24043pt.

Overfull \vbox (328.6404pt too high) detected at line 2574
 []


Overfull \vbox (328.6404pt too high) detected at line 2574
 []




Package fancyhdr Warning: \headheight is too small (12.0pt): 
(fancyhdr)                Make it at least 14.0pt, for example:
(fancyhdr)                \setlength{\headheight}{14.0pt}.
(fancyhdr)                You might also make \topmargin smaller:
(fancyhdr)                \addtolength{\topmargin}{-2.0pt}.

[246]


Package fancyhdr Warning: \headheight is too small (12.0pt): 
(fancyhdr)                Make it at least 14.0pt, for example:
(fancyhdr)                \setlength{\headheight}{14.0pt}.
(fancyhdr)                You might also make \topmargin smaller:
(fancyhdr)                \addtolength{\topmargin}{-2.0pt}.

[247]
pdfTeX warning (ext4): destination with the same identifier (name{pdf3.33.1}) has been already used, duplicate ignored
<to be read again> 
                   \relax 
l.2579 \pdfbookmark[1]{Proposition 3.33}{pdf3.33}
                                                 
File: Book03/fig33g.pdf Graphic file (type pdf)
<use Book03/fig33g.pdf>
Package pdftex.def Info: Book03/fig33g.pdf  used on input line 2589.
(pdftex.def)             Requested size: 832.10672pt x 335.25168pt.
File: Book03/fig33e.pdf Graphic file (type pdf)
<use Book03/fig33e.pdf>
Package pdftex.def Info: Book03/fig33e.pdf  used on input line 2658.
(pdftex.def)             Requested size: 830.09924pt x 351.31163pt.

Overfull \vbox (331.65164pt too high) detected at line 2718
 []


Overfull \vbox (347.7116pt too high) detected at line 2718
 []




Package fancyhdr Warning: \headheight is too small (12.0pt): 
(fancyhdr)                Make it at least 14.0pt, for example:
(fancyhdr)                \setlength{\headheight}{14.0pt}.
(fancyhdr)                You might also make \topmargin smaller:
(fancyhdr)                \addtolength{\topmargin}{-2.0pt}.

[248]


Package fancyhdr Warning: \headheight is too small (12.0pt): 
(fancyhdr)                Make it at least 14.0pt, for example:
(fancyhdr)                \setlength{\headheight}{14.0pt}.
(fancyhdr)                You might also make \topmargin smaller:
(fancyhdr)                \addtolength{\topmargin}{-2.0pt}.

[249]
pdfTeX warning (ext4): destination with the same identifier (name{pdf3.34.1}) has been already used, duplicate ignored
<to be read again> 
                   \relax 
l.2723 \pdfbookmark[1]{Proposition 3.34}{pdf3.34}
                                                 
File: Book03/fig34g.pdf Graphic file (type pdf)
<use Book03/fig34g.pdf>
Package pdftex.def Info: Book03/fig34g.pdf  used on input line 2738.
(pdftex.def)             Requested size: 483.80632pt x 286.06805pt.
File: Book03/fig34e.pdf Graphic file (type pdf)
<use Book03/fig34e.pdf>
Package pdftex.def Info: Book03/fig34e.pdf  used on input line 2765.
(pdftex.def)             Requested size: 477.78383pt x 285.0643pt.

Overfull \vbox (282.46802pt too high) detected at line 2780
 []


Overfull \vbox (281.46426pt too high) detected at line 2780
 []




Package fancyhdr Warning: \headheight is too small (12.0pt): 
(fancyhdr)                Make it at least 14.0pt, for example:
(fancyhdr)                \setlength{\headheight}{14.0pt}.
(fancyhdr)                You might also make \topmargin smaller:
(fancyhdr)                \addtolength{\topmargin}{-2.0pt}.

[250]
pdfTeX warning (ext4): destination with the same identifier (name{pdf3.35.1}) has been already used, duplicate ignored
<to be read again> 
                   \relax 
l.2789 \pdfbookmark[1]{Proposition 3.35}{pdf3.35}
                                                 
Underfull \hbox (badness 10000) in paragraph at lines 2832--2833

 []


Underfull \hbox (badness 10000) in paragraph at lines 2832--2833

 []


Underfull \hbox (badness 10000) in paragraph at lines 2832--2833

 []


Underfull \hbox (badness 10000) in paragraph at lines 2832--2833

 []


Underfull \hbox (badness 10000) in paragraph at lines 2832--2833

 []


Underfull \hbox (badness 10000) in paragraph at lines 2832--2833

 []


Underfull \hbox (badness 10000) in paragraph at lines 2832--2833

 []

File: Book03/fig35g.pdf Graphic file (type pdf)
<use Book03/fig35g.pdf>
Package pdftex.def Info: Book03/fig35g.pdf  used on input line 2835.
(pdftex.def)             Requested size: 552.06114pt x 254.95186pt.
File: Book03/fig35e.pdf Graphic file (type pdf)
<use Book03/fig35e.pdf>
Package pdftex.def Info: Book03/fig35e.pdf  used on input line 2890.
(pdftex.def)             Requested size: 545.03493pt x 250.93687pt.

Overfull \vbox (251.35182pt too high) detected at line 2896
 []


Overfull \vbox (247.33684pt too high) detected at line 2896
 []




Package fancyhdr Warning: \headheight is too small (12.0pt): 
(fancyhdr)                Make it at least 14.0pt, for example:
(fancyhdr)                \setlength{\headheight}{14.0pt}.
(fancyhdr)                You might also make \topmargin smaller:
(fancyhdr)                \addtolength{\topmargin}{-2.0pt}.

[251]
pdfTeX warning (ext4): destination with the same identifier (name{pdf3.36.1}) has been already used, duplicate ignored
<to be read again> 
                   \relax 
l.2901 \pdfbookmark[1]{Proposition 3.36}{pdf3.36}
                                                 
Underfull \hbox (badness 10000) in paragraph at lines 2917--2918

 []

File: Book03/fig36g.pdf Graphic file (type pdf)
<use Book03/fig36g.pdf>
Package pdftex.def Info: Book03/fig36g.pdf  used on input line 2920.
(pdftex.def)             Requested size: 651.43214pt x 358.33788pt.
File: Book03/fig36e.pdf Graphic file (type pdf)
<use Book03/fig36e.pdf>
Package pdftex.def Info: Book03/fig36e.pdf  used on input line 2982.
(pdftex.def)             Requested size: 643.40218pt x 354.32288pt.

Overfull \vbox (354.73784pt too high) detected at line 3028
 []


Overfull \vbox (350.72284pt too high) detected at line 3028
 []




Package fancyhdr Warning: \headheight is too small (12.0pt): 
(fancyhdr)                Make it at least 14.0pt, for example:
(fancyhdr)                \setlength{\headheight}{14.0pt}.
(fancyhdr)                You might also make \topmargin smaller:
(fancyhdr)                \addtolength{\topmargin}{-2.0pt}.

[252]


Package fancyhdr Warning: \headheight is too small (12.0pt): 
(fancyhdr)                Make it at least 14.0pt, for example:
(fancyhdr)                \setlength{\headheight}{14.0pt}.
(fancyhdr)                You might also make \topmargin smaller:
(fancyhdr)                \addtolength{\topmargin}{-2.0pt}.

[253]


Package fancyhdr Warning: \headheight is too small (12.0pt): 
(fancyhdr)                Make it at least 14.0pt, for example:
(fancyhdr)                \setlength{\headheight}{14.0pt}.
(fancyhdr)                You might also make \topmargin smaller:
(fancyhdr)                \addtolength{\topmargin}{-2.0pt}.

[254]
pdfTeX warning (ext4): destination with the same identifier (name{pdf3.37.1}) has been already used, duplicate ignored
<to be read again> 
                   \relax 
l.3033 \pdfbookmark[1]{Proposition 3.37}{pdf3.37}
                                                 
Underfull \hbox (badness 10000) in paragraph at lines 3051--3052

 []


Underfull \hbox (badness 10000) in paragraph at lines 3051--3052

 []

File: Book03/fig37g.pdf Graphic file (type pdf)
<use Book03/fig37g.pdf>
Package pdftex.def Info: Book03/fig37g.pdf  used on input line 3054.
(pdftex.def)             Requested size: 367.37158pt x 231.86568pt.
File: Book03/fig37e.pdf Graphic file (type pdf)
<use Book03/fig37e.pdf>
Package pdftex.def Info: Book03/fig37e.pdf  used on input line 3098.
(pdftex.def)             Requested size: 367.37158pt x 230.86192pt.

Overfull \vbox (228.26564pt too high) detected at line 3124
 []


Overfull \vbox (227.26189pt too high) detected at line 3124
 []




Package fancyhdr Warning: \headheight is too small (12.0pt): 
(fancyhdr)                Make it at least 14.0pt, for example:
(fancyhdr)                \setlength{\headheight}{14.0pt}.
(fancyhdr)                You might also make \topmargin smaller:
(fancyhdr)                \addtolength{\topmargin}{-2.0pt}.

[255]


Package fancyhdr Warning: \headheight is too small (12.0pt): 
(fancyhdr)                Make it at least 14.0pt, for example:
(fancyhdr)                \setlength{\headheight}{14.0pt}.
(fancyhdr)                You might also make \topmargin smaller:
(fancyhdr)                \addtolength{\topmargin}{-2.0pt}.

[256])
/Users/phoneee/proj/euclid/Elements/Elements.tex:91: Extra \fi.
\@include ...g \begin {document}}\@input@ {#1}\fi 
                                                  
l.91 \include{Book03/Book3}
                           
I'm ignoring this; it doesn't match any \if.

/Users/phoneee/proj/euclid/Elements/Elements.tex:91: Extra \fi.
\include ...clude \expandafter {\@curr@file } \fi 
                                                  
l.91 \include{Book03/Book3}
                           
I'm ignoring this; it doesn't match any \if.



[257]
\openout2 = `Book04/Book4.aux'.

 (./Book04/Book4.tex

[258

]
Underfull \hbox (badness 10000) in paragraph at lines 101--102

 []

<Book04/fig01g.pdf, id=2579, 358.33875pt x 321.2pt>
File: Book04/fig01g.pdf Graphic file (type pdf)
<use Book04/fig01g.pdf>
Package pdftex.def Info: Book04/fig01g.pdf  used on input line 104.
(pdftex.def)             Requested size: 358.33788pt x 321.19922pt.
<Book04/fig01e.pdf, id=2580, 354.32375pt x 320.19624pt>
File: Book04/fig01e.pdf Graphic file (type pdf)
<use Book04/fig01e.pdf>
Package pdftex.def Info: Book04/fig01e.pdf  used on input line 134.
(pdftex.def)             Requested size: 354.32288pt x 320.19545pt.

Overfull \vbox (317.59918pt too high) detected at line 150
 []


Overfull \vbox (316.59541pt too high) detected at line 150
 []




Package fancyhdr Warning: \headheight is too small (12.0pt): 
(fancyhdr)                Make it at least 14.0pt, for example:
(fancyhdr)                \setlength{\headheight}{14.0pt}.
(fancyhdr)                You might also make \topmargin smaller:
(fancyhdr)                \addtolength{\topmargin}{-2.0pt}.

[259]
<Book04/fig02g.pdf, id=2588, 571.13374pt x 341.275pt>
File: Book04/fig02g.pdf Graphic file (type pdf)
<use Book04/fig02g.pdf>
Package pdftex.def Info: Book04/fig02g.pdf  used on input line 168.
(pdftex.def)             Requested size: 571.13235pt x 341.27415pt.
<Book04/fig02e.pdf, id=2589, 563.10374pt x 341.275pt>
File: Book04/fig02e.pdf Graphic file (type pdf)
<use Book04/fig02e.pdf>
Package pdftex.def Info: Book04/fig02e.pdf  used on input line 202.
(pdftex.def)             Requested size: 563.10237pt x 341.27415pt.

Overfull \vbox (337.67412pt too high) detected at line 224
 []


Overfull \vbox (337.67412pt too high) detected at line 224
 []




Package fancyhdr Warning: \headheight is too small (12.0pt): 
(fancyhdr)                Make it at least 14.0pt, for example:
(fancyhdr)                \setlength{\headheight}{14.0pt}.
(fancyhdr)                You might also make \topmargin smaller:
(fancyhdr)                \addtolength{\topmargin}{-2.0pt}.

[260 <./Book04/fig01g.pdf> <./Book04/fig01e.pdf>]
<Book04/fig03g.pdf, id=2607, 352.31625pt x 211.79124pt>
File: Book04/fig03g.pdf Graphic file (type pdf)
<use Book04/fig03g.pdf>
Package pdftex.def Info: Book04/fig03g.pdf  used on input line 241.
(pdftex.def)             Requested size: 352.31538pt x 211.79073pt.
<Book04/fig03e.pdf, id=2608, 351.3125pt x 206.7725pt>
File: Book04/fig03e.pdf Graphic file (type pdf)
<use Book04/fig03e.pdf>
Package pdftex.def Info: Book04/fig03e.pdf  used on input line 281.
(pdftex.def)             Requested size: 351.31163pt x 206.77199pt.

Overfull \vbox (208.19069pt too high) detected at line 312
 []


Overfull \vbox (203.17195pt too high) detected at line 312
 []




Package fancyhdr Warning: \headheight is too small (12.0pt): 
(fancyhdr)                Make it at least 14.0pt, for example:
(fancyhdr)                \setlength{\headheight}{14.0pt}.
(fancyhdr)                You might also make \topmargin smaller:
(fancyhdr)                \addtolength{\topmargin}{-2.0pt}.

[261 <./Book04/fig02g.pdf> <./Book04/fig02e.pdf>]


Package fancyhdr Warning: \headheight is too small (12.0pt): 
(fancyhdr)                Make it at least 14.0pt, for example:
(fancyhdr)                \setlength{\headheight}{14.0pt}.
(fancyhdr)                You might also make \topmargin smaller:
(fancyhdr)                \addtolength{\topmargin}{-2.0pt}.

[262 <./Book04/fig03g.pdf> <./Book04/fig03e.pdf>]
<Book04/fig04g.pdf, id=2643, 348.30125pt x 244.915pt>
File: Book04/fig04g.pdf Graphic file (type pdf)
<use Book04/fig04g.pdf>
Package pdftex.def Info: Book04/fig04g.pdf  used on input line 329.
(pdftex.def)             Requested size: 348.3004pt x 244.91438pt.
<Book04/fig04e.pdf, id=2644, 344.28625pt x 239.89626pt>
File: Book04/fig04e.pdf Graphic file (type pdf)
<use Book04/fig04e.pdf>
Package pdftex.def Info: Book04/fig04e.pdf  used on input line 364.
(pdftex.def)             Requested size: 344.2854pt x 239.89566pt.

Overfull \vbox (241.31435pt too high) detected at line 392
 []


Overfull \vbox (236.29562pt too high) detected at line 392
 []




Package fancyhdr Warning: \headheight is too small (12.0pt): 
(fancyhdr)                Make it at least 14.0pt, for example:
(fancyhdr)                \setlength{\headheight}{14.0pt}.
(fancyhdr)                You might also make \topmargin smaller:
(fancyhdr)                \addtolength{\topmargin}{-2.0pt}.

[263 <./Book04/fig04g.pdf> <./Book04/fig04e.pdf>]
<Book04/fig05g.pdf, id=2662, 792.9625pt x 248.93pt>
File: Book04/fig05g.pdf Graphic file (type pdf)
<use Book04/fig05g.pdf>
Package pdftex.def Info: Book04/fig05g.pdf  used on input line 409.
(pdftex.def)             Requested size: 792.96056pt x 248.92938pt.
<Book04/fig05e.pdf, id=2663, 791.95876pt x 246.9225pt>
File: Book04/fig05e.pdf Graphic file (type pdf)
<use Book04/fig05e.pdf>
Package pdftex.def Info: Book04/fig05e.pdf  used on input line 450.
(pdftex.def)             Requested size: 791.95683pt x 246.92188pt.

Overfull \vbox (245.32935pt too high) detected at line 485
 []


Overfull \vbox (243.32184pt too high) detected at line 485
 []




Package fancyhdr Warning: \headheight is too small (12.0pt): 
(fancyhdr)                Make it at least 14.0pt, for example:
(fancyhdr)                \setlength{\headheight}{14.0pt}.
(fancyhdr)                You might also make \topmargin smaller:
(fancyhdr)                \addtolength{\topmargin}{-2.0pt}.

[264 <./Book04/fig05g.pdf> <./Book04/fig05e.pdf>]
Underfull \hbox (badness 10000) in paragraph at lines 503--504

 []

<Book04/fig06g.pdf, id=2681, 295.1025pt x 298.11375pt>
File: Book04/fig06g.pdf Graphic file (type pdf)
<use Book04/fig06g.pdf>
Package pdftex.def Info: Book04/fig06g.pdf  used on input line 506.
(pdftex.def)             Requested size: 295.10176pt x 298.11302pt.
<Book04/fig06e.pdf, id=2682, 293.095pt x 297.11pt>
File: Book04/fig06e.pdf Graphic file (type pdf)
<use Book04/fig06e.pdf>
Package pdftex.def Info: Book04/fig06e.pdf  used on input line 533.
(pdftex.def)             Requested size: 293.09427pt x 297.10927pt.

Overfull \vbox (294.51299pt too high) detected at line 547
 []


Overfull \vbox (293.50923pt too high) detected at line 547
 []




Package fancyhdr Warning: \headheight is too small (12.0pt): 
(fancyhdr)                Make it at least 14.0pt, for example:
(fancyhdr)                \setlength{\headheight}{14.0pt}.
(fancyhdr)                You might also make \topmargin smaller:
(fancyhdr)                \addtolength{\topmargin}{-2.0pt}.

[265]
<Book04/fig07g.pdf, id=2689, 259.97125pt x 263.98625pt>
File: Book04/fig07g.pdf Graphic file (type pdf)
<use Book04/fig07g.pdf>
Package pdftex.def Info: Book04/fig07g.pdf  used on input line 591.
(pdftex.def)             Requested size: 259.97061pt x 263.9856pt.
<Book04/fig07e.pdf, id=2690, 257.96375pt x 262.9825pt>
File: Book04/fig07e.pdf Graphic file (type pdf)
<use Book04/fig07e.pdf>
Package pdftex.def Info: Book04/fig07e.pdf  used on input line 626.
(pdftex.def)             Requested size: 257.9631pt x 262.98184pt.

Overfull \vbox (260.38556pt too high) detected at line 630
 []


Overfull \vbox (259.3818pt too high) detected at line 630
 []




Package fancyhdr Warning: \headheight is too small (12.0pt): 
(fancyhdr)                Make it at least 14.0pt, for example:
(fancyhdr)                \setlength{\headheight}{14.0pt}.
(fancyhdr)                You might also make \topmargin smaller:
(fancyhdr)                \addtolength{\topmargin}{-2.0pt}.

[266 <./Book04/fig06g.pdf> <./Book04/fig06e.pdf>]
<Book04/fig08g.pdf, id=2708, 265.99374pt x 263.98625pt>
File: Book04/fig08g.pdf Graphic file (type pdf)
<use Book04/fig08g.pdf>
Package pdftex.def Info: Book04/fig08g.pdf  used on input line 652.
(pdftex.def)             Requested size: 265.99309pt x 263.9856pt.
<Book04/fig08e.pdf, id=2709, 258.9675pt x 262.9825pt>
File: Book04/fig08e.pdf Graphic file (type pdf)
<use Book04/fig08e.pdf>
Package pdftex.def Info: Book04/fig08e.pdf  used on input line 686.
(pdftex.def)             Requested size: 258.96684pt x 262.98184pt.

Overfull \vbox (260.38556pt too high) detected at line 707
 []


Overfull \vbox (259.3818pt too high) detected at line 707
 []




Package fancyhdr Warning: \headheight is too small (12.0pt): 
(fancyhdr)                Make it at least 14.0pt, for example:
(fancyhdr)                \setlength{\headheight}{14.0pt}.
(fancyhdr)                You might also make \topmargin smaller:
(fancyhdr)                \addtolength{\topmargin}{-2.0pt}.

[267 <./Book04/fig07g.pdf> <./Book04/fig07e.pdf>]
File: Book04/fig06g.pdf Graphic file (type pdf)
<use Book04/fig06g.pdf>
Package pdftex.def Info: Book04/fig06g.pdf  used on input line 726.
(pdftex.def)             Requested size: 295.10176pt x 298.11302pt.

Underfull \hbox (badness 10000) in paragraph at lines 756--757

 []

File: Book04/fig06e.pdf Graphic file (type pdf)
<use Book04/fig06e.pdf>
Package pdftex.def Info: Book04/fig06e.pdf  used on input line 759.
(pdftex.def)             Requested size: 293.09427pt x 297.10927pt.

Overfull \vbox (294.51299pt too high) detected at line 774
 []


Overfull \vbox (293.50923pt too high) detected at line 774
 []




Package fancyhdr Warning: \headheight is too small (12.0pt): 
(fancyhdr)                Make it at least 14.0pt, for example:
(fancyhdr)                \setlength{\headheight}{14.0pt}.
(fancyhdr)                You might also make \topmargin smaller:
(fancyhdr)                \addtolength{\topmargin}{-2.0pt}.

[268 <./Book04/fig08g.pdf> <./Book04/fig08e.pdf>]
<Book04/fig10g.pdf, id=2743, 318.18875pt x 308.15125pt>
File: Book04/fig10g.pdf Graphic file (type pdf)
<use Book04/fig10g.pdf>
Package pdftex.def Info: Book04/fig10g.pdf  used on input line 790.
(pdftex.def)             Requested size: 318.18796pt x 308.15048pt.
<Book04/fig10e.pdf, id=2744, 318.18875pt x 308.15125pt>
File: Book04/fig10e.pdf Graphic file (type pdf)
<use Book04/fig10e.pdf>
Package pdftex.def Info: Book04/fig10e.pdf  used on input line 844.
(pdftex.def)             Requested size: 318.18796pt x 308.15048pt.

Overfull \vbox (304.55045pt too high) detected at line 879
 []


Overfull \vbox (304.55045pt too high) detected at line 879
 []




Package fancyhdr Warning: \headheight is too small (12.0pt): 
(fancyhdr)                Make it at least 14.0pt, for example:
(fancyhdr)                \setlength{\headheight}{14.0pt}.
(fancyhdr)                You might also make \topmargin smaller:
(fancyhdr)                \addtolength{\topmargin}{-2.0pt}.

[269]


Package fancyhdr Warning: \headheight is too small (12.0pt): 
(fancyhdr)                Make it at least 14.0pt, for example:
(fancyhdr)                \setlength{\headheight}{14.0pt}.
(fancyhdr)                You might also make \topmargin smaller:
(fancyhdr)                \addtolength{\topmargin}{-2.0pt}.

[270 <./Book04/fig10g.pdf> <./Book04/fig10e.pdf>]
<Book04/fig11g.pdf, id=2767, 448.67625pt x 250.9375pt>
File: Book04/fig11g.pdf Graphic file (type pdf)
<use Book04/fig11g.pdf>
Package pdftex.def Info: Book04/fig11g.pdf  used on input line 895.
(pdftex.def)             Requested size: 448.67516pt x 250.93687pt.
<Book04/fig11e.pdf, id=2768, 438.63875pt x 249.93375pt>
File: Book04/fig11e.pdf Graphic file (type pdf)
<use Book04/fig11e.pdf>
Package pdftex.def Info: Book04/fig11e.pdf  used on input line 939.
(pdftex.def)             Requested size: 438.63766pt x 249.93314pt.

Overfull \vbox (247.33684pt too high) detected at line 969
 []


Overfull \vbox (246.3331pt too high) detected at line 969
 []




Package fancyhdr Warning: \headheight is too small (12.0pt): 
(fancyhdr)                Make it at least 14.0pt, for example:
(fancyhdr)                \setlength{\headheight}{14.0pt}.
(fancyhdr)                You might also make \topmargin smaller:
(fancyhdr)                \addtolength{\topmargin}{-2.0pt}.

[271 <./Book04/fig11g.pdf> <./Book04/fig11e.pdf>]
<Book04/fig12g.pdf, id=2788, 319.1925pt x 300.12125pt>
File: Book04/fig12g.pdf Graphic file (type pdf)
<use Book04/fig12g.pdf>
Package pdftex.def Info: Book04/fig12g.pdf  used on input line 985.
(pdftex.def)             Requested size: 319.19171pt x 300.12051pt.
<Book04/fig12e.pdf, id=2789, 310.15875pt x 299.1175pt>
File: Book04/fig12e.pdf Graphic file (type pdf)
<use Book04/fig12e.pdf>
Package pdftex.def Info: Book04/fig12e.pdf  used on input line 1052.
(pdftex.def)             Requested size: 310.15799pt x 299.11676pt.

Overfull \vbox (296.52048pt too high) detected at line 1104
 []


Overfull \vbox (295.51672pt too high) detected at line 1104
 []




Package fancyhdr Warning: \headheight is too small (12.0pt): 
(fancyhdr)                Make it at least 14.0pt, for example:
(fancyhdr)                \setlength{\headheight}{14.0pt}.
(fancyhdr)                You might also make \topmargin smaller:
(fancyhdr)                \addtolength{\topmargin}{-2.0pt}.

[272]


Package fancyhdr Warning: \headheight is too small (12.0pt): 
(fancyhdr)                Make it at least 14.0pt, for example:
(fancyhdr)                \setlength{\headheight}{14.0pt}.
(fancyhdr)                You might also make \topmargin smaller:
(fancyhdr)                \addtolength{\topmargin}{-2.0pt}.

