This is XeTeX, Version 3.141592653-2.6-0.999997 (TeX Live 2025) (preloaded format=xelatex 2025.8.21)  7 SEP 2025 20:41
entering extended mode
 restricted \write18 enabled.
 %&-line parsing enabled.
**Elements-xelatex.tex
(./Elements-xelatex.tex
LaTeX2e <2024-11-01> patch level 2
L3 programming layer <2025-01-18>
(/usr/local/texlive/2025/texmf-dist/tex/latex/base/article.cls
Document Class: article 2024/06/29 v1.4n Standard LaTeX document class
(/usr/local/texlive/2025/texmf-dist/tex/latex/base/size10.clo
File: size10.clo 2024/06/29 v1.4n Standard LaTeX file (size option)
)
\c@part=\count192
\c@section=\count193
\c@subsection=\count194
\c@subsubsection=\count195
\c@paragraph=\count196
\c@subparagraph=\count197
\c@figure=\count198
\c@table=\count199
\abovecaptionskip=\skip49
\belowcaptionskip=\skip50
\bibindent=\dimen141
)
(/usr/local/texlive/2025/texmf-dist/tex/latex/fontspec/fontspec.sty
(/usr/local/texlive/2025/texmf-dist/tex/latex/l3packages/xparse/xparse.sty
(/usr/local/texlive/2025/texmf-dist/tex/latex/l3kernel/expl3.sty
Package: expl3 2025-01-18 L3 programming layer (loader) 

(/usr/local/texlive/2025/texmf-dist/tex/latex/l3backend/l3backend-xetex.def
File: l3backend-xetex.def 2024-05-08 L3 backend support: XeTeX
\g__graphics_track_int=\count266
\l__pdf_internal_box=\box52
\g__pdf_backend_annotation_int=\count267
\g__pdf_backend_link_int=\count268
))
Package: xparse 2024-08-16 L3 Experimental document command parser
)
Package: fontspec 2024/05/11 v2.9e Font selection for XeLaTeX and LuaLaTeX

(/usr/local/texlive/2025/texmf-dist/tex/latex/fontspec/fontspec-xetex.sty
Package: fontspec-xetex 2024/05/11 v2.9e Font selection for XeLaTeX and LuaLaTe
X
\l__fontspec_script_int=\count269
\l__fontspec_language_int=\count270
\l__fontspec_strnum_int=\count271
\l__fontspec_tmp_int=\count272
\l__fontspec_tmpa_int=\count273
\l__fontspec_tmpb_int=\count274
\l__fontspec_tmpc_int=\count275
\l__fontspec_em_int=\count276
\l__fontspec_emdef_int=\count277
\l__fontspec_strong_int=\count278
\l__fontspec_strongdef_int=\count279
\l__fontspec_tmpa_dim=\dimen142
\l__fontspec_tmpb_dim=\dimen143
\l__fontspec_tmpc_dim=\dimen144

(/usr/local/texlive/2025/texmf-dist/tex/latex/base/fontenc.sty
Package: fontenc 2021/04/29 v2.0v Standard LaTeX package
)
(/usr/local/texlive/2025/texmf-dist/tex/latex/fontspec/fontspec.cfg)))
(/usr/local/texlive/2025/texmf-dist/tex/latex/polyglossia/polyglossia.sty
Package: polyglossia 2025/01/31 v2.4 Modern multilingual typesetting with XeLaT
eX and LuaLaTeX

(/usr/local/texlive/2025/texmf-dist/tex/latex/etoolbox/etoolbox.sty
Package: etoolbox 2025/02/11 v2.5l e-TeX tools for LaTeX (JAW)
\etb@tempcnta=\count280
)
(/usr/local/texlive/2025/texmf-dist/tex/generic/iftex/iftex.sty
Package: iftex 2024/12/12 v1.0g TeX engine tests
)
\l_xpg_alias_keyvals_int=\count281

(/usr/local/texlive/2025/texmf-dist/tex/latex/polyglossia/gloss-latex.ldf
File: gloss-latex.ldf polyglossia: module for default language
))
(/usr/local/texlive/2025/texmf-dist/tex/latex/polyglossia/gloss-english.ldf
File: gloss-english.ldf polyglossia: module for English
)

Package polyglossia Info: Default language is english


(/usr/local/texlive/2025/texmf-dist/tex/latex/polyglossia/gloss-greek.ldf
File: gloss-greek.ldf polyglossia: module for Greek

(/usr/local/texlive/2025/texmf-dist/tex/latex/polyglossia/xgreek-fixes.def)
\@attic@num=\count282
)

Package fontspec Info: 
(fontspec)             Times New Roman scale = 1.0.


Package fontspec Info: 
(fontspec)             Times New Roman scale = 1.0.


Package fontspec Info: 
(fontspec)             Times New Roman/B scale = 1.0.


Package fontspec Info: 
(fontspec)             Times New Roman/I scale = 1.0.


Package fontspec Info: 
(fontspec)             Times New Roman/BI scale = 1.0.


Package fontspec Info: 
(fontspec)             Font family 'TimesNewRoman(0)' created for font 'Times
(fontspec)             New Roman' with options
(fontspec)             [Ligatures=TeX,Ligatures=TeX,Scale=1.0].
(fontspec)              
(fontspec)              This font family consists of the following NFSS
(fontspec)             series/shapes:
(fontspec)              
(fontspec)             - 'normal' (m/n) with NFSS spec.: <->s*[1.0]"Times New
(fontspec)             Roman/OT:script=latn;language=dflt;mapping=tex-text;"
(fontspec)             - 'bold' (b/n) with NFSS spec.: <->s*[1.0]"Times New
(fontspec)             Roman/B/OT:script=latn;language=dflt;mapping=tex-text;"
(fontspec)             - 'italic' (m/it) with NFSS spec.: <->s*[1.0]"Times New
(fontspec)             Roman/I/OT:script=latn;language=dflt;mapping=tex-text;"
(fontspec)             - 'bold italic' (b/it) with NFSS spec.:
(fontspec)             <->s*[1.0]"Times New
(fontspec)             Roman/BI/OT:script=latn;language=dflt;mapping=tex-text;"


LaTeX Font Info:    Font shape `TU/TimesNewRoman(0)/m/n' will be
(Font)              scaled to size 10.0pt on input line 26.

Package fontspec Info: 
(fontspec)             Script 'Greek' not explicitly supported within font
(fontspec)             'GFS Porson'. Check the typeset output, and if it is
(fontspec)             okay then ignore this warning. Otherwise a different
(fontspec)             font should be chosen.


Package fontspec Info: 
(fontspec)             GFS Porson scale = 1.1.


Package fontspec Info: 
(fontspec)             Could not resolve font "GFS Porson/BI" (it probably
(fontspec)             doesn't exist).


Package fontspec Info: 
(fontspec)             Could not resolve font "GFS Porson/B" (it probably
(fontspec)             doesn't exist).


Package fontspec Info: 
(fontspec)             Could not resolve font "GFS Porson/I" (it probably
(fontspec)             doesn't exist).


Package fontspec Info: 
(fontspec)             GFS Porson scale = 1.1.


Package fontspec Info: 
(fontspec)             Font family 'GFSPorson(0)' created for font 'GFS
(fontspec)             Porson' with options
(fontspec)             [Script=Greek,Scale=1.1,Ligatures=TeX].
(fontspec)              
(fontspec)              This font family consists of the following NFSS
(fontspec)             series/shapes:
(fontspec)              
(fontspec)             - 'normal' (m/n) with NFSS spec.: <->s*[1.1]"GFS
(fontspec)             Porson/OT:script=grek;language=dflt;mapping=tex-text;"


(/usr/local/texlive/2025/texmf-dist/tex/latex/amsfonts/amssymb.sty
Package: amssymb 2013/01/14 v3.01 AMS font symbols

(/usr/local/texlive/2025/texmf-dist/tex/latex/amsfonts/amsfonts.sty
Package: amsfonts 2013/01/14 v3.01 Basic AMSFonts support
\@emptytoks=\toks17
\symAMSa=\mathgroup4
\symAMSb=\mathgroup5
LaTeX Font Info:    Redeclaring math symbol \hbar on input line 98.
LaTeX Font Info:    Overwriting math alphabet `\mathfrak' in version `bold'
(Font)                  U/euf/m/n --> U/euf/b/n on input line 106.
))
(/usr/local/texlive/2025/texmf-dist/tex/latex/amsmath/amsmath.sty
Package: amsmath 2024/11/05 v2.17t AMS math features
\@mathmargin=\skip51

For additional information on amsmath, use the `?' option.
(/usr/local/texlive/2025/texmf-dist/tex/latex/amsmath/amstext.sty
Package: amstext 2021/08/26 v2.01 AMS text

(/usr/local/texlive/2025/texmf-dist/tex/latex/amsmath/amsgen.sty
File: amsgen.sty 1999/11/30 v2.0 generic functions
\@emptytoks=\toks18
\ex@=\dimen145
))
(/usr/local/texlive/2025/texmf-dist/tex/latex/amsmath/amsbsy.sty
Package: amsbsy 1999/11/29 v1.2d Bold Symbols
\pmbraise@=\dimen146
)
(/usr/local/texlive/2025/texmf-dist/tex/latex/amsmath/amsopn.sty
Package: amsopn 2022/04/08 v2.04 operator names
)
\inf@bad=\count283
LaTeX Info: Redefining \frac on input line 233.
\uproot@=\count284
\leftroot@=\count285
LaTeX Info: Redefining \overline on input line 398.
LaTeX Info: Redefining \colon on input line 409.
\classnum@=\count286
\DOTSCASE@=\count287
LaTeX Info: Redefining \ldots on input line 495.
LaTeX Info: Redefining \dots on input line 498.
LaTeX Info: Redefining \cdots on input line 619.
\Mathstrutbox@=\box53
\strutbox@=\box54
LaTeX Info: Redefining \big on input line 721.
LaTeX Info: Redefining \Big on input line 722.
LaTeX Info: Redefining \bigg on input line 723.
LaTeX Info: Redefining \Bigg on input line 724.
\big@size=\dimen147
LaTeX Font Info:    Redeclaring font encoding OML on input line 742.
LaTeX Font Info:    Redeclaring font encoding OMS on input line 743.
\macc@depth=\count288
LaTeX Info: Redefining \bmod on input line 904.
LaTeX Info: Redefining \pmod on input line 909.
LaTeX Info: Redefining \smash on input line 939.
LaTeX Info: Redefining \relbar on input line 969.
LaTeX Info: Redefining \Relbar on input line 970.
\c@MaxMatrixCols=\count289
\dotsspace@=\muskip17
\c@parentequation=\count290
\dspbrk@lvl=\count291
\tag@help=\toks19
\row@=\count292
\column@=\count293
\maxfields@=\count294
\andhelp@=\toks20
\eqnshift@=\dimen148
\alignsep@=\dimen149
\tagshift@=\dimen150
\tagwidth@=\dimen151
\totwidth@=\dimen152
\lineht@=\dimen153
\@envbody=\toks21
\multlinegap=\skip52
\multlinetaggap=\skip53
\mathdisplay@stack=\toks22
LaTeX Info: Redefining \[ on input line 2953.
LaTeX Info: Redefining \] on input line 2954.
)
(/usr/local/texlive/2025/texmf-dist/tex/latex/parallel/parallel.sty
Package: parallel 2003/04/13, setting two texts parallel (me)

`parallel': setting two texts parallel, (beta 4) 2003/04/13.
\ParallelLWidth=\dimen154
\ParallelRWidth=\dimen155
\ParallelTextWidth=\dimen156
\ParallelLeftMargin=\dimen157
\ParallelUserMidSkip=\dimen158
\ParallelMainMidSkip=\dimen159
\ParallelLBox=\box55
\ParallelRBox=\box56
\ParallelBoxVar=\box57
\ParallelLTok=\box58
\ParallelRTok=\box59
\ParallelBoolVar=\count295
\ParallelBoolMid=\count296
\ParallelWhichBox=\count297
\ParallelMainMode=\count298
\ParallelFNMode=\count299
\ParallelLFNCounter=\count300
\ParallelRFNCounter=\count301
\ParallelMaxFN=\count302
\ParallelFNNumMode=\count303
)
(/usr/local/texlive/2025/texmf-dist/tex/latex/fancyhdr/fancyhdr.sty
Package: fancyhdr 2025/02/07 v5.2 Extensive control of page headers and footers

\f@nch@headwidth=\skip54
\f@nch@offset@elh=\skip55
\f@nch@offset@erh=\skip56
\f@nch@offset@olh=\skip57
\f@nch@offset@orh=\skip58
\f@nch@offset@elf=\skip59
\f@nch@offset@erf=\skip60
\f@nch@offset@olf=\skip61
\f@nch@offset@orf=\skip62
\f@nch@height=\skip63
\f@nch@footalignment=\skip64
\f@nch@widthL=\skip65
\f@nch@widthC=\skip66
\f@nch@widthR=\skip67
\@temptokenb=\toks23
)
(/usr/local/texlive/2025/texmf-dist/tex/latex/graphics/graphicx.sty
Package: graphicx 2021/09/16 v1.2d Enhanced LaTeX Graphics (DPC,SPQR)

(/usr/local/texlive/2025/texmf-dist/tex/latex/graphics/keyval.sty
Package: keyval 2022/05/29 v1.15 key=value parser (DPC)
\KV@toks@=\toks24
)
(/usr/local/texlive/2025/texmf-dist/tex/latex/graphics/graphics.sty
Package: graphics 2024/08/06 v1.4g Standard LaTeX Graphics (DPC,SPQR)

(/usr/local/texlive/2025/texmf-dist/tex/latex/graphics/trig.sty
Package: trig 2023/12/02 v1.11 sin cos tan (DPC)
)
(/usr/local/texlive/2025/texmf-dist/tex/latex/graphics-cfg/graphics.cfg
File: graphics.cfg 2016/06/04 v1.11 sample graphics configuration
)
Package graphics Info: Driver file: xetex.def on input line 106.

(/usr/local/texlive/2025/texmf-dist/tex/latex/graphics-def/xetex.def
File: xetex.def 2022/09/22 v5.0n Graphics/color driver for xetex
))
\Gin@req@height=\dimen160
\Gin@req@width=\dimen161
)
(/usr/local/texlive/2025/texmf-dist/tex/latex/hyperref/hyperref.sty
Package: hyperref 2024-11-05 v7.01l Hypertext links for LaTeX

(/usr/local/texlive/2025/texmf-dist/tex/latex/kvsetkeys/kvsetkeys.sty
Package: kvsetkeys 2022-10-05 v1.19 Key value parser (HO)
)
(/usr/local/texlive/2025/texmf-dist/tex/generic/kvdefinekeys/kvdefinekeys.sty
Package: kvdefinekeys 2019-12-19 v1.6 Define keys (HO)
)
(/usr/local/texlive/2025/texmf-dist/tex/generic/pdfescape/pdfescape.sty
Package: pdfescape 2019/12/09 v1.15 Implements pdfTeX's escape features (HO)

(/usr/local/texlive/2025/texmf-dist/tex/generic/ltxcmds/ltxcmds.sty
Package: ltxcmds 2023-12-04 v1.26 LaTeX kernel commands for general use (HO)
)
(/usr/local/texlive/2025/texmf-dist/tex/generic/pdftexcmds/pdftexcmds.sty
Package: pdftexcmds 2020-06-27 v0.33 Utility functions of pdfTeX for LuaTeX (HO
)

(/usr/local/texlive/2025/texmf-dist/tex/generic/infwarerr/infwarerr.sty
Package: infwarerr 2019/12/03 v1.5 Providing info/warning/error messages (HO)
)
Package pdftexcmds Info: \pdf@primitive is available.
Package pdftexcmds Info: \pdf@ifprimitive is available.
Package pdftexcmds Info: \pdfdraftmode not found.
))
(/usr/local/texlive/2025/texmf-dist/tex/latex/hycolor/hycolor.sty
Package: hycolor 2020-01-27 v1.10 Color options for hyperref/bookmark (HO)
)
(/usr/local/texlive/2025/texmf-dist/tex/latex/hyperref/nameref.sty
Package: nameref 2023-11-26 v2.56 Cross-referencing by name of section

(/usr/local/texlive/2025/texmf-dist/tex/latex/refcount/refcount.sty
Package: refcount 2019/12/15 v3.6 Data extraction from label references (HO)
)
(/usr/local/texlive/2025/texmf-dist/tex/generic/gettitlestring/gettitlestring.s
ty
Package: gettitlestring 2019/12/15 v1.6 Cleanup title references (HO)
 (/usr/local/texlive/2025/texmf-dist/tex/latex/kvoptions/kvoptions.sty
Package: kvoptions 2022-06-15 v3.15 Key value format for package options (HO)
))
\c@section@level=\count304
)
(/usr/local/texlive/2025/texmf-dist/tex/generic/stringenc/stringenc.sty
Package: stringenc 2019/11/29 v1.12 Convert strings between diff. encodings (HO
)
)
\@linkdim=\dimen162
\Hy@linkcounter=\count305
\Hy@pagecounter=\count306

(/usr/local/texlive/2025/texmf-dist/tex/latex/hyperref/pd1enc.def
File: pd1enc.def 2024-11-05 v7.01l Hyperref: PDFDocEncoding definition (HO)
)
(/usr/local/texlive/2025/texmf-dist/tex/generic/intcalc/intcalc.sty
Package: intcalc 2019/12/15 v1.3 Expandable calculations with integers (HO)
)
\Hy@SavedSpaceFactor=\count307

(/usr/local/texlive/2025/texmf-dist/tex/latex/hyperref/puenc.def
File: puenc.def 2024-11-05 v7.01l Hyperref: PDF Unicode definition (HO)
)
Package hyperref Info: Option `bookmarks' set `true' on input line 4040.
Package hyperref Info: Hyper figures OFF on input line 4157.
Package hyperref Info: Link nesting OFF on input line 4162.
Package hyperref Info: Hyper index ON on input line 4165.
Package hyperref Info: Plain pages OFF on input line 4172.
Package hyperref Info: Backreferencing OFF on input line 4177.
Package hyperref Info: Implicit mode ON; LaTeX internals redefined.
Package hyperref Info: Bookmarks ON on input line 4424.
\c@Hy@tempcnt=\count308

(/usr/local/texlive/2025/texmf-dist/tex/latex/url/url.sty
\Urlmuskip=\muskip18
Package: url 2013/09/16  ver 3.4  Verb mode for urls, etc.
)
LaTeX Info: Redefining \url on input line 4763.
\XeTeXLinkMargin=\dimen163

(/usr/local/texlive/2025/texmf-dist/tex/generic/bitset/bitset.sty
Package: bitset 2019/12/09 v1.3 Handle bit-vector datatype (HO)

(/usr/local/texlive/2025/texmf-dist/tex/generic/bigintcalc/bigintcalc.sty
Package: bigintcalc 2019/12/15 v1.5 Expandable calculations on big integers (HO
)
))
\Fld@menulength=\count309
\Field@Width=\dimen164
\Fld@charsize=\dimen165
Package hyperref Info: Hyper figures OFF on input line 6042.
Package hyperref Info: Link nesting OFF on input line 6047.
Package hyperref Info: Hyper index ON on input line 6050.
Package hyperref Info: backreferencing OFF on input line 6057.
Package hyperref Info: Link coloring OFF on input line 6062.
Package hyperref Info: Link coloring with OCG OFF on input line 6067.
Package hyperref Info: PDF/A mode OFF on input line 6072.

(/usr/local/texlive/2025/texmf-dist/tex/latex/base/atbegshi-ltx.sty
Package: atbegshi-ltx 2021/01/10 v1.0c Emulation of the original atbegshi
package with kernel methods
)
\Hy@abspage=\count310
\c@Item=\count311
\c@Hfootnote=\count312
)
Package hyperref Info: Driver (autodetected): hxetex.

(/usr/local/texlive/2025/texmf-dist/tex/latex/hyperref/hxetex.def
File: hxetex.def 2024-11-05 v7.01l Hyperref driver for XeTeX
\pdfm@box=\box60
\c@Hy@AnnotLevel=\count313
\HyField@AnnotCount=\count314
\Fld@listcount=\count315
\c@bookmark@seq@number=\count316

(/usr/local/texlive/2025/texmf-dist/tex/latex/rerunfilecheck/rerunfilecheck.sty
Package: rerunfilecheck 2022-07-10 v1.10 Rerun checks for auxiliary files (HO)
(/usr/local/texlive/2025/texmf-dist/tex/latex/base/atveryend-ltx.sty
Package: atveryend-ltx 2020/08/19 v1.0a Emulation of the original atveryend pac
kage
with kernel methods
)
(/usr/local/texlive/2025/texmf-dist/tex/generic/uniquecounter/uniquecounter.sty
Package: uniquecounter 2019/12/15 v1.4 Provide unlimited unique counter (HO)
)
Package uniquecounter Info: New unique counter `rerunfilecheck' on input line 2
85.
)
\Hy@SectionHShift=\skip68
)
\c@verso=\count317
\c@subverso=\count318
 (./Elements-xelatex.aux)
\openout1 = `Elements-xelatex.aux'.

LaTeX Font Info:    Checking defaults for OML/cmm/m/it on input line 106.
LaTeX Font Info:    ... okay on input line 106.
LaTeX Font Info:    Checking defaults for OMS/cmsy/m/n on input line 106.
LaTeX Font Info:    ... okay on input line 106.
LaTeX Font Info:    Checking defaults for OT1/cmr/m/n on input line 106.
LaTeX Font Info:    ... okay on input line 106.
LaTeX Font Info:    Checking defaults for T1/cmr/m/n on input line 106.
LaTeX Font Info:    ... okay on input line 106.
LaTeX Font Info:    Checking defaults for TS1/cmr/m/n on input line 106.
LaTeX Font Info:    ... okay on input line 106.
LaTeX Font Info:    Checking defaults for TU/lmr/m/n on input line 106.
LaTeX Font Info:    ... okay on input line 106.
LaTeX Font Info:    Checking defaults for OMX/cmex/m/n on input line 106.
LaTeX Font Info:    ... okay on input line 106.
LaTeX Font Info:    Checking defaults for U/cmr/m/n on input line 106.
LaTeX Font Info:    ... okay on input line 106.
LaTeX Font Info:    Checking defaults for PD1/pdf/m/n on input line 106.
LaTeX Font Info:    ... okay on input line 106.
LaTeX Font Info:    Checking defaults for PU/pdf/m/n on input line 106.
LaTeX Font Info:    ... okay on input line 106.

Package fontspec Info: 
(fontspec)             Adjusting the maths setup (use [no-math] to avoid
(fontspec)             this).

\symlegacymaths=\mathgroup6
LaTeX Font Info:    Overwriting symbol font `legacymaths' in version `bold'
(Font)                  OT1/cmr/m/n --> OT1/cmr/bx/n on input line 106.
LaTeX Font Info:    Redeclaring math accent \acute on input line 106.
LaTeX Font Info:    Redeclaring math accent \grave on input line 106.
LaTeX Font Info:    Redeclaring math accent \ddot on input line 106.
LaTeX Font Info:    Redeclaring math accent \tilde on input line 106.
LaTeX Font Info:    Redeclaring math accent \bar on input line 106.
LaTeX Font Info:    Redeclaring math accent \breve on input line 106.
LaTeX Font Info:    Redeclaring math accent \check on input line 106.
LaTeX Font Info:    Redeclaring math accent \hat on input line 106.
LaTeX Font Info:    Redeclaring math accent \dot on input line 106.
LaTeX Font Info:    Redeclaring math accent \mathring on input line 106.
LaTeX Font Info:    Redeclaring math symbol \Gamma on input line 106.
LaTeX Font Info:    Redeclaring math symbol \Delta on input line 106.
LaTeX Font Info:    Redeclaring math symbol \Theta on input line 106.
LaTeX Font Info:    Redeclaring math symbol \Lambda on input line 106.
LaTeX Font Info:    Redeclaring math symbol \Xi on input line 106.
LaTeX Font Info:    Redeclaring math symbol \Pi on input line 106.
LaTeX Font Info:    Redeclaring math symbol \Sigma on input line 106.
LaTeX Font Info:    Redeclaring math symbol \Upsilon on input line 106.
LaTeX Font Info:    Redeclaring math symbol \Phi on input line 106.
LaTeX Font Info:    Redeclaring math symbol \Psi on input line 106.
LaTeX Font Info:    Redeclaring math symbol \Omega on input line 106.
LaTeX Font Info:    Redeclaring math symbol \mathdollar on input line 106.
LaTeX Font Info:    Redeclaring symbol font `operators' on input line 106.
LaTeX Font Info:    Encoding `OT1' has changed to `TU' for symbol font
(Font)              `operators' in the math version `normal' on input line 106.

LaTeX Font Info:    Overwriting symbol font `operators' in version `normal'
(Font)                  OT1/cmr/m/n --> TU/TimesNewRoman(0)/m/n on input line 1
06.
LaTeX Font Info:    Encoding `OT1' has changed to `TU' for symbol font
(Font)              `operators' in the math version `bold' on input line 106.
LaTeX Font Info:    Overwriting symbol font `operators' in version `bold'
(Font)                  OT1/cmr/bx/n --> TU/TimesNewRoman(0)/m/n on input line 
106.
LaTeX Font Info:    Overwriting symbol font `operators' in version `normal'
(Font)                  TU/TimesNewRoman(0)/m/n --> TU/TimesNewRoman(0)/m/n on 
input line 106.
LaTeX Font Info:    Overwriting math alphabet `\mathit' in version `normal'
(Font)                  OT1/cmr/m/it --> TU/TimesNewRoman(0)/m/it on input line
 106.
LaTeX Font Info:    Overwriting math alphabet `\mathbf' in version `normal'
(Font)                  OT1/cmr/bx/n --> TU/TimesNewRoman(0)/b/n on input line 
106.
LaTeX Font Info:    Overwriting math alphabet `\mathsf' in version `normal'
(Font)                  OT1/cmss/m/n --> TU/lmss/m/n on input line 106.
LaTeX Font Info:    Overwriting math alphabet `\mathtt' in version `normal'
(Font)                  OT1/cmtt/m/n --> TU/lmtt/m/n on input line 106.
LaTeX Font Info:    Overwriting symbol font `operators' in version `bold'
(Font)                  TU/TimesNewRoman(0)/m/n --> TU/TimesNewRoman(0)/b/n on 
input line 106.
LaTeX Font Info:    Overwriting math alphabet `\mathit' in version `bold'
(Font)                  OT1/cmr/bx/it --> TU/TimesNewRoman(0)/b/it on input lin
e 106.
LaTeX Font Info:    Overwriting math alphabet `\mathsf' in version `bold'
(Font)                  OT1/cmss/bx/n --> TU/lmss/b/n on input line 106.
LaTeX Font Info:    Overwriting math alphabet `\mathtt' in version `bold'
(Font)                  OT1/cmtt/m/n --> TU/lmtt/b/n on input line 106.
Package hyperref Info: Link coloring OFF on input line 106.
 (./Elements-xelatex.out) (./Elements-xelatex.out)
\@outlinefile=\write3
\openout3 = `Elements-xelatex.out'.



Package hyperref Warning: Rerun to get /PageLabels entry.

\openout2 = `Book00/Introduction.aux'.

(./Book00/Introduction.tex
LaTeX Font Info:    Font shape `TU/TimesNewRoman(0)/m/n' will be
(Font)              scaled to size 24.88pt on input line 7.
LaTeX Font Info:    Font shape `TU/TimesNewRoman(0)/m/n' will be
(Font)              scaled to size 14.4pt on input line 8.
LaTeX Font Info:    Font shape `TU/lmss/m/it' in size <14.4> not available
(Font)              Font shape `TU/lmss/m/sl' tried instead on input line 10.


[-1


]

[0]
Underfull \hbox (badness 10000) in paragraph at lines 32--34

 []

LaTeX Font Info:    Font shape `TU/TimesNewRoman(0)/b/n' will be
(Font)              scaled to size 14.4pt on input line 35.
LaTeX Font Info:    Font shape `TU/TimesNewRoman(0)/m/n' will be
(Font)              scaled to size 7.0pt on input line 37.
LaTeX Font Info:    Font shape `TU/TimesNewRoman(0)/m/n' will be
(Font)              scaled to size 5.0pt on input line 37.
LaTeX Font Info:    Trying to load font information for U+msa on input line 37.

(/usr/local/texlive/2025/texmf-dist/tex/latex/amsfonts/umsa.fd
File: umsa.fd 2013/01/14 v3.01 AMS symbols A
)
LaTeX Font Info:    Trying to load font information for U+msb on input line 37.


(/usr/local/texlive/2025/texmf-dist/tex/latex/amsfonts/umsb.fd
File: umsb.fd 2013/01/14 v3.01 AMS symbols B
)
LaTeX Font Info:    Font shape `TU/TimesNewRoman(0)/b/n' will be
(Font)              scaled to size 10.0pt on input line 39.

Overfull \hbox (35.62164pt too wide) in paragraph at lines 37--55
[] 
 []



[1])

[2]
\openout2 = `Book01/Book1.aux'.

 (./Book01/Book1.tex
LaTeX Font Info:    Font shape `TU/TimesNewRoman(0)/m/n' will be
(Font)              scaled to size 20.74pt on input line 11.
LaTeX Font Info:    Font shape `TU/TimesNewRoman(0)/m/it' will be
(Font)              scaled to size 20.74pt on input line 11.


[1



]
LaTeX Font Info:    Font shape `TU/TimesNewRoman(0)/m/n' will be
(Font)              scaled to size 12.0pt on input line 30.
LaTeX Font Info:    Font shape `TU/GFSPorson(0)/m/n' will be
(Font)              scaled to size 13.20007pt on input line 30.
LaTeX Font Info:    Font shape `TU/GFSPorson(0)/m/n' will be
(Font)              scaled to size 11.00006pt on input line 34.

Overfull \hbox (2.62263pt too wide) in paragraph at lines 57--59
\TU/GFSPorson(0)/m/n/10 ἐφεχῆξ γωνίαξ >ίσαξ ἀλλήλαιξ ποιῆ|, ὀρθὴ ἑκατέρα
 []


Overfull \hbox (0.37294pt too wide) in paragraph at lines 68--71
[]\TU/GFSPorson(0)/m/n/10 15\TU/TimesNewRoman(0)/m/n/10 . \TU/GFSPorson(0)/m/n/
10 Κύκλοξ ἐστὶ σθῆμα ἐπίπεδον ὑπὸ μιᾶξ γραμμῆξ
 []


Overfull \hbox (23.66208pt too wide) in paragraph at lines 79--83
\TU/GFSPorson(0)/m/n/10 περιεθόμενα, τρίπλευρα μὲν τὰ ὑπὸ τριῶν, τετράπλευρα
 []


Overfull \hbox (1.9206pt too wide) in paragraph at lines 88--90
[]\TU/GFSPorson(0)/m/n/10 21 >’Ετι δὲ τῶν τριπλεύρων σθημάτων ὀρθογώνιον
 []


Overfull \hbox (22.76012pt too wide) in paragraph at lines 88--90
\TU/GFSPorson(0)/m/n/10 μὲν τρίγωνόν ἐστι τὸ >έθον ὀρθὴν γωνίαν, ἀμβλυγώνιον
 []


Overfull \hbox (2.9307pt too wide) in paragraph at lines 91--98
\TU/GFSPorson(0)/m/n/10 δέ, <ρόμβοξ δέ, <ὸ ἰσόπλευρον μέν, οὐκ ὀρθογώνιον
 []


Overfull \hbox (12.55237pt too wide) in paragraph at lines 99--101
\TU/GFSPorson(0)/m/n/10 αὐτῶ| ἐπιπέδῳ ο>ῦσαι καὶ ἐκβαλλόμεναι εἰξ >άπειρον
 []




Package fancyhdr Warning: \headheight is too small (0.0pt): 
(fancyhdr)                Make it at least 14.0pt, for example:
(fancyhdr)                \setlength{\headheight}{14.0pt}.
(fancyhdr)                You might also make \topmargin smaller:
(fancyhdr)                \addtolength{\topmargin}{-14.0pt}.

[2]
LaTeX Font Info:    Font shape `TU/TimesNewRoman(0)/m/n' will be
(Font)              scaled to size 8.0pt on input line 174.
LaTeX Font Info:    Font shape `TU/TimesNewRoman(0)/m/n' will be
(Font)              scaled to size 6.0pt on input line 175.
LaTeX Font Info:    Font shape `TU/GFSPorson(0)/m/n' will be
(Font)              scaled to size 8.80005pt on input line 220.

Overfull \hbox (26.42076pt too wide) in paragraph at lines 238--240
[]\TU/GFSPorson(0)/m/n/10 3\TU/TimesNewRoman(0)/m/n/10 . \TU/GFSPorson(0)/m/n/1
0 Καὶ ἒαν ἀπὸ >ίσων >ίσα ἀφαιρεθῆ|, τὰ καταλειπόμενά
 []


Underfull \hbox (badness 10000) in paragraph at lines 262--265

 []


Underfull \hbox (badness 10000) in paragraph at lines 262--265

 []

File: Book01/fig01g.eps Graphic file (type eps)
<Book01/fig01g.eps>

Overfull \hbox (11.99731pt too wide) in paragraph at lines 288--289
\TU/GFSPorson(0)/m/n/10 ἀλλήλουξ οἱ κύκλοι, ἐπί τὰ Α, Β σημεῖα ἐπεζεύθθωσαν
 []


Overfull \hbox (1.08995pt too wide) in paragraph at lines 298--298
\TU/GFSPorson(0)/m/n/10 συνέσταται ἐπὶ τῆξ δοθείσηξ εὐθείαξ πεπερασμένηξ
 []

File: Book01/fig01e.eps Graphic file (type eps)
<Book01/fig01e.eps>

Overfull \vbox (14.65388pt too high) detected at line 323
 []


Overfull \vbox (269.41997pt too high) detected at line 323
 []


Overfull \vbox (272.43121pt too high) detected at line 323
 []




Package fancyhdr Warning: \headheight is too small (0.0pt): 
(fancyhdr)                Make it at least 14.0pt, for example:
(fancyhdr)                \setlength{\headheight}{14.0pt}.
(fancyhdr)                You might also make \topmargin smaller:
(fancyhdr)                \addtolength{\topmargin}{-14.0pt}.

[3]
Overfull \hbox (0.23193pt too wide) in paragraph at lines 350--351
\TU/GFSPorson(0)/m/n/10 τρίγωνον ἰσόπλευρον τὸ ΔΑΒ, καὶ ἐκβεβλήσθωσαν
 []


Underfull \hbox (badness 10000) in paragraph at lines 350--351

 []

File: Book01/fig02g.eps Graphic file (type eps)
<Book01/fig02g.eps>
File: Book01/fig02e.eps Graphic file (type eps)
<Book01/fig02e.eps>

Overfull \vbox (14.65388pt too high) detected at line 392
 []


Overfull \vbox (459.12871pt too high) detected at line 392
 []


Overfull \vbox (481.21121pt too high) detected at line 392
 []




Package fancyhdr Warning: \headheight is too small (0.0pt): 
(fancyhdr)                Make it at least 14.0pt, for example:
(fancyhdr)                \setlength{\headheight}{14.0pt}.
(fancyhdr)                You might also make \topmargin smaller:
(fancyhdr)                \addtolength{\topmargin}{-14.0pt}.

[4]


Package fancyhdr Warning: \headheight is too small (0.0pt): 
(fancyhdr)                Make it at least 14.0pt, for example:
(fancyhdr)                \setlength{\headheight}{14.0pt}.
(fancyhdr)                You might also make \topmargin smaller:
(fancyhdr)                \addtolength{\topmargin}{-14.0pt}.

[5]


Package fancyhdr Warning: \headheight is too small (0.0pt): 
(fancyhdr)                Make it at least 14.0pt, for example:
(fancyhdr)                \setlength{\headheight}{14.0pt}.
(fancyhdr)                You might also make \topmargin smaller:
(fancyhdr)                \addtolength{\topmargin}{-14.0pt}.

[6]
File: Book01/fig03g.eps Graphic file (type eps)
<Book01/fig03g.eps>

Underfull \hbox (badness 10000) in paragraph at lines 437--440

 []

File: Book01/fig03e.eps Graphic file (type eps)
<Book01/fig03e.eps>

Overfull \vbox (14.65388pt too high) detected at line 446
 []


Overfull \vbox (331.65247pt too high) detected at line 446
 []


Overfull \vbox (327.63747pt too high) detected at line 446
 []




Package fancyhdr Warning: \headheight is too small (0.0pt): 
(fancyhdr)                Make it at least 14.0pt, for example:
(fancyhdr)                \setlength{\headheight}{14.0pt}.
(fancyhdr)                You might also make \topmargin smaller:
(fancyhdr)                \addtolength{\topmargin}{-14.0pt}.

[7]
File: Book01/fig04g.eps Graphic file (type eps)
<Book01/fig04g.eps>
File: Book01/fig04e.eps Graphic file (type eps)
<Book01/fig04e.eps>

Overfull \vbox (14.65388pt too high) detected at line 505
 []


Overfull \vbox (218.22871pt too high) detected at line 505
 []


Overfull \vbox (216.2212pt too high) detected at line 505
 []




Package fancyhdr Warning: \headheight is too small (0.0pt): 
(fancyhdr)                Make it at least 14.0pt, for example:
(fancyhdr)                \setlength{\headheight}{14.0pt}.
(fancyhdr)                You might also make \topmargin smaller:
(fancyhdr)                \addtolength{\topmargin}{-14.0pt}.

[8]


Package fancyhdr Warning: \headheight is too small (0.0pt): 
(fancyhdr)                Make it at least 14.0pt, for example:
(fancyhdr)                \setlength{\headheight}{14.0pt}.
(fancyhdr)                You might also make \topmargin smaller:
(fancyhdr)                \addtolength{\topmargin}{-14.0pt}.

[9]
Overfull \hbox (0.89929pt too wide) in paragraph at lines 521--522
\TU/GFSPorson(0)/m/n/10 γωνίαι >ίσαι ἀλλήλαιξ εἰσίν, καὶ προσεκβληθεισῶν
 []


Overfull \hbox (33.26302pt too wide) in paragraph at lines 523--524
\TU/GFSPorson(0)/m/n/10 τὴν ΑΒ πλευρὰν τῆ| ΑΓ πλευρᾶ|, καὶ προσεκβεβλήσθωσαν
 []


Underfull \hbox (badness 10000) in paragraph at lines 525--526

 []

File: Book01/fig05g.eps Graphic file (type eps)
<Book01/fig05g.eps>

Overfull \hbox (0.89929pt too wide) in paragraph at lines 536--536
\TU/GFSPorson(0)/m/n/10 γωνίαι >ίσαι ἀλλήλαιξ εἰσίν, καὶ προσεκβληθεισῶν
 []

File: Book01/fig05e.eps Graphic file (type eps)
<Book01/fig05e.eps>

Overfull \vbox (14.65388pt too high) detected at line 576
 []


Overfull \vbox (314.58871pt too high) detected at line 576
 []


Overfull \vbox (310.5737pt too high) detected at line 576
 []




Package fancyhdr Warning: \headheight is too small (0.0pt): 
(fancyhdr)                Make it at least 14.0pt, for example:
(fancyhdr)                \setlength{\headheight}{14.0pt}.
(fancyhdr)                You might also make \topmargin smaller:
(fancyhdr)                \addtolength{\topmargin}{-14.0pt}.

[10]


Package fancyhdr Warning: \headheight is too small (0.0pt): 
(fancyhdr)                Make it at least 14.0pt, for example:
(fancyhdr)                \setlength{\headheight}{14.0pt}.
(fancyhdr)                You might also make \topmargin smaller:
(fancyhdr)                \addtolength{\topmargin}{-14.0pt}.

[11]
File: Book01/fig06g.eps Graphic file (type eps)
<Book01/fig06g.eps>

Underfull \hbox (badness 10000) in paragraph at lines 618--620

 []

File: Book01/fig06e.eps Graphic file (type eps)
<Book01/fig06e.eps>

Overfull \vbox (14.65388pt too high) detected at line 636
 []


Overfull \vbox (231.27745pt too high) detected at line 636
 []


Overfull \vbox (233.28496pt too high) detected at line 636
 []




Package fancyhdr Warning: \headheight is too small (0.0pt): 
(fancyhdr)                Make it at least 14.0pt, for example:
(fancyhdr)                \setlength{\headheight}{14.0pt}.
(fancyhdr)                You might also make \topmargin smaller:
(fancyhdr)                \addtolength{\topmargin}{-14.0pt}.

[12]


Package fancyhdr Warning: \headheight is too small (0.0pt): 
(fancyhdr)                Make it at least 14.0pt, for example:
(fancyhdr)                \setlength{\headheight}{14.0pt}.
(fancyhdr)                You might also make \topmargin smaller:
(fancyhdr)                \addtolength{\topmargin}{-14.0pt}.

[13]
Underfull \hbox (badness 10000) in paragraph at lines 654--655

 []

File: Book01/fig07g.eps Graphic file (type eps)
<Book01/fig07g.eps>
File: Book01/fig07e.eps Graphic file (type eps)
<Book01/fig07e.eps>

Overfull \vbox (14.65388pt too high) detected at line 710
 []


Overfull \vbox (199.15746pt too high) detected at line 710
 []


Overfull \vbox (196.14622pt too high) detected at line 710
 []




Package fancyhdr Warning: \headheight is too small (0.0pt): 
(fancyhdr)                Make it at least 14.0pt, for example:
(fancyhdr)                \setlength{\headheight}{14.0pt}.
(fancyhdr)                You might also make \topmargin smaller:
(fancyhdr)                \addtolength{\topmargin}{-14.0pt}.

[14]
File: Book01/fig08g.eps Graphic file (type eps)
<Book01/fig08g.eps>
File: Book01/fig08e.eps Graphic file (type eps)
<Book01/fig08e.eps>

Overfull \vbox (14.65388pt too high) detected at line 789
 []


Overfull \vbox (278.4537pt too high) detected at line 789
 []


Overfull \vbox (276.44621pt too high) detected at line 789
 []




Package fancyhdr Warning: \headheight is too small (0.0pt): 
(fancyhdr)                Make it at least 14.0pt, for example:
(fancyhdr)                \setlength{\headheight}{14.0pt}.
(fancyhdr)                You might also make \topmargin smaller:
(fancyhdr)                \addtolength{\topmargin}{-14.0pt}.

[15]
File: Book01/fig09g.eps Graphic file (type eps)
<Book01/fig09g.eps>
File: Book01/fig09e.eps Graphic file (type eps)
<Book01/fig09e.eps>

Overfull \vbox (14.65388pt too high) detected at line 847
 []


Overfull \vbox (318.6037pt too high) detected at line 847
 []


Overfull \vbox (320.61122pt too high) detected at line 847
 []




Package fancyhdr Warning: \headheight is too small (0.0pt): 
(fancyhdr)                Make it at least 14.0pt, for example:
(fancyhdr)                \setlength{\headheight}{14.0pt}.
(fancyhdr)                You might also make \topmargin smaller:
(fancyhdr)                \addtolength{\topmargin}{-14.0pt}.

[16]
Underfull \hbox (badness 10000) in paragraph at lines 864--865

 []

File: Book01/fig10g.eps Graphic file (type eps)
<Book01/fig10g.eps>
File: Book01/fig10e.eps Graphic file (type eps)
<Book01/fig10e.eps>

Overfull \vbox (14.65388pt too high) detected at line 903
 []


Overfull \vbox (268.41621pt too high) detected at line 903
 []


Overfull \vbox (265.40497pt too high) detected at line 903
 []




Package fancyhdr Warning: \headheight is too small (0.0pt): 
(fancyhdr)                Make it at least 14.0pt, for example:
(fancyhdr)                \setlength{\headheight}{14.0pt}.
(fancyhdr)                You might also make \topmargin smaller:
(fancyhdr)                \addtolength{\topmargin}{-14.0pt}.

[17]
File: Book01/fig11g.eps Graphic file (type eps)
<Book01/fig11g.eps>
File: Book01/fig11e.eps Graphic file (type eps)
<Book01/fig11e.eps>

Overfull \hbox (2.05315pt too wide) in paragraph at lines 961--968
\TU/TimesNewRoman(0)/m/n/10 other, each of the equal angles is a right-angle [D
ef. 1.10].
 []


Overfull \vbox (14.65388pt too high) detected at line 972
 []


Overfull \vbox (250.34871pt too high) detected at line 972
 []


Overfull \vbox (251.35246pt too high) detected at line 972
 []




Package fancyhdr Warning: \headheight is too small (0.0pt): 
(fancyhdr)                Make it at least 14.0pt, for example:
(fancyhdr)                \setlength{\headheight}{14.0pt}.
(fancyhdr)                You might also make \topmargin smaller:
(fancyhdr)                \addtolength{\topmargin}{-14.0pt}.

[18]


Package fancyhdr Warning: \headheight is too small (0.0pt): 
(fancyhdr)                Make it at least 14.0pt, for example:
(fancyhdr)                \setlength{\headheight}{14.0pt}.
(fancyhdr)                You might also make \topmargin smaller:
(fancyhdr)                \addtolength{\topmargin}{-14.0pt}.

[19]
File: Book01/fig12g.eps Graphic file (type eps)
<Book01/fig12g.eps>

Overfull \hbox (10.06131pt too wide) in paragraph at lines 999--1000
\TU/GFSPorson(0)/m/n/10 τυθὸν σημεῖον τὸ Δ, καὶ κέντρῳ μὲν τῶ| Γ διαστήματι
 []


Overfull \hbox (1.95058pt too wide) in paragraph at lines 999--1000
\TU/GFSPorson(0)/m/n/10 εὐθεῖαν >άπειρον τὴν ΑΒ ἀπὸ τοῦ δοθέντοξ σημείου
 []


Underfull \hbox (badness 10000) in paragraph at lines 1018--1020

 []

File: Book01/fig12e.eps Graphic file (type eps)
<Book01/fig12e.eps>

Overfull \vbox (14.65388pt too high) detected at line 1046
 []


Overfull \vbox (301.53996pt too high) detected at line 1046
 []


Overfull \vbox (300.53621pt too high) detected at line 1046
 []




Package fancyhdr Warning: \headheight is too small (0.0pt): 
(fancyhdr)                Make it at least 14.0pt, for example:
(fancyhdr)                \setlength{\headheight}{14.0pt}.
(fancyhdr)                You might also make \topmargin smaller:
(fancyhdr)                \addtolength{\topmargin}{-14.0pt}.

[20]
Underfull \hbox (badness 10000) in paragraph at lines 1063--1064

 []


Underfull \hbox (badness 10000) in paragraph at lines 1063--1064

 []

File: Book01/fig13g.eps Graphic file (type eps)
<Book01/fig13g.eps>
File: Book01/fig13e.eps Graphic file (type eps)
<Book01/fig13e.eps>

Overfull \vbox (14.65388pt too high) detected at line 1117
 []


Overfull \vbox (250.34871pt too high) detected at line 1117
 []


Overfull \vbox (246.33372pt too high) detected at line 1117
 []




Package fancyhdr Warning: \headheight is too small (0.0pt): 
(fancyhdr)                Make it at least 14.0pt, for example:
(fancyhdr)                \setlength{\headheight}{14.0pt}.
(fancyhdr)                You might also make \topmargin smaller:
(fancyhdr)                \addtolength{\topmargin}{-14.0pt}.

[21]
Underfull \hbox (badness 10000) in paragraph at lines 1137--1138

 []

File: Book01/fig14g.eps Graphic file (type eps)
<Book01/fig14g.eps>
File: Book01/fig14e.eps Graphic file (type eps)
<Book01/fig14e.eps>

Overfull \vbox (14.65388pt too high) detected at line 1188
 []


Overfull \vbox (278.4537pt too high) detected at line 1188
 []


Overfull \vbox (277.44997pt too high) detected at line 1188
 []




Package fancyhdr Warning: \headheight is too small (0.0pt): 
(fancyhdr)                Make it at least 14.0pt, for example:
(fancyhdr)                \setlength{\headheight}{14.0pt}.
(fancyhdr)                You might also make \topmargin smaller:
(fancyhdr)                \addtolength{\topmargin}{-14.0pt}.

[22]
File: Book01/fig15g.eps Graphic file (type eps)
<Book01/fig15g.eps>

Overfull \hbox (1.39218pt too wide) in paragraph at lines 1216--1217
[]\TU/GFSPorson(0)/m/n/10 Ἐπεὶ γὰρ εὐθεῖα ἡ ΑΕ ἐπ> εὐθεῖαν τὴν ΓΔ ἐφέστηκε
 []

File: Book01/fig15e.eps Graphic file (type eps)
<Book01/fig15e.eps>

Overfull \vbox (14.65388pt too high) detected at line 1245
 []


Overfull \vbox (331.65247pt too high) detected at line 1245
 []


Overfull \vbox (332.6562pt too high) detected at line 1245
 []




Package fancyhdr Warning: \headheight is too small (0.0pt): 
(fancyhdr)                Make it at least 14.0pt, for example:
(fancyhdr)                \setlength{\headheight}{14.0pt}.
(fancyhdr)                You might also make \topmargin smaller:
(fancyhdr)                \addtolength{\topmargin}{-14.0pt}.

[23]


Package fancyhdr Warning: \headheight is too small (0.0pt): 
(fancyhdr)                Make it at least 14.0pt, for example:
(fancyhdr)                \setlength{\headheight}{14.0pt}.
(fancyhdr)                You might also make \topmargin smaller:
(fancyhdr)                \addtolength{\topmargin}{-14.0pt}.

[24]
Overfull \hbox (17.53503pt too wide) in paragraph at lines 1258--1259
[]\TU/GFSPorson(0)/m/n/10 Παντὸξ τριγώνου μιᾶξ τῶν πλευρῶν προσεκβληθείσηξ
 []


Underfull \hbox (badness 10000) in paragraph at lines 1267--1268

 []

File: Book01/fig16g.eps Graphic file (type eps)
<Book01/fig16g.eps>

Overfull \hbox (43.49153pt too wide) in paragraph at lines 1286--1286
[]\TU/GFSPorson(0)/m/n/10 Παντὸξ >άρα τριγώνου μιᾶξ τῶν πλευρῶν προσεκβληθείσηξ

 []

File: Book01/fig16e.eps Graphic file (type eps)
<Book01/fig16e.eps>

Overfull \vbox (14.65388pt too high) detected at line 1318
 []


Overfull \vbox (417.97496pt too high) detected at line 1318
 []


Overfull \vbox (418.9787pt too high) detected at line 1318
 []




Package fancyhdr Warning: \headheight is too small (0.0pt): 
(fancyhdr)                Make it at least 14.0pt, for example:
(fancyhdr)                \setlength{\headheight}{14.0pt}.
(fancyhdr)                You might also make \topmargin smaller:
(fancyhdr)                \addtolength{\topmargin}{-14.0pt}.

[25]


Package fancyhdr Warning: \headheight is too small (0.0pt): 
(fancyhdr)                Make it at least 14.0pt, for example:
(fancyhdr)                \setlength{\headheight}{14.0pt}.
(fancyhdr)                You might also make \topmargin smaller:
(fancyhdr)                \addtolength{\topmargin}{-14.0pt}.

[26]
Underfull \hbox (badness 10000) in paragraph at lines 1346--1347

 []


Underfull \hbox (badness 10000) in paragraph at lines 1346--1347

 []


Underfull \hbox (badness 10000) in paragraph at lines 1346--1347

 []

File: Book01/fig17g.eps Graphic file (type eps)
<Book01/fig17g.eps>
File: Book01/fig17e.eps Graphic file (type eps)
<Book01/fig17e.eps>

Overfull \vbox (14.65388pt too high) detected at line 1378
 []


Overfull \vbox (214.21371pt too high) detected at line 1378
 []


Overfull \vbox (215.21745pt too high) detected at line 1378
 []




Package fancyhdr Warning: \headheight is too small (0.0pt): 
(fancyhdr)                Make it at least 14.0pt, for example:
(fancyhdr)                \setlength{\headheight}{14.0pt}.
(fancyhdr)                You might also make \topmargin smaller:
(fancyhdr)                \addtolength{\topmargin}{-14.0pt}.

[27]


Package fancyhdr Warning: \headheight is too small (0.0pt): 
(fancyhdr)                Make it at least 14.0pt, for example:
(fancyhdr)                \setlength{\headheight}{14.0pt}.
(fancyhdr)                You might also make \topmargin smaller:
(fancyhdr)                \addtolength{\topmargin}{-14.0pt}.

[28]
File: Book01/fig18g.eps Graphic file (type eps)
<Book01/fig18g.eps>

Underfull \hbox (badness 10000) in paragraph at lines 1417--1419

 []


Underfull \hbox (badness 10000) in paragraph at lines 1417--1419

 []

File: Book01/fig18e.eps Graphic file (type eps)
<Book01/fig18e.eps>

Overfull \vbox (14.65388pt too high) detected at line 1435
 []


Overfull \vbox (197.14996pt too high) detected at line 1435
 []


Overfull \vbox (196.14621pt too high) detected at line 1435
 []




Package fancyhdr Warning: \headheight is too small (0.0pt): 
(fancyhdr)                Make it at least 14.0pt, for example:
(fancyhdr)                \setlength{\headheight}{14.0pt}.
(fancyhdr)                You might also make \topmargin smaller:
(fancyhdr)                \addtolength{\topmargin}{-14.0pt}.

[29]
File: Book01/fig19g.eps Graphic file (type eps)
<Book01/fig19g.eps>

Underfull \hbox (badness 10000) in paragraph at lines 1473--1475

 []

File: Book01/fig19e.eps Graphic file (type eps)
<Book01/fig19e.eps>

Overfull \vbox (14.65388pt too high) detected at line 1489
 []


Overfull \vbox (368.7912pt too high) detected at line 1489
 []


Overfull \vbox (367.78746pt too high) detected at line 1489
 []




Package fancyhdr Warning: \headheight is too small (0.0pt): 
(fancyhdr)                Make it at least 14.0pt, for example:
(fancyhdr)                \setlength{\headheight}{14.0pt}.
(fancyhdr)                You might also make \topmargin smaller:
(fancyhdr)                \addtolength{\topmargin}{-14.0pt}.

[30]


Package fancyhdr Warning: \headheight is too small (0.0pt): 
(fancyhdr)                Make it at least 14.0pt, for example:
(fancyhdr)                \setlength{\headheight}{14.0pt}.
(fancyhdr)                You might also make \topmargin smaller:
(fancyhdr)                \addtolength{\topmargin}{-14.0pt}.

[31]
File: Book01/fig20g.eps Graphic file (type eps)
<Book01/fig20g.eps>
File: Book01/fig20e.eps Graphic file (type eps)
<Book01/fig20e.eps>

Overfull \vbox (14.65388pt too high) detected at line 1555
 []


Overfull \vbox (320.6112pt too high) detected at line 1555
 []


Overfull \vbox (319.60747pt too high) detected at line 1555
 []




Package fancyhdr Warning: \headheight is too small (0.0pt): 
(fancyhdr)                Make it at least 14.0pt, for example:
(fancyhdr)                \setlength{\headheight}{14.0pt}.
(fancyhdr)                You might also make \topmargin smaller:
(fancyhdr)                \addtolength{\topmargin}{-14.0pt}.

[32]
Overfull \hbox (18.36374pt too wide) in paragraph at lines 1570--1571
\TU/GFSPorson(0)/m/n/10 περάτων δύο εὐθεῖαι ἐντὸξ συσταθῶσιν, αἱ συσταθεῖσαι
 []

File: Book01/fig21g.eps Graphic file (type eps)
<Book01/fig21g.eps>
File: Book01/fig21e.eps Graphic file (type eps)
<Book01/fig21e.eps>

Overfull \vbox (14.65388pt too high) detected at line 1643
 []


Overfull \vbox (186.1087pt too high) detected at line 1643
 []


Overfull \vbox (185.10497pt too high) detected at line 1643
 []




Package fancyhdr Warning: \headheight is too small (0.0pt): 
(fancyhdr)                Make it at least 14.0pt, for example:
(fancyhdr)                \setlength{\headheight}{14.0pt}.
(fancyhdr)                You might also make \topmargin smaller:
(fancyhdr)                \addtolength{\topmargin}{-14.0pt}.

[33]
Underfull \hbox (badness 10000) in paragraph at lines 1656--1657

 []


Underfull \hbox (badness 10000) in paragraph at lines 1656--1657

 []

File: Book01/fig22g.eps Graphic file (type eps)
<Book01/fig22g.eps>
File: Book01/fig22e.eps Graphic file (type eps)
<Book01/fig22e.eps>

Overfull \vbox (14.65388pt too high) detected at line 1713
 []


Overfull \vbox (459.12871pt too high) detected at line 1713
 []


Overfull \vbox (460.13246pt too high) detected at line 1713
 []




Package fancyhdr Warning: \headheight is too small (0.0pt): 
(fancyhdr)                Make it at least 14.0pt, for example:
(fancyhdr)                \setlength{\headheight}{14.0pt}.
(fancyhdr)                You might also make \topmargin smaller:
(fancyhdr)                \addtolength{\topmargin}{-14.0pt}.

[34]


Package fancyhdr Warning: \headheight is too small (0.0pt): 
(fancyhdr)                Make it at least 14.0pt, for example:
(fancyhdr)                \setlength{\headheight}{14.0pt}.
(fancyhdr)                You might also make \topmargin smaller:
(fancyhdr)                \addtolength{\topmargin}{-14.0pt}.

[35]


Package fancyhdr Warning: \headheight is too small (0.0pt): 
(fancyhdr)                Make it at least 14.0pt, for example:
(fancyhdr)                \setlength{\headheight}{14.0pt}.
(fancyhdr)                You might also make \topmargin smaller:
(fancyhdr)                \addtolength{\topmargin}{-14.0pt}.

[36]
Overfull \hbox (5.81303pt too wide) in paragraph at lines 1731--1732
\TU/GFSPorson(0)/m/n/10 αὐτῆ| σημεῖον τὸ Α, ἡ δὲ δοθεῖσα γωνία εὐθύγραμμοξ
 []

File: Book01/fig23g.eps Graphic file (type eps)
<Book01/fig23g.eps>

Underfull \hbox (badness 10000) in paragraph at lines 1755--1760

 []


Underfull \hbox (badness 10000) in paragraph at lines 1755--1760

 []

File: Book01/fig23e.eps Graphic file (type eps)
<Book01/fig23e.eps>

Overfull \vbox (14.65388pt too high) detected at line 1777
 []


Overfull \vbox (327.63747pt too high) detected at line 1777
 []


Overfull \vbox (327.63747pt too high) detected at line 1777
 []




Package fancyhdr Warning: \headheight is too small (0.0pt): 
(fancyhdr)                Make it at least 14.0pt, for example:
(fancyhdr)                \setlength{\headheight}{14.0pt}.
(fancyhdr)                You might also make \topmargin smaller:
(fancyhdr)                \addtolength{\topmargin}{-14.0pt}.

[37]
Underfull \hbox (badness 10000) in paragraph at lines 1794--1795

 []

File: Book01/fig24g.eps Graphic file (type eps)
<Book01/fig24g.eps>
File: Book01/fig24e.eps Graphic file (type eps)
<Book01/fig24e.eps>

Overfull \vbox (14.65388pt too high) detected at line 1843
 []


Overfull \vbox (293.50996pt too high) detected at line 1843
 []


Overfull \vbox (294.5137pt too high) detected at line 1843
 []




Package fancyhdr Warning: \headheight is too small (0.0pt): 
(fancyhdr)                Make it at least 14.0pt, for example:
(fancyhdr)                \setlength{\headheight}{14.0pt}.
(fancyhdr)                You might also make \topmargin smaller:
(fancyhdr)                \addtolength{\topmargin}{-14.0pt}.

[38]


Package fancyhdr Warning: \headheight is too small (0.0pt): 
(fancyhdr)                Make it at least 14.0pt, for example:
(fancyhdr)                \setlength{\headheight}{14.0pt}.
(fancyhdr)                You might also make \topmargin smaller:
(fancyhdr)                \addtolength{\topmargin}{-14.0pt}.

[39]
Underfull \hbox (badness 10000) in paragraph at lines 1860--1861

 []

File: Book01/fig25g.eps Graphic file (type eps)
<Book01/fig25g.eps>
File: Book01/fig25e.eps Graphic file (type eps)
<Book01/fig25e.eps>

Overfull \vbox (14.65388pt too high) detected at line 1892
 []


Overfull \vbox (264.40121pt too high) detected at line 1892
 []


Overfull \vbox (265.40495pt too high) detected at line 1892
 []




Package fancyhdr Warning: \headheight is too small (0.0pt): 
(fancyhdr)                Make it at least 14.0pt, for example:
(fancyhdr)                \setlength{\headheight}{14.0pt}.
(fancyhdr)                You might also make \topmargin smaller:
(fancyhdr)                \addtolength{\topmargin}{-14.0pt}.

[40]
Underfull \hbox (badness 10000) in paragraph at lines 1917--1918

 []


Underfull \hbox (badness 10000) in paragraph at lines 1917--1918

 []

File: Book01/fig26g.eps Graphic file (type eps)
<Book01/fig26g.eps>
File: Book01/fig26e.eps Graphic file (type eps)
<Book01/fig26e.eps>

Overfull \vbox (14.65388pt too high) detected at line 2000
 []


Overfull \vbox (192.13121pt too high) detected at line 2000
 []


Overfull \vbox (193.13495pt too high) detected at line 2000
 []




Package fancyhdr Warning: \headheight is too small (0.0pt): 
(fancyhdr)                Make it at least 14.0pt, for example:
(fancyhdr)                \setlength{\headheight}{14.0pt}.
(fancyhdr)                You might also make \topmargin smaller:
(fancyhdr)                \addtolength{\topmargin}{-14.0pt}.

[41]


Package fancyhdr Warning: \headheight is too small (0.0pt): 
(fancyhdr)                Make it at least 14.0pt, for example:
(fancyhdr)                \setlength{\headheight}{14.0pt}.
(fancyhdr)                You might also make \topmargin smaller:
(fancyhdr)                \addtolength{\topmargin}{-14.0pt}.

[42]


Package fancyhdr Warning: \headheight is too small (0.0pt): 
(fancyhdr)                Make it at least 14.0pt, for example:
(fancyhdr)                \setlength{\headheight}{14.0pt}.
(fancyhdr)                You might also make \topmargin smaller:
(fancyhdr)                \addtolength{\topmargin}{-14.0pt}.

[43]
Overfull \hbox (3.39268pt too wide) in paragraph at lines 2013--2014
[]\TU/GFSPorson(0)/m/n/10 Ἐὰν εἰξ δύο εὐθείαξ εὐθεῖα ἐμπίπτουσα τὰξ ἐναλλὰχ
 []


Overfull \hbox (6.67432pt too wide) in paragraph at lines 2013--2014
\TU/GFSPorson(0)/m/n/10 γωνίαξ >ίσαξ ἀλλήλαιξ ποιῆ|, παράλληλοι >έσονται
 []

File: Book01/fig27g.eps Graphic file (type eps)
<Book01/fig27g.eps>

Overfull \hbox (16.46706pt too wide) in paragraph at lines 2025--2026
\TU/GFSPorson(0)/m/n/10 >ήτοι ἐπὶ τὰ Β, Δ μέρη >ὴ ἐπὶ τὰ Α, Γ. ἐκβεβλήσθωσαν
 []


Overfull \hbox (3.7373pt too wide) in paragraph at lines 2028--2028
\TU/GFSPorson(0)/m/n/10 ἐναλλὰχ γωνίαξ >ίσαξ ἀλλήλαιξ ποιῆ|, παράλληλοι
 []

File: Book01/fig27e.eps Graphic file (type eps)
<Book01/fig27e.eps>

Overfull \vbox (14.65388pt too high) detected at line 2061
 []


Overfull \vbox (272.43121pt too high) detected at line 2061
 []


Overfull \vbox (272.43121pt too high) detected at line 2061
 []


Underfull \hbox (badness 10000) in paragraph at lines 2089--2090

 []


Underfull \hbox (badness 10000) in paragraph at lines 2089--2090

 []

File: Book01/fig28g.eps Graphic file (type eps)
<Book01/fig28g.eps>
File: Book01/fig28e.eps Graphic file (type eps)
<Book01/fig28e.eps>

Overfull \vbox (14.65388pt too high) detected at line 2132
 []


Overfull \vbox (328.64122pt too high) detected at line 2132
 []


Overfull \vbox (328.64122pt too high) detected at line 2132
 []




Package fancyhdr Warning: \headheight is too small (0.0pt): 
(fancyhdr)                Make it at least 14.0pt, for example:
(fancyhdr)                \setlength{\headheight}{14.0pt}.
(fancyhdr)                You might also make \topmargin smaller:
(fancyhdr)                \addtolength{\topmargin}{-14.0pt}.

[44]


Package fancyhdr Warning: \headheight is too small (0.0pt): 
(fancyhdr)                Make it at least 14.0pt, for example:
(fancyhdr)                \setlength{\headheight}{14.0pt}.
(fancyhdr)                You might also make \topmargin smaller:
(fancyhdr)                \addtolength{\topmargin}{-14.0pt}.

[45]
Underfull \hbox (badness 10000) in paragraph at lines 2148--2149

 []


Overfull \hbox (18.18439pt too wide) in paragraph at lines 2156--2157
\TU/GFSPorson(0)/m/n/10 συμπίπτουσι δὲ διὰ τὸ παραλλήλουξ αὐτὰξ ὑποκεῖσθαι;
 []


Underfull \hbox (badness 10000) in paragraph at lines 2156--2157

 []


Underfull \hbox (badness 10000) in paragraph at lines 2156--2157

 []


Underfull \hbox (badness 10000) in paragraph at lines 2156--2157

 []

File: Book01/fig28g.eps Graphic file (type eps)
<Book01/fig28g.eps>

Overfull \hbox (4.74934pt too wide) in paragraph at lines 2163--2163
\TU/GFSPorson(0)/m/n/10 ἐμπίπτουσα τάξ τε ἐναλλὰχ γωνίαξ >ίσαξ ἀλλήλαιξ
 []


Overfull \hbox (1.75217pt too wide) in paragraph at lines 2170--2174
[]\TU/TimesNewRoman(0)/m/n/10 A straight-line falling across parallel straight-
lines makes
 []

File: Book01/fig28e.eps Graphic file (type eps)
<Book01/fig28e.eps>

Overfull \vbox (14.65388pt too high) detected at line 2202
 []


Overfull \vbox (328.64122pt too high) detected at line 2202
 []


Overfull \vbox (328.64122pt too high) detected at line 2202
 []




Package fancyhdr Warning: \headheight is too small (0.0pt): 
(fancyhdr)                Make it at least 14.0pt, for example:
(fancyhdr)                \setlength{\headheight}{14.0pt}.
(fancyhdr)                You might also make \topmargin smaller:
(fancyhdr)                \addtolength{\topmargin}{-14.0pt}.

[46]


Package fancyhdr Warning: \headheight is too small (0.0pt): 
(fancyhdr)                Make it at least 14.0pt, for example:
(fancyhdr)                \setlength{\headheight}{14.0pt}.
(fancyhdr)                You might also make \topmargin smaller:
(fancyhdr)                \addtolength{\topmargin}{-14.0pt}.

[47]
File: Book01/fig30g.eps Graphic file (type eps)
<Book01/fig30g.eps>

Overfull \hbox (2.97865pt too wide) in paragraph at lines 2227--2227
[]\TU/GFSPorson(0)/m/n/10 [Αἱ >άρα τῆ| αὐτῆ| εὐθείᾳ παράλληλοι καὶ ἀλλήλαιξ
 []

File: Book01/fig30e.eps Graphic file (type eps)
<Book01/fig30e.eps>

Overfull \vbox (14.65388pt too high) detected at line 2253
 []


Overfull \vbox (254.36371pt too high) detected at line 2253
 []


Overfull \vbox (254.36371pt too high) detected at line 2253
 []




Package fancyhdr Warning: \headheight is too small (0.0pt): 
(fancyhdr)                Make it at least 14.0pt, for example:
(fancyhdr)                \setlength{\headheight}{14.0pt}.
(fancyhdr)                You might also make \topmargin smaller:
(fancyhdr)                \addtolength{\topmargin}{-14.0pt}.

[48]
Underfull \hbox (badness 10000) in paragraph at lines 2272--2273

 []

File: Book01/fig31g.eps Graphic file (type eps)
<Book01/fig31g.eps>

Overfull \hbox (4.11024pt too wide) in paragraph at lines 2278--2279
\TU/GFSPorson(0)/m/n/10 ΕΑΔ, ΑΔΓ >ίσαξ ἀλλήλαιξ πεποίηκεν, παράλληλοξ
 []

File: Book01/fig31e.eps Graphic file (type eps)
<Book01/fig31e.eps>

Overfull \vbox (14.65388pt too high) detected at line 2311
 []


Overfull \vbox (174.06372pt too high) detected at line 2311
 []


Overfull \vbox (175.06746pt too high) detected at line 2311
 []




Package fancyhdr Warning: \headheight is too small (0.0pt): 
(fancyhdr)                Make it at least 14.0pt, for example:
(fancyhdr)                \setlength{\headheight}{14.0pt}.
(fancyhdr)                You might also make \topmargin smaller:
(fancyhdr)                \addtolength{\topmargin}{-14.0pt}.

[49]
Overfull \hbox (17.53503pt too wide) in paragraph at lines 2324--2325
[]\TU/GFSPorson(0)/m/n/10 Παντὸξ τριγώνου μιᾶξ τῶν πλευρῶν προσεκβληθείσηξ
 []


Underfull \hbox (badness 10000) in paragraph at lines 2324--2325

 []

File: Book01/fig32g.eps Graphic file (type eps)
<Book01/fig32g.eps>

Overfull \hbox (43.49153pt too wide) in paragraph at lines 2342--2342
[]\TU/GFSPorson(0)/m/n/10 Παντὸξ >άρα τριγώνου μιᾶξ τῶν πλευρῶν προσεκβληθείσηξ

 []

File: Book01/fig32e.eps Graphic file (type eps)
<Book01/fig32e.eps>

Overfull \vbox (14.65388pt too high) detected at line 2379
 []


Overfull \vbox (282.46872pt too high) detected at line 2379
 []


Overfull \vbox (283.47246pt too high) detected at line 2379
 []




Package fancyhdr Warning: \headheight is too small (0.0pt): 
(fancyhdr)                Make it at least 14.0pt, for example:
(fancyhdr)                \setlength{\headheight}{14.0pt}.
(fancyhdr)                You might also make \topmargin smaller:
(fancyhdr)                \addtolength{\topmargin}{-14.0pt}.

[50]


Package fancyhdr Warning: \headheight is too small (0.0pt): 
(fancyhdr)                Make it at least 14.0pt, for example:
(fancyhdr)                \setlength{\headheight}{14.0pt}.
(fancyhdr)                You might also make \topmargin smaller:
(fancyhdr)                \addtolength{\topmargin}{-14.0pt}.

[51]
File: Book01/fig33g.eps Graphic file (type eps)
<Book01/fig33g.eps>
File: Book01/fig33e.eps Graphic file (type eps)
<Book01/fig33e.eps>

Overfull \vbox (14.65388pt too high) detected at line 2440
 []


Overfull \vbox (187.11246pt too high) detected at line 2440
 []


Overfull \vbox (188.11621pt too high) detected at line 2440
 []




Package fancyhdr Warning: \headheight is too small (0.0pt): 
(fancyhdr)                Make it at least 14.0pt, for example:
(fancyhdr)                \setlength{\headheight}{14.0pt}.
(fancyhdr)                You might also make \topmargin smaller:
(fancyhdr)                \addtolength{\topmargin}{-14.0pt}.

[52]
File: Book01/fig34g.eps Graphic file (type eps)
<Book01/fig34g.eps>

Overfull \hbox (16.30304pt too wide) in paragraph at lines 2466--2467
[]\TU/GFSPorson(0)/m/n/10 Τῶν >άρα παραλληλογράμμων θωρίων αἱ ἀπεναντίον
 []


Underfull \hbox (badness 10000) in paragraph at lines 2480--2483

 []

File: Book01/fig34e.eps Graphic file (type eps)
<Book01/fig34e.eps>

Overfull \vbox (14.65388pt too high) detected at line 2512
 []


Overfull \vbox (250.34871pt too high) detected at line 2512
 []


Overfull \vbox (251.35246pt too high) detected at line 2512
 []




Package fancyhdr Warning: \headheight is too small (0.0pt): 
(fancyhdr)                Make it at least 14.0pt, for example:
(fancyhdr)                \setlength{\headheight}{14.0pt}.
(fancyhdr)                You might also make \topmargin smaller:
(fancyhdr)                \addtolength{\topmargin}{-14.0pt}.

[53]


Package fancyhdr Warning: \headheight is too small (0.0pt): 
(fancyhdr)                Make it at least 14.0pt, for example:
(fancyhdr)                \setlength{\headheight}{14.0pt}.
(fancyhdr)                You might also make \topmargin smaller:
(fancyhdr)                \addtolength{\topmargin}{-14.0pt}.

[54]
File: Book01/fig35g.eps Graphic file (type eps)
<Book01/fig35g.eps>
File: Book01/fig35e.eps Graphic file (type eps)
<Book01/fig35e.eps>

Overfull \vbox (14.65388pt too high) detected at line 2577
 []


Overfull \vbox (232.28122pt too high) detected at line 2577
 []


Overfull \vbox (233.28496pt too high) detected at line 2577
 []




Package fancyhdr Warning: \headheight is too small (0.0pt): 
(fancyhdr)                Make it at least 14.0pt, for example:
(fancyhdr)                \setlength{\headheight}{14.0pt}.
(fancyhdr)                You might also make \topmargin smaller:
(fancyhdr)                \addtolength{\topmargin}{-14.0pt}.

[55]
File: Book01/fig36g.eps Graphic file (type eps)
<Book01/fig36g.eps>
File: Book01/fig36e.eps Graphic file (type eps)
<Book01/fig36e.eps>

Overfull \vbox (14.65388pt too high) detected at line 2631
 []


Overfull \vbox (223.24747pt too high) detected at line 2631
 []


Overfull \vbox (224.2512pt too high) detected at line 2631
 []




Package fancyhdr Warning: \headheight is too small (0.0pt): 
(fancyhdr)                Make it at least 14.0pt, for example:
(fancyhdr)                \setlength{\headheight}{14.0pt}.
(fancyhdr)                You might also make \topmargin smaller:
(fancyhdr)                \addtolength{\topmargin}{-14.0pt}.

[56]


Package fancyhdr Warning: \headheight is too small (0.0pt): 
(fancyhdr)                Make it at least 14.0pt, for example:
(fancyhdr)                \setlength{\headheight}{14.0pt}.
(fancyhdr)                You might also make \topmargin smaller:
(fancyhdr)                \addtolength{\topmargin}{-14.0pt}.

[57]
File: Book01/fig37g.eps Graphic file (type eps)
<Book01/fig37g.eps>
File: Book01/fig37e.eps Graphic file (type eps)
<Book01/fig37e.eps>

Overfull \vbox (14.65388pt too high) detected at line 2690
 []


Overfull \vbox (192.13121pt too high) detected at line 2690
 []


Overfull \vbox (193.13495pt too high) detected at line 2690
 []




Package fancyhdr Warning: \headheight is too small (0.0pt): 
(fancyhdr)                Make it at least 14.0pt, for example:
(fancyhdr)                \setlength{\headheight}{14.0pt}.
(fancyhdr)                You might also make \topmargin smaller:
(fancyhdr)                \addtolength{\topmargin}{-14.0pt}.

[58]
File: Book01/fig38g.eps Graphic file (type eps)
<Book01/fig38g.eps>

Overfull \hbox (2.0658pt too wide) in paragraph at lines 2716--2717
\TU/GFSPorson(0)/m/n/10 αὐτὸ δίθα τέμνει; τοῦ δὲ ΔΕΖΘ παραλληλογράμμου
 []


Overfull \hbox (4.01738pt too wide) in paragraph at lines 2716--2717
\TU/GFSPorson(0)/m/n/10 ἀλλήλοιξ ἐστίν]. >ίσον >άρα ἐστὶ τὸ ΑΒΓ τρίγωνον
 []

File: Book01/fig38e.eps Graphic file (type eps)
<Book01/fig38e.eps>

Overfull \vbox (14.65388pt too high) detected at line 2746
 []


Overfull \vbox (210.19872pt too high) detected at line 2746
 []


Overfull \vbox (211.20245pt too high) detected at line 2746
 []




Package fancyhdr Warning: \headheight is too small (0.0pt): 
(fancyhdr)                Make it at least 14.0pt, for example:
(fancyhdr)                \setlength{\headheight}{14.0pt}.
(fancyhdr)                You might also make \topmargin smaller:
(fancyhdr)                \addtolength{\topmargin}{-14.0pt}.

[59]
File: Book01/fig39g.eps Graphic file (type eps)
<Book01/fig39g.eps>
File: Book01/fig39e.eps Graphic file (type eps)
<Book01/fig39e.eps>

Overfull \vbox (14.65388pt too high) detected at line 2797
 []


Overfull \vbox (184.10121pt too high) detected at line 2797
 []


Overfull \vbox (185.10495pt too high) detected at line 2797
 []




Package fancyhdr Warning: \headheight is too small (0.0pt): 
(fancyhdr)                Make it at least 14.0pt, for example:
(fancyhdr)                \setlength{\headheight}{14.0pt}.
(fancyhdr)                You might also make \topmargin smaller:
(fancyhdr)                \addtolength{\topmargin}{-14.0pt}.

[60]
File: Book01/fig40g.eps Graphic file (type eps)
<Book01/fig40g.eps>
File: Book01/fig40e.eps Graphic file (type eps)
<Book01/fig40e.eps>

Overfull \vbox (14.65388pt too high) detected at line 2854
 []


Overfull \vbox (197.14996pt too high) detected at line 2854
 []


Overfull \vbox (196.14621pt too high) detected at line 2854
 []




Package fancyhdr Warning: \headheight is too small (0.0pt): 
(fancyhdr)                Make it at least 14.0pt, for example:
(fancyhdr)                \setlength{\headheight}{14.0pt}.
(fancyhdr)                You might also make \topmargin smaller:
(fancyhdr)                \addtolength{\topmargin}{-14.0pt}.

[61]
Underfull \hbox (badness 10000) in paragraph at lines 2855--2857

 []


Overfull \hbox (10.62701pt too wide) in paragraph at lines 2869--2870
\TU/GFSPorson(0)/m/n/10 διπλάσιόν ἐστί τὸ παραλληλόγραμμον τοῦ τριγώνου. 
 []

File: Book01/fig41g.eps Graphic file (type eps)
<Book01/fig41g.eps>

Underfull \hbox (badness 3302) in paragraph at lines 2876--2877
\TU/GFSPorson(0)/m/n/10 παραλληλόγραμμον διπλάσιόν ἐστι τοῦ ΑΒΓ
 []

File: Book01/fig41e.eps Graphic file (type eps)
<Book01/fig41e.eps>

Overfull \vbox (14.65388pt too high) detected at line 2907
 []


Overfull \vbox (259.38246pt too high) detected at line 2907
 []


Overfull \vbox (260.3862pt too high) detected at line 2907
 []




Package fancyhdr Warning: \headheight is too small (0.0pt): 
(fancyhdr)                Make it at least 14.0pt, for example:
(fancyhdr)                \setlength{\headheight}{14.0pt}.
(fancyhdr)                You might also make \topmargin smaller:
(fancyhdr)                \addtolength{\topmargin}{-14.0pt}.

[62]
File: Book01/fig42g.eps Graphic file (type eps)
<Book01/fig42g.eps>

Overfull \hbox (21.8717pt too wide) in paragraph at lines 2932--2932
[]\TU/GFSPorson(0)/m/n/10 Τῶ| >άρα δοθέντι τριγώνῳ τῶ| ΑΒΓ >ίσον παραλληλό-
 []

File: Book01/fig42e.eps Graphic file (type eps)
<Book01/fig42e.eps>

Overfull \vbox (14.65388pt too high) detected at line 2962
 []


Overfull \vbox (307.56247pt too high) detected at line 2962
 []


Overfull \vbox (307.56247pt too high) detected at line 2962
 []




Package fancyhdr Warning: \headheight is too small (0.0pt): 
(fancyhdr)                Make it at least 14.0pt, for example:
(fancyhdr)                \setlength{\headheight}{14.0pt}.
(fancyhdr)                You might also make \topmargin smaller:
(fancyhdr)                \addtolength{\topmargin}{-14.0pt}.

[63]


Package fancyhdr Warning: \headheight is too small (0.0pt): 
(fancyhdr)                Make it at least 14.0pt, for example:
(fancyhdr)                \setlength{\headheight}{14.0pt}.
(fancyhdr)                You might also make \topmargin smaller:
(fancyhdr)                \addtolength{\topmargin}{-14.0pt}.

[64]
Overfull \hbox (9.252pt too wide) in paragraph at lines 2974--2975
[]\TU/GFSPorson(0)/m/n/10 Παντὸξ παραλληλογράμμου τῶν περὶ τὴν διάμετρον
 []


Overfull \hbox (23.37611pt too wide) in paragraph at lines 2978--2979
\TU/GFSPorson(0)/m/n/10 μὲν >έστω τὰ ΕΘ, ΖΗ, τὰ δὲ λεγόμενα παραπληρώματα
 []


Overfull \hbox (24.64374pt too wide) in paragraph at lines 2978--2979
\TU/GFSPorson(0)/m/n/10 τὰ ΒΚ, ΚΔ; λέγω, <ότι >ίσον ἐστὶ τὸ ΒΚ παραπλήρωμα
 []

File: Book01/fig43g.eps Graphic file (type eps)
<Book01/fig43g.eps>

Overfull \hbox (48.30362pt too wide) in paragraph at lines 2987--2988
\TU/GFSPorson(0)/m/n/10 τρίγωνον τῶ| ΑΓΔ τριγώνῳ. πάλιν, ἐπεὶ παραλληλόγραμμόν
 []


Overfull \hbox (48.96222pt too wide) in paragraph at lines 2989--2989
\TU/GFSPorson(0)/m/n/10 περὶ τὴν διάμετρον παραλληλογράμμων τὰ παραπληρώματα
 []

File: Book01/fig43e.eps Graphic file (type eps)
<Book01/fig43e.eps>

Overfull \vbox (14.65388pt too high) detected at line 3019
 []


Overfull \vbox (223.24747pt too high) detected at line 3019
 []


Overfull \vbox (224.2512pt too high) detected at line 3019
 []




Package fancyhdr Warning: \headheight is too small (0.0pt): 
(fancyhdr)                Make it at least 14.0pt, for example:
(fancyhdr)                \setlength{\headheight}{14.0pt}.
(fancyhdr)                You might also make \topmargin smaller:
(fancyhdr)                \addtolength{\topmargin}{-14.0pt}.

[65]
File: Book01/fig44g.eps Graphic file (type eps)
<Book01/fig44g.eps>

Overfull \hbox (15.64195pt too wide) in paragraph at lines 3043--3044
[]\TU/GFSPorson(0)/m/n/10 Συνεστάτω τῶ| Γ τριγώνῳ >ίσον παραλληλόγραμμον
 []

File: Book01/fig44e.eps Graphic file (type eps)
<Book01/fig44e.eps>

Overfull \vbox (14.65388pt too high) detected at line 3086
 []


Overfull \vbox (419.98247pt too high) detected at line 3086
 []


Overfull \vbox (419.98247pt too high) detected at line 3086
 []




Package fancyhdr Warning: \headheight is too small (0.0pt): 
(fancyhdr)                Make it at least 14.0pt, for example:
(fancyhdr)                \setlength{\headheight}{14.0pt}.
(fancyhdr)                You might also make \topmargin smaller:
(fancyhdr)                \addtolength{\topmargin}{-14.0pt}.

[66]


Package fancyhdr Warning: \headheight is too small (0.0pt): 
(fancyhdr)                Make it at least 14.0pt, for example:
(fancyhdr)                \setlength{\headheight}{14.0pt}.
(fancyhdr)                You might also make \topmargin smaller:
(fancyhdr)                \addtolength{\topmargin}{-14.0pt}.

[67]


Package fancyhdr Warning: \headheight is too small (0.0pt): 
(fancyhdr)                Make it at least 14.0pt, for example:
(fancyhdr)                \setlength{\headheight}{14.0pt}.
(fancyhdr)                You might also make \topmargin smaller:
(fancyhdr)                \addtolength{\topmargin}{-14.0pt}.

[68]
Overfull \hbox (5.51563pt too wide) in paragraph at lines 3101--3102
[]\TU/GFSPorson(0)/m/n/10 Τῶ| δοθέντι εὐθυγράμμῳ >ίσον παραλληλόγραμμον
 []

File: Book01/fig45g.eps Graphic file (type eps)
<Book01/fig45g.eps>

Overfull \hbox (3.9636pt too wide) in paragraph at lines 3124--3125
[]\TU/GFSPorson(0)/m/n/10 Ἐπεζεύθθω ἡ ΔΒ, καὶ συνεστάτω τῶ| ΑΒΔ τριγώνῳ
 []

File: Book01/fig45e.eps Graphic file (type eps)
<Book01/fig45e.eps>

Overfull \vbox (14.65388pt too high) detected at line 3174
 []


Overfull \vbox (413.95996pt too high) detected at line 3174
 []


Overfull \vbox (412.9562pt too high) detected at line 3174
 []




Package fancyhdr Warning: \headheight is too small (0.0pt): 
(fancyhdr)                Make it at least 14.0pt, for example:
(fancyhdr)                \setlength{\headheight}{14.0pt}.
(fancyhdr)                You might also make \topmargin smaller:
(fancyhdr)                \addtolength{\topmargin}{-14.0pt}.

[69]


Package fancyhdr Warning: \headheight is too small (0.0pt): 
(fancyhdr)                Make it at least 14.0pt, for example:
(fancyhdr)                \setlength{\headheight}{14.0pt}.
(fancyhdr)                You might also make \topmargin smaller:
(fancyhdr)                \addtolength{\topmargin}{-14.0pt}.

[70]
File: Book01/fig46g.eps Graphic file (type eps)
<Book01/fig46g.eps>
File: Book01/fig46e.eps Graphic file (type eps)
<Book01/fig46e.eps>

Overfull \vbox (14.65388pt too high) detected at line 3229
 []


Overfull \vbox (313.58496pt too high) detected at line 3229
 []


Overfull \vbox (313.58496pt too high) detected at line 3229
 []




Package fancyhdr Warning: \headheight is too small (0.0pt): 
(fancyhdr)                Make it at least 14.0pt, for example:
(fancyhdr)                \setlength{\headheight}{14.0pt}.
(fancyhdr)                You might also make \topmargin smaller:
(fancyhdr)                \addtolength{\topmargin}{-14.0pt}.

[71]
Overfull \hbox (20.6261pt too wide) in paragraph at lines 3241--3242
\TU/GFSPorson(0)/m/n/10 >ίσον ἐστὶ τοῖξ ἀπὸ τῶν τὴν ὀρθὴν γωνίαν περιεθουσῶν
 []

File: Book01/fig47g.eps Graphic file (type eps)
<Book01/fig47g.eps>

Overfull \hbox (8.64822pt too wide) in paragraph at lines 3256--3256
\TU/GFSPorson(0)/m/n/10 [γωνίαν] περιεθουσῶν πλευρῶν τετραγώνοιξ; <όπερ
 []

File: Book01/fig47e.eps Graphic file (type eps)
<Book01/fig47e.eps>

Overfull \vbox (14.65388pt too high) detected at line 3298
 []


Overfull \vbox (475.18872pt too high) detected at line 3298
 []


Overfull \vbox (499.27872pt too high) detected at line 3298
 []




Package fancyhdr Warning: \headheight is too small (0.0pt): 
(fancyhdr)                Make it at least 14.0pt, for example:
(fancyhdr)                \setlength{\headheight}{14.0pt}.
(fancyhdr)                You might also make \topmargin smaller:
(fancyhdr)                \addtolength{\topmargin}{-14.0pt}.

[72]


Package fancyhdr Warning: \headheight is too small (0.0pt): 
(fancyhdr)                Make it at least 14.0pt, for example:
(fancyhdr)                \setlength{\headheight}{14.0pt}.
(fancyhdr)                You might also make \topmargin smaller:
(fancyhdr)                \addtolength{\topmargin}{-14.0pt}.

[73]


Package fancyhdr Warning: \headheight is too small (0.0pt): 
(fancyhdr)                Make it at least 14.0pt, for example:
(fancyhdr)                \setlength{\headheight}{14.0pt}.
(fancyhdr)                You might also make \topmargin smaller:
(fancyhdr)                \addtolength{\topmargin}{-14.0pt}.

[74]
Overfull \hbox (11.74168pt too wide) in paragraph at lines 3313--3314
[]\TU/GFSPorson(0)/m/n/10 Ἐὰν τριγώνου τὸ ἀπὸ μιᾶξ τῶν πλευρῶν τετράγωνον
 []

File: Book01/fig48g.eps Graphic file (type eps)
<Book01/fig48g.eps>

Overfull \hbox (2.8243pt too wide) in paragraph at lines 3323--3323
\TU/GFSPorson(0)/m/n/10 τριγώνου δύο πλευρῶν τετραγώνοιξ, ἡ περιεθομένη
 []

File: Book01/fig48e.eps Graphic file (type eps)
<Book01/fig48e.eps>

Overfull \vbox (14.65388pt too high) detected at line 3358
 []


Overfull \vbox (295.51747pt too high) detected at line 3358
 []


Overfull \vbox (295.51747pt too high) detected at line 3358
 []




Package fancyhdr Warning: \headheight is too small (0.0pt): 
(fancyhdr)                Make it at least 14.0pt, for example:
(fancyhdr)                \setlength{\headheight}{14.0pt}.
(fancyhdr)                You might also make \topmargin smaller:
(fancyhdr)                \addtolength{\topmargin}{-14.0pt}.

[75]


Package fancyhdr Warning: \headheight is too small (0.0pt): 
(fancyhdr)                Make it at least 14.0pt, for example:
(fancyhdr)                \setlength{\headheight}{14.0pt}.
(fancyhdr)                You might also make \topmargin smaller:
(fancyhdr)                \addtolength{\topmargin}{-14.0pt}.

[76])


Package fancyhdr Warning: \headheight is too small (0.0pt): 
(fancyhdr)                Make it at least 14.0pt, for example:
(fancyhdr)                \setlength{\headheight}{14.0pt}.
(fancyhdr)                You might also make \topmargin smaller:
(fancyhdr)                \addtolength{\topmargin}{-14.0pt}.

[77]
\openout2 = `Book02/Book2.aux'.

 (./Book02/Book2.tex

[78



]
Overfull \hbox (6.52893pt too wide) in paragraph at lines 33--34
[]\TU/GFSPorson(0)/m/n/10 1\TU/TimesNewRoman(0)/m/n/10 . \TU/GFSPorson(0)/m/n/1
0 Πᾶν παραλληλόγραμμον ὀρθογώνιον περιέθεσθαι
 []


Overfull \hbox (4.60268pt too wide) in paragraph at lines 33--34
\TU/GFSPorson(0)/m/n/10 λέγεται ὑπὸ δύο τῶν τὴν ὀρθὴν γωνίαν περιεθουσῶν
 []


Overfull \vbox (14.62pt too high) detected at line 49
 []


Overfull \hbox (8.59799pt too wide) in paragraph at lines 61--62
\TU/GFSPorson(0)/m/n/10 ὁσαδηποτοῦν τμήματα, τὸ περιεχόμενον ὀρθογώνιον
 []


Overfull \hbox (0.98096pt too wide) in paragraph at lines 61--62
\TU/GFSPorson(0)/m/n/10 ἀτμήτου καὶ ἑκάστου τῶν τμημάτων περιεθομένοιξ
 []


Underfull \hbox (badness 10000) in paragraph at lines 61--62

 []

File: Book02/fig01g.eps Graphic file (type eps)
<Book02/fig01g.eps>
File: Book02/fig01e.eps Graphic file (type eps)
<Book02/fig01e.eps>

Overfull \vbox (14.65388pt too high) detected at line 108
 []


Overfull \vbox (268.41621pt too high) detected at line 108
 []


Overfull \vbox (269.41995pt too high) detected at line 108
 []




Package fancyhdr Warning: \headheight is too small (0.0pt): 
(fancyhdr)                Make it at least 14.0pt, for example:
(fancyhdr)                \setlength{\headheight}{14.0pt}.
(fancyhdr)                You might also make \topmargin smaller:
(fancyhdr)                \addtolength{\topmargin}{-14.0pt}.

[79]
Overfull \hbox (17.15372pt too wide) in paragraph at lines 122--123
\TU/GFSPorson(0)/m/n/10 ὀρθογώνιον >ίσον ἐστὶ τῶ| ἀπὸ τῆξ <όληξ τετραγώνῳ. 
 []


Underfull \hbox (badness 10000) in paragraph at lines 122--123

 []

File: Book02/fig02g.eps Graphic file (type eps)
<Book02/fig02g.eps>
File: Book02/fig02e.eps Graphic file (type eps)
<Book02/fig02e.eps>

Overfull \hbox (9.7414pt too wide) in paragraph at lines 152--154
[]\TU/TimesNewRoman(0)/m/n/10 For let the square $\OML/cmm/m/it/10 ADEB$ \TU/Ti
mesNewRoman(0)/m/n/10 be described on $\OML/cmm/m/it/10 AB$ \TU/TimesNewRoman(0
)/m/n/10 [Prop. 1.46],
 []


Overfull \vbox (14.65388pt too high) detected at line 162
 []


Overfull \vbox (247.33746pt too high) detected at line 162
 []


Overfull \vbox (246.33372pt too high) detected at line 162
 []




Package fancyhdr Warning: \headheight is too small (0.0pt): 
(fancyhdr)                Make it at least 14.0pt, for example:
(fancyhdr)                \setlength{\headheight}{14.0pt}.
(fancyhdr)                You might also make \topmargin smaller:
(fancyhdr)                \addtolength{\topmargin}{-14.0pt}.

[80]
Overfull \hbox (18.33438pt too wide) in paragraph at lines 176--177
\TU/GFSPorson(0)/m/n/10 περιεθομένῳ ὀρθογωνίῳ καὶ τῶ| ἀπὸ τοῦ προειρημένου
 []

File: Book02/fig03g.eps Graphic file (type eps)
<Book02/fig03g.eps>

Overfull \hbox (7.55667pt too wide) in paragraph at lines 188--188
\TU/GFSPorson(0)/m/n/10 ὑπὸ τῆξ <όληξ καὶ ἑνὸξ τῶν τμημάτων περιεχόμενον
 []


Overfull \hbox (18.33438pt too wide) in paragraph at lines 188--188
\TU/GFSPorson(0)/m/n/10 περιεθομένῳ ὀρθογωνίῳ καὶ τῶ| ἀπὸ τοῦ προειρημένου
 []

File: Book02/fig03e.eps Graphic file (type eps)
<Book02/fig03e.eps>

Overfull \hbox (10.46634pt too wide) in paragraph at lines 207--217
[]\TU/TimesNewRoman(0)/m/n/10 For let the square $\OML/cmm/m/it/10 CDEB$ \TU/Ti
mesNewRoman(0)/m/n/10 be described on $\OML/cmm/m/it/10 CB$ \TU/TimesNewRoman(0
)/m/n/10 [Prop. 1.46],
 []


Overfull \vbox (14.65388pt too high) detected at line 223
 []


Overfull \vbox (224.2512pt too high) detected at line 223
 []


Overfull \vbox (223.24747pt too high) detected at line 223
 []




Package fancyhdr Warning: \headheight is too small (0.0pt): 
(fancyhdr)                Make it at least 14.0pt, for example:
(fancyhdr)                \setlength{\headheight}{14.0pt}.
(fancyhdr)                You might also make \topmargin smaller:
(fancyhdr)                \addtolength{\topmargin}{-14.0pt}.

[81]
Overfull \hbox (9.37196pt too wide) in paragraph at lines 240--241
\TU/GFSPorson(0)/m/n/10 καὶ τῶ| δὶξ ὑπὸ τῶν ΑΓ, ΓΒ περιεθομένῳ ὀρθογωνίῳ. 
 []


Underfull \hbox (badness 10000) in paragraph at lines 246--247

 []


Underfull \hbox (badness 10000) in paragraph at lines 246--247

 []


Underfull \hbox (badness 10000) in paragraph at lines 246--247

 []


Underfull \hbox (badness 10000) in paragraph at lines 246--247

 []


Underfull \hbox (badness 10000) in paragraph at lines 246--247

 []

File: Book02/fig04g.eps Graphic file (type eps)
<Book02/fig04g.eps>

Overfull \hbox (9.7414pt too wide) in paragraph at lines 267--291
[]\TU/TimesNewRoman(0)/m/n/10 For let the square $\OML/cmm/m/it/10 ADEB$ \TU/Ti
mesNewRoman(0)/m/n/10 be described on $\OML/cmm/m/it/10 AB$ \TU/TimesNewRoman(0
)/m/n/10 [Prop. 1.46],
 []

File: Book02/fig04e.eps Graphic file (type eps)
<Book02/fig04e.eps>

Overfull \vbox (14.65388pt too high) detected at line 299
 []


Overfull \vbox (277.44997pt too high) detected at line 299
 []


Overfull \vbox (278.4537pt too high) detected at line 299
 []




Package fancyhdr Warning: \headheight is too small (0.0pt): 
(fancyhdr)                Make it at least 14.0pt, for example:
(fancyhdr)                \setlength{\headheight}{14.0pt}.
(fancyhdr)                You might also make \topmargin smaller:
(fancyhdr)                \addtolength{\topmargin}{-14.0pt}.

[82]


Package fancyhdr Warning: \headheight is too small (0.0pt): 
(fancyhdr)                Make it at least 14.0pt, for example:
(fancyhdr)                \setlength{\headheight}{14.0pt}.
(fancyhdr)                You might also make \topmargin smaller:
(fancyhdr)                \addtolength{\topmargin}{-14.0pt}.

[83]


Package fancyhdr Warning: \headheight is too small (0.0pt): 
(fancyhdr)                Make it at least 14.0pt, for example:
(fancyhdr)                \setlength{\headheight}{14.0pt}.
(fancyhdr)                You might also make \topmargin smaller:
(fancyhdr)                \addtolength{\topmargin}{-14.0pt}.

[84]
Overfull \hbox (4.28232pt too wide) in paragraph at lines 314--315
\TU/GFSPorson(0)/m/n/10 ὑπὸ τῶν ἀνίσων τῆξ <όληξ τμημάτων περιεχόμενον
 []


Underfull \hbox (badness 10000) in paragraph at lines 314--315

 []

File: Book02/fig05g.eps Graphic file (type eps)
<Book02/fig05g.eps>

Overfull \hbox (2.39528pt too wide) in paragraph at lines 329--329
\TU/GFSPorson(0)/m/n/10 περιεχόμενον ὀρθογώνιον μετὰ τοῦ ἀπὸ τῆξ μεταχὺ
 []

File: Book02/fig05e.eps Graphic file (type eps)
<Book02/fig05e.eps>

Overfull \hbox (9.72885pt too wide) in paragraph at lines 347--365
[]\TU/TimesNewRoman(0)/m/n/10 For let the square $\OML/cmm/m/it/10 CEFB$ \TU/Ti
mesNewRoman(0)/m/n/10 be described on $\OML/cmm/m/it/10 CB$ \TU/TimesNewRoman(0
)/m/n/10 [Prop. 1.46],
 []


Overfull \vbox (14.65388pt too high) detected at line 370
 []


Overfull \vbox (223.24747pt too high) detected at line 370
 []


Overfull \vbox (224.2512pt too high) detected at line 370
 []




Package fancyhdr Warning: \headheight is too small (0.0pt): 
(fancyhdr)                Make it at least 14.0pt, for example:
(fancyhdr)                \setlength{\headheight}{14.0pt}.
(fancyhdr)                You might also make \topmargin smaller:
(fancyhdr)                \addtolength{\topmargin}{-14.0pt}.

[85]
Overfull \hbox (3.30829pt too wide) in paragraph at lines 385--386
\TU/GFSPorson(0)/m/n/10 ὀρθόγώνιον μετὰ τοῦ ἀπὸ τῆξ ἡμισείαξ τετραγώνου
 []


Underfull \hbox (badness 10000) in paragraph at lines 385--386

 []


Underfull \hbox (badness 10000) in paragraph at lines 385--386

 []

File: Book02/fig06g.eps Graphic file (type eps)
<Book02/fig06g.eps>

Overfull \hbox (5.27258pt too wide) in paragraph at lines 391--392
\TU/GFSPorson(0)/m/n/10 τετραγώνου >ίσον ἐστὶ τῶ| ἀπὸ τῆξ ΓΔ τετραγώνῳ. 
 []


Overfull \hbox (8.48932pt too wide) in paragraph at lines 402--402
\TU/GFSPorson(0)/m/n/10 περιεχόμενον ὀρθόγώνιον μετὰ τοῦ ἀπὸ τῆξ ἡμισείαξ
 []


Overfull \hbox (16.02072pt too wide) in paragraph at lines 402--402
\TU/GFSPorson(0)/m/n/10 >έκ τε τῆξ ἡμισείαξ καὶ τῆξ προσκειμένηξ τετραγώνῳ;
 []

File: Book02/fig06e.eps Graphic file (type eps)
<Book02/fig06e.eps>

Overfull \hbox (10.66913pt too wide) in paragraph at lines 421--426
[]\TU/TimesNewRoman(0)/m/n/10 For let the square $\OML/cmm/m/it/10 CEFD$ \TU/Ti
mesNewRoman(0)/m/n/10 be described on $\OML/cmm/m/it/10 CD$ \TU/TimesNewRoman(0
)/m/n/10 [Prop. 1.46],
 []


Overfull \vbox (14.65388pt too high) detected at line 441
 []


Overfull \vbox (205.17996pt too high) detected at line 441
 []


Overfull \vbox (206.1837pt too high) detected at line 441
 []




Package fancyhdr Warning: \headheight is too small (0.0pt): 
(fancyhdr)                Make it at least 14.0pt, for example:
(fancyhdr)                \setlength{\headheight}{14.0pt}.
(fancyhdr)                You might also make \topmargin smaller:
(fancyhdr)                \addtolength{\topmargin}{-14.0pt}.

[86]


Package fancyhdr Warning: \headheight is too small (0.0pt): 
(fancyhdr)                Make it at least 14.0pt, for example:
(fancyhdr)                \setlength{\headheight}{14.0pt}.
(fancyhdr)                You might also make \topmargin smaller:
(fancyhdr)                \addtolength{\topmargin}{-14.0pt}.

[87]
Overfull \hbox (5.0103pt too wide) in paragraph at lines 455--456
\TU/GFSPorson(0)/m/n/10 τῆξ <όληξ καὶ τοῦ εἰρημένου τμήματοξ περιεθομένῳ
 []

File: Book02/fig07g.eps Graphic file (type eps)
<Book02/fig07g.eps>
File: Book02/fig07e.eps Graphic file (type eps)
<Book02/fig07e.eps>

Overfull \hbox (9.7414pt too wide) in paragraph at lines 495--497
[]\TU/TimesNewRoman(0)/m/n/10 For let the square $\OML/cmm/m/it/10 ADEB$ \TU/Ti
mesNewRoman(0)/m/n/10 be described on $\OML/cmm/m/it/10 AB$ \TU/TimesNewRoman(0
)/m/n/10 [Prop. 1.46],
 []


Overfull \vbox (14.65388pt too high) detected at line 521
 []


Overfull \vbox (277.44997pt too high) detected at line 521
 []


Overfull \vbox (279.45746pt too high) detected at line 521
 []




Package fancyhdr Warning: \headheight is too small (0.0pt): 
(fancyhdr)                Make it at least 14.0pt, for example:
(fancyhdr)                \setlength{\headheight}{14.0pt}.
(fancyhdr)                You might also make \topmargin smaller:
(fancyhdr)                \addtolength{\topmargin}{-14.0pt}.

[88]


Package fancyhdr Warning: \headheight is too small (0.0pt): 
(fancyhdr)                Make it at least 14.0pt, for example:
(fancyhdr)                \setlength{\headheight}{14.0pt}.
(fancyhdr)                You might also make \topmargin smaller:
(fancyhdr)                \addtolength{\topmargin}{-14.0pt}.

[89]
Overfull \hbox (3.66835pt too wide) in paragraph at lines 535--536
[]\TU/GFSPorson(0)/m/n/10 Ἐὰν εὐθεῖα γραμμὴ τμηθῆ|, ὡξ >έτυθεν, τὸ τετράκιξ
 []


Overfull \hbox (7.55667pt too wide) in paragraph at lines 535--536
\TU/GFSPorson(0)/m/n/10 ὑπὸ τῆξ <όληξ καὶ ἑνὸξ τῶν τμημάτων περιεχόμενον
 []


Overfull \hbox (4.40727pt too wide) in paragraph at lines 539--540
\TU/GFSPorson(0)/m/n/10 ΒΔ, καὶ κείσθω τῆ| ΓΒ >ίση ἡ ΒΔ, καὶ ἀναγεγράφθω
 []


Overfull \hbox (17.60365pt too wide) in paragraph at lines 539--540
\TU/GFSPorson(0)/m/n/10 ἀπὸ τῆξ ΑΔ τετράγωνον τὸ ΑΕΖΔ, καὶ καταγεγράφθω
 []


Underfull \hbox (badness 10000) in paragraph at lines 539--540

 []

File: Book02/fig08g.eps Graphic file (type eps)
<Book02/fig08g.eps>

Overfull \hbox (0.51427pt too wide) in paragraph at lines 558--558
\TU/GFSPorson(0)/m/n/10 περιεχόμενον ὀρθογώνιον μετὰ τοῦ ἀπὸ τοῦ λοιποῦ
 []

File: Book02/fig08e.eps Graphic file (type eps)
<Book02/fig08e.eps>

Overfull \vbox (14.65388pt too high) detected at line 621
 []


Overfull \vbox (368.7912pt too high) detected at line 621
 []


Overfull \vbox (367.78746pt too high) detected at line 621
 []




Package fancyhdr Warning: \headheight is too small (0.0pt): 
(fancyhdr)                Make it at least 14.0pt, for example:
(fancyhdr)                \setlength{\headheight}{14.0pt}.
(fancyhdr)                You might also make \topmargin smaller:
(fancyhdr)                \addtolength{\topmargin}{-14.0pt}.

[90]
Underfull \hbox (badness 10000) in paragraph at lines 652--653

 []


Underfull \hbox (badness 10000) in paragraph at lines 652--653

 []


Underfull \hbox (badness 10000) in paragraph at lines 652--653

 []


Underfull \hbox (badness 10000) in paragraph at lines 652--653

 []


Underfull \hbox (badness 10000) in paragraph at lines 652--653

 []


Underfull \hbox (badness 10000) in paragraph at lines 652--653

 []


Underfull \hbox (badness 10000) in paragraph at lines 652--653

 []


Underfull \hbox (badness 10000) in paragraph at lines 652--653

 []


Underfull \hbox (badness 10000) in paragraph at lines 652--653

 []

File: Book02/fig09g.eps Graphic file (type eps)
<Book02/fig09g.eps>
File: Book02/fig09e.eps Graphic file (type eps)
<Book02/fig09e.eps>

Overfull \vbox (14.65388pt too high) detected at line 719
 []


Overfull \vbox (205.17996pt too high) detected at line 719
 []


Overfull \vbox (205.17996pt too high) detected at line 719
 []




Package fancyhdr Warning: \headheight is too small (0.0pt): 
(fancyhdr)                Make it at least 14.0pt, for example:
(fancyhdr)                \setlength{\headheight}{14.0pt}.
(fancyhdr)                You might also make \topmargin smaller:
(fancyhdr)                \addtolength{\topmargin}{-14.0pt}.

[91]


Package fancyhdr Warning: \headheight is too small (0.0pt): 
(fancyhdr)                Make it at least 14.0pt, for example:
(fancyhdr)                \setlength{\headheight}{14.0pt}.
(fancyhdr)                You might also make \topmargin smaller:
(fancyhdr)                \addtolength{\topmargin}{-14.0pt}.

[92]
Underfull \hbox (badness 10000) in paragraph at lines 734--735

 []


Underfull \hbox (badness 10000) in paragraph at lines 734--735

 []

File: Book02/fig10g.eps Graphic file (type eps)
<Book02/fig10g.eps>
File: Book02/fig10e.eps Graphic file (type eps)
<Book02/fig10e.eps>

Overfull \vbox (14.65388pt too high) detected at line 836
 []


Overfull \vbox (232.28122pt too high) detected at line 836
 []


Overfull \vbox (242.31871pt too high) detected at line 836
 []




Package fancyhdr Warning: \headheight is too small (0.0pt): 
(fancyhdr)                Make it at least 14.0pt, for example:
(fancyhdr)                \setlength{\headheight}{14.0pt}.
(fancyhdr)                You might also make \topmargin smaller:
(fancyhdr)                \addtolength{\topmargin}{-14.0pt}.

[93]


Package fancyhdr Warning: \headheight is too small (0.0pt): 
(fancyhdr)                Make it at least 14.0pt, for example:
(fancyhdr)                \setlength{\headheight}{14.0pt}.
(fancyhdr)                You might also make \topmargin smaller:
(fancyhdr)                \addtolength{\topmargin}{-14.0pt}.

[94]


Package fancyhdr Warning: \headheight is too small (0.0pt): 
(fancyhdr)                Make it at least 14.0pt, for example:
(fancyhdr)                \setlength{\headheight}{14.0pt}.
(fancyhdr)                You might also make \topmargin smaller:
(fancyhdr)                \addtolength{\topmargin}{-14.0pt}.

[95]
Underfull \hbox (badness 10000) in paragraph at lines 855--856

 []

File: Book02/fig11g.eps Graphic file (type eps)
<Book02/fig11g.eps>

Overfull \hbox (13.33562pt too wide) in paragraph at lines 874--874
\TU/GFSPorson(0)/m/n/10 ὀρθογώνιον >ίσον ποιεῖν τῶ| ἀπὸ τῆξ ΘΑ τετραγώνῳ;
 []

File: Book02/fig11e.eps Graphic file (type eps)
<Book02/fig11e.eps>

Overfull \hbox (9.64557pt too wide) in paragraph at lines 890--897
[]\TU/TimesNewRoman(0)/m/n/10 For let the square $\OML/cmm/m/it/10 ABDC$ \TU/Ti
mesNewRoman(0)/m/n/10 be described on $\OML/cmm/m/it/10 AB$ \TU/TimesNewRoman(0
)/m/n/10 [Prop. 1.46],
 []


Overfull \vbox (14.65388pt too high) detected at line 919
 []


Overfull \vbox (385.85497pt too high) detected at line 919
 []


Overfull \vbox (386.8587pt too high) detected at line 919
 []




Package fancyhdr Warning: \headheight is too small (0.0pt): 
(fancyhdr)                Make it at least 14.0pt, for example:
(fancyhdr)                \setlength{\headheight}{14.0pt}.
(fancyhdr)                You might also make \topmargin smaller:
(fancyhdr)                \addtolength{\topmargin}{-14.0pt}.

[96]


Package fancyhdr Warning: \headheight is too small (0.0pt): 
(fancyhdr)                Make it at least 14.0pt, for example:
(fancyhdr)                \setlength{\headheight}{14.0pt}.
(fancyhdr)                You might also make \topmargin smaller:
(fancyhdr)                \addtolength{\topmargin}{-14.0pt}.

[97]


Package fancyhdr Warning: \headheight is too small (0.0pt): 
(fancyhdr)                Make it at least 14.0pt, for example:
(fancyhdr)                \setlength{\headheight}{14.0pt}.
(fancyhdr)                You might also make \topmargin smaller:
(fancyhdr)                \addtolength{\topmargin}{-14.0pt}.

[98]
Overfull \hbox (9.44266pt too wide) in paragraph at lines 940--941
\TU/GFSPorson(0)/m/n/10 ἀμβλεῖαν γωνίαν ὑποτεινούσηξ πλευρᾶξ τετράγωνον
 []


Overfull \hbox (9.20064pt too wide) in paragraph at lines 940--941
\TU/GFSPorson(0)/m/n/10 περιεθουσῶν πλευρῶν τετραγώνων τῶ| περιεθομένῳ
 []


Overfull \hbox (10.77003pt too wide) in paragraph at lines 940--941
\TU/GFSPorson(0)/m/n/10 ἐφ> <ὴν ἡ κάθετοξ πίπτει, καὶ τῆξ ἀπολαμβανομένηξ
 []


Underfull \hbox (badness 10000) in paragraph at lines 944--945

 []

File: Book02/fig12g.eps Graphic file (type eps)
<Book02/fig12g.eps>

Overfull \hbox (1.36864pt too wide) in paragraph at lines 965--965
\TU/GFSPorson(0)/m/n/10 τετράγωνον μεῖζόν ἐστι τῶν ἀπὸ τῶν τὴν ἀμβλεῖαν
 []

File: Book02/fig12e.eps Graphic file (type eps)
<Book02/fig12e.eps>

Overfull \vbox (14.65388pt too high) detected at line 1008
 []


Overfull \vbox (206.1837pt too high) detected at line 1008
 []


Overfull \vbox (205.17996pt too high) detected at line 1008
 []




Package fancyhdr Warning: \headheight is too small (0.0pt): 
(fancyhdr)                Make it at least 14.0pt, for example:
(fancyhdr)                \setlength{\headheight}{14.0pt}.
(fancyhdr)                You might also make \topmargin smaller:
(fancyhdr)                \addtolength{\topmargin}{-14.0pt}.

[99]
Overfull \hbox (9.20064pt too wide) in paragraph at lines 1027--1028
\TU/GFSPorson(0)/m/n/10 περιεθουσῶν πλευρῶν τετραγώνων τῶ| περιεθομένῳ
 []


Underfull \hbox (badness 10000) in paragraph at lines 1027--1028

 []

File: Book02/fig13g.eps Graphic file (type eps)
<Book02/fig13g.eps>
File: Book02/fig13e.eps Graphic file (type eps)
<Book02/fig13e.eps>

Overfull \vbox (14.65388pt too high) detected at line 1092
 []


Overfull \vbox (259.38246pt too high) detected at line 1092
 []


Overfull \vbox (260.3862pt too high) detected at line 1092
 []




Package fancyhdr Warning: \headheight is too small (0.0pt): 
(fancyhdr)                Make it at least 14.0pt, for example:
(fancyhdr)                \setlength{\headheight}{14.0pt}.
(fancyhdr)                You might also make \topmargin smaller:
(fancyhdr)                \addtolength{\topmargin}{-14.0pt}.

[100]


Package fancyhdr Warning: \headheight is too small (0.0pt): 
(fancyhdr)                Make it at least 14.0pt, for example:
(fancyhdr)                \setlength{\headheight}{14.0pt}.
(fancyhdr)                You might also make \topmargin smaller:
(fancyhdr)                \addtolength{\topmargin}{-14.0pt}.

[101]
Overfull \hbox (32.45113pt too wide) in paragraph at lines 1106--1107
[]\TU/GFSPorson(0)/m/n/10 Τῶ| δοθέντι εὐθυγράμμῳ >ίσον τετράγωνον συστήσασθαι. 

 []

File: Book02/fig14g.eps Graphic file (type eps)
<Book02/fig14g.eps>

Overfull \hbox (18.2563pt too wide) in paragraph at lines 1120--1121
[]\TU/GFSPorson(0)/m/n/10 Συνεστάτω γὰρ τῶ| Α ἐυθυγράμμῳ >ίσον παραλληλό-
 []


Overfull \hbox (14.98929pt too wide) in paragraph at lines 1120--1121
\TU/GFSPorson(0)/m/n/10 συνέσταται γὰρ τῶ| Α εὐθυγράμμῳ >ίσον τετράγωνον
 []


Overfull \hbox (22.28969pt too wide) in paragraph at lines 1137--1137
[]\TU/GFSPorson(0)/m/n/10 Τῶ| >άρα δοθέντι εὐθυγράμμῳ τῶ| Α >ίσον τετράγωνον
 []

File: Book02/fig14e.eps Graphic file (type eps)
<Book02/fig14e.eps>

Overfull \vbox (14.65388pt too high) detected at line 1180
 []


Overfull \vbox (266.4087pt too high) detected at line 1180
 []


Overfull \vbox (266.4087pt too high) detected at line 1180
 []




Package fancyhdr Warning: \headheight is too small (0.0pt): 
(fancyhdr)                Make it at least 14.0pt, for example:
(fancyhdr)                \setlength{\headheight}{14.0pt}.
(fancyhdr)                You might also make \topmargin smaller:
(fancyhdr)                \addtolength{\topmargin}{-14.0pt}.

[102])


Package fancyhdr Warning: \headheight is too small (0.0pt): 
(fancyhdr)                Make it at least 14.0pt, for example:
(fancyhdr)                \setlength{\headheight}{14.0pt}.
(fancyhdr)                You might also make \topmargin smaller:
(fancyhdr)                \addtolength{\topmargin}{-14.0pt}.

[103]
\openout2 = `Book03/Book3.aux'.

 (./Book03/Book3.tex

[104



]
Overfull \hbox (15.51602pt too wide) in paragraph at lines 35--37
[]\TU/GFSPorson(0)/m/n/10 2\TU/TimesNewRoman(0)/m/n/10 . \TU/GFSPorson(0)/m/n/1
0 Εὐθεῖα κύκλου ἐφάπτεσθαι λέγεται, <ήτιξ ἁπτομένη
 []


Overfull \hbox (1.34296pt too wide) in paragraph at lines 51--54
\TU/GFSPorson(0)/m/n/10 περιεθομένη γωνία ὑπὸ τῶν ἐπιζευθθεισῶν εὐθειῶν. 
 []


Overfull \hbox (11.25769pt too wide) in paragraph at lines 57--61
\TU/GFSPorson(0)/m/n/10 κέντρῶ| τοῦ κύκλου συσταθῆ| γωνία, τὸ περιεχόμενον
 []


Overfull \hbox (1.43465pt too wide) in paragraph at lines 57--61
\TU/GFSPorson(0)/m/n/10 σθῆμα ὑπό τε τῶν τὴν γωνίαν περιεθουσῶν εὐθειῶν
 []


Overfull \hbox (1.37994pt too wide) in paragraph at lines 57--61
\TU/GFSPorson(0)/m/n/10 καὶ τῆξ ἀπολαμβανομένηξ ὑπ> αὐτῶν περιφερείαξ. 
 []


Underfull \hbox (badness 10000) in paragraph at lines 134--135

 []


Underfull \hbox (badness 10000) in paragraph at lines 134--135

 []


Underfull \hbox (badness 10000) in paragraph at lines 134--135

 []


Underfull \hbox (badness 10000) in paragraph at lines 134--135

 []

File: Book03/fig01g.eps Graphic file (type eps)
<Book03/fig01g.eps>

Overfull \hbox (2.03389pt too wide) in paragraph at lines 139--140
[]\TU/GFSPorson(0)/m/n/10 Τὸ Ζ >άρα σημεῖον κέντρον ἐστὶ τοῦ ΑΒΓ [κύκλου]. 
 []

File: Book03/fig01e.eps Graphic file (type eps)
<Book03/fig01e.eps>

Overfull \vbox (14.65388pt too high) detected at line 192
 []


Overfull \vbox (331.65247pt too high) detected at line 192
 []


Overfull \vbox (331.65247pt too high) detected at line 192
 []




Package fancyhdr Warning: \headheight is too small (0.0pt): 
(fancyhdr)                Make it at least 14.0pt, for example:
(fancyhdr)                \setlength{\headheight}{14.0pt}.
(fancyhdr)                You might also make \topmargin smaller:
(fancyhdr)                \addtolength{\topmargin}{-14.0pt}.

[105]


Package fancyhdr Warning: \headheight is too small (0.0pt): 
(fancyhdr)                Make it at least 14.0pt, for example:
(fancyhdr)                \setlength{\headheight}{14.0pt}.
(fancyhdr)                You might also make \topmargin smaller:
(fancyhdr)                \addtolength{\topmargin}{-14.0pt}.

[106]
Underfull \hbox (badness 10000) in paragraph at lines 228--229

 []


Underfull \hbox (badness 10000) in paragraph at lines 228--229

 []


Underfull \hbox (badness 10000) in paragraph at lines 228--229

 []

File: Book03/fig02g.eps Graphic file (type eps)
<Book03/fig02g.eps>
File: Book03/fig02e.eps Graphic file (type eps)
<Book03/fig02e.eps>

Overfull \vbox (14.65388pt too high) detected at line 269
 []


Overfull \vbox (312.5812pt too high) detected at line 269
 []


Overfull \vbox (312.5812pt too high) detected at line 269
 []




Package fancyhdr Warning: \headheight is too small (0.0pt): 
(fancyhdr)                Make it at least 14.0pt, for example:
(fancyhdr)                \setlength{\headheight}{14.0pt}.
(fancyhdr)                You might also make \topmargin smaller:
(fancyhdr)                \addtolength{\topmargin}{-14.0pt}.

[107]


Package fancyhdr Warning: \headheight is too small (0.0pt): 
(fancyhdr)                Make it at least 14.0pt, for example:
(fancyhdr)                \setlength{\headheight}{14.0pt}.
(fancyhdr)                You might also make \topmargin smaller:
(fancyhdr)                \addtolength{\topmargin}{-14.0pt}.

[108]
Underfull \hbox (badness 10000) in paragraph at lines 301--302

 []


Underfull \hbox (badness 10000) in paragraph at lines 301--302

 []


Underfull \hbox (badness 10000) in paragraph at lines 301--302

 []


Underfull \hbox (badness 10000) in paragraph at lines 301--302

 []

File: Book03/fig03g.eps Graphic file (type eps)
<Book03/fig03g.eps>
File: Book03/fig03e.eps Graphic file (type eps)
<Book03/fig03e.eps>

Overfull \vbox (14.65388pt too high) detected at line 350
 []


Overfull \vbox (259.38246pt too high) detected at line 350
 []


Overfull \vbox (259.38246pt too high) detected at line 350
 []




Package fancyhdr Warning: \headheight is too small (0.0pt): 
(fancyhdr)                Make it at least 14.0pt, for example:
(fancyhdr)                \setlength{\headheight}{14.0pt}.
(fancyhdr)                You might also make \topmargin smaller:
(fancyhdr)                \addtolength{\topmargin}{-14.0pt}.

[109]


Package fancyhdr Warning: \headheight is too small (0.0pt): 
(fancyhdr)                Make it at least 14.0pt, for example:
(fancyhdr)                \setlength{\headheight}{14.0pt}.
(fancyhdr)                You might also make \topmargin smaller:
(fancyhdr)                \addtolength{\topmargin}{-14.0pt}.

[110]
Underfull \hbox (badness 10000) in paragraph at lines 363--364

 []

File: Book03/fig04g.eps Graphic file (type eps)
<Book03/fig04g.eps>
File: Book03/fig04e.eps Graphic file (type eps)
<Book03/fig04e.eps>

Overfull \vbox (14.65388pt too high) detected at line 411
 []


Overfull \vbox (257.37497pt too high) detected at line 411
 []


Overfull \vbox (257.37497pt too high) detected at line 411
 []




Package fancyhdr Warning: \headheight is too small (0.0pt): 
(fancyhdr)                Make it at least 14.0pt, for example:
(fancyhdr)                \setlength{\headheight}{14.0pt}.
(fancyhdr)                You might also make \topmargin smaller:
(fancyhdr)                \addtolength{\topmargin}{-14.0pt}.

[111]


Package fancyhdr Warning: \headheight is too small (0.0pt): 
(fancyhdr)                Make it at least 14.0pt, for example:
(fancyhdr)                \setlength{\headheight}{14.0pt}.
(fancyhdr)                You might also make \topmargin smaller:
(fancyhdr)                \addtolength{\topmargin}{-14.0pt}.

[112]
File: Book03/fig05g.eps Graphic file (type eps)
<Book03/fig05g.eps>

Overfull \hbox (4.3706pt too wide) in paragraph at lines 429--430
[]\TU/GFSPorson(0)/m/n/10 Δύο γὰρ κύκλοι οἱ ΑΒΓ, ΓΔΗ τεμνέτωσαν ἀλλήλουξ
 []

File: Book03/fig05e.eps Graphic file (type eps)
<Book03/fig05e.eps>

Overfull \vbox (14.65388pt too high) detected at line 462
 []


Overfull \vbox (270.42372pt too high) detected at line 462
 []


Overfull \vbox (270.42372pt too high) detected at line 462
 []

File: Book03/fig06g.eps Graphic file (type eps)
<Book03/fig06g.eps>
File: Book03/fig06e.eps Graphic file (type eps)
<Book03/fig06e.eps>

Overfull \vbox (14.65388pt too high) detected at line 516
 []


Overfull \vbox (349.71997pt too high) detected at line 516
 []


Overfull \vbox (350.72372pt too high) detected at line 516
 []




Package fancyhdr Warning: \headheight is too small (0.0pt): 
(fancyhdr)                Make it at least 14.0pt, for example:
(fancyhdr)                \setlength{\headheight}{14.0pt}.
(fancyhdr)                You might also make \topmargin smaller:
(fancyhdr)                \addtolength{\topmargin}{-14.0pt}.

[113]


Package fancyhdr Warning: \headheight is too small (0.0pt): 
(fancyhdr)                Make it at least 14.0pt, for example:
(fancyhdr)                \setlength{\headheight}{14.0pt}.
(fancyhdr)                You might also make \topmargin smaller:
(fancyhdr)                \addtolength{\topmargin}{-14.0pt}.

[114]
Underfull \hbox (badness 10000) in paragraph at lines 549--550

 []


Underfull \hbox (badness 10000) in paragraph at lines 549--550

 []


Underfull \hbox (badness 10000) in paragraph at lines 549--550

 []


Underfull \hbox (badness 10000) in paragraph at lines 549--550

 []


Underfull \hbox (badness 10000) in paragraph at lines 549--550

 []


Underfull \hbox (badness 10000) in paragraph at lines 549--550

 []


Underfull \hbox (badness 10000) in paragraph at lines 549--550

 []

File: Book03/fig07g.eps Graphic file (type eps)
<Book03/fig07g.eps>

Overfull \hbox (8.64519pt too wide) in paragraph at lines 604--608
[]\TU/TimesNewRoman(0)/m/n/10 Again, since $\OML/cmm/m/it/10 GF$ \TU/TimesNewRo
man(0)/m/n/10 and $\OML/cmm/m/it/10 FE$ \TU/TimesNewRoman(0)/m/n/10 are greater
 than $\OML/cmm/m/it/10 EG$ \TU/TimesNewRoman(0)/m/n/10 [Prop. 1.20],
 []

File: Book03/fig07e.eps Graphic file (type eps)
<Book03/fig07e.eps>

Overfull \vbox (14.65388pt too high) detected at line 636
 []


Overfull \vbox (353.73497pt too high) detected at line 636
 []


Overfull \vbox (350.72372pt too high) detected at line 636
 []




Package fancyhdr Warning: \headheight is too small (0.0pt): 
(fancyhdr)                Make it at least 14.0pt, for example:
(fancyhdr)                \setlength{\headheight}{14.0pt}.
(fancyhdr)                You might also make \topmargin smaller:
(fancyhdr)                \addtolength{\topmargin}{-14.0pt}.

[115]


Package fancyhdr Warning: \headheight is too small (0.0pt): 
(fancyhdr)                Make it at least 14.0pt, for example:
(fancyhdr)                \setlength{\headheight}{14.0pt}.
(fancyhdr)                You might also make \topmargin smaller:
(fancyhdr)                \addtolength{\topmargin}{-14.0pt}.

[116]


Package fancyhdr Warning: \headheight is too small (0.0pt): 
(fancyhdr)                Make it at least 14.0pt, for example:
(fancyhdr)                \setlength{\headheight}{14.0pt}.
(fancyhdr)                You might also make \topmargin smaller:
(fancyhdr)                \addtolength{\topmargin}{-14.0pt}.

[117]
Overfull \hbox (7.92732pt too wide) in paragraph at lines 675--676
[]\TU/GFSPorson(0)/m/n/10 Καὶ ἐπεὶ >ίση ἐστὶν ἡ ΑΜ τῆ| ΕΜ, κοινὴ προσκείσθω
 []


Underfull \hbox (badness 10000) in paragraph at lines 683--684

 []


Underfull \hbox (badness 10000) in paragraph at lines 683--684

 []


Underfull \hbox (badness 10000) in paragraph at lines 683--684

 []


Underfull \hbox (badness 10000) in paragraph at lines 683--684

 []


Underfull \hbox (badness 10000) in paragraph at lines 683--684

 []


Underfull \hbox (badness 10000) in paragraph at lines 683--684

 []


Underfull \hbox (badness 10000) in paragraph at lines 683--684

 []


Underfull \hbox (badness 10000) in paragraph at lines 683--684

 []

File: Book03/fig08g.eps Graphic file (type eps)
<Book03/fig08g.eps>
File: Book03/fig08e.eps Graphic file (type eps)
<Book03/fig08e.eps>

Overfull \vbox (14.65388pt too high) detected at line 794
 []


Overfull \vbox (357.74997pt too high) detected at line 794
 []


Overfull \vbox (358.75371pt too high) detected at line 794
 []




Package fancyhdr Warning: \headheight is too small (0.0pt): 
(fancyhdr)                Make it at least 14.0pt, for example:
(fancyhdr)                \setlength{\headheight}{14.0pt}.
(fancyhdr)                You might also make \topmargin smaller:
(fancyhdr)                \addtolength{\topmargin}{-14.0pt}.

[118]


Package fancyhdr Warning: \headheight is too small (0.0pt): 
(fancyhdr)                Make it at least 14.0pt, for example:
(fancyhdr)                \setlength{\headheight}{14.0pt}.
(fancyhdr)                You might also make \topmargin smaller:
(fancyhdr)                \addtolength{\topmargin}{-14.0pt}.

[119]


Package fancyhdr Warning: \headheight is too small (0.0pt): 
(fancyhdr)                Make it at least 14.0pt, for example:
(fancyhdr)                \setlength{\headheight}{14.0pt}.
(fancyhdr)                You might also make \topmargin smaller:
(fancyhdr)                \addtolength{\topmargin}{-14.0pt}.

[120]
Underfull \hbox (badness 10000) in paragraph at lines 815--816

 []

File: Book03/fig09g.eps Graphic file (type eps)
<Book03/fig09g.eps>
File: Book03/fig09e.eps Graphic file (type eps)
<Book03/fig09e.eps>

Overfull \vbox (14.65388pt too high) detected at line 873
 []


Overfull \vbox (341.68996pt too high) detected at line 873
 []


Overfull \vbox (343.69745pt too high) detected at line 873
 []




Package fancyhdr Warning: \headheight is too small (0.0pt): 
(fancyhdr)                Make it at least 14.0pt, for example:
(fancyhdr)                \setlength{\headheight}{14.0pt}.
(fancyhdr)                You might also make \topmargin smaller:
(fancyhdr)                \addtolength{\topmargin}{-14.0pt}.

[121]


Package fancyhdr Warning: \headheight is too small (0.0pt): 
(fancyhdr)                Make it at least 14.0pt, for example:
(fancyhdr)                \setlength{\headheight}{14.0pt}.
(fancyhdr)                You might also make \topmargin smaller:
(fancyhdr)                \addtolength{\topmargin}{-14.0pt}.

[122]
Underfull \hbox (badness 10000) in paragraph at lines 889--890

 []


Underfull \hbox (badness 10000) in paragraph at lines 889--890

 []

File: Book03/fig10g.eps Graphic file (type eps)
<Book03/fig10g.eps>
File: Book03/fig10e.eps Graphic file (type eps)
<Book03/fig10e.eps>

Overfull \vbox (14.65388pt too high) detected at line 936
 []


Overfull \vbox (332.65622pt too high) detected at line 936
 []


Overfull \vbox (337.67496pt too high) detected at line 936
 []




Package fancyhdr Warning: \headheight is too small (0.0pt): 
(fancyhdr)                Make it at least 14.0pt, for example:
(fancyhdr)                \setlength{\headheight}{14.0pt}.
(fancyhdr)                You might also make \topmargin smaller:
(fancyhdr)                \addtolength{\topmargin}{-14.0pt}.

[123]


Package fancyhdr Warning: \headheight is too small (0.0pt): 
(fancyhdr)                Make it at least 14.0pt, for example:
(fancyhdr)                \setlength{\headheight}{14.0pt}.
(fancyhdr)                You might also make \topmargin smaller:
(fancyhdr)                \addtolength{\topmargin}{-14.0pt}.

[124]
Underfull \hbox (badness 10000) in paragraph at lines 964--965

 []


Underfull \hbox (badness 10000) in paragraph at lines 964--965

 []

File: Book03/fig11g.eps Graphic file (type eps)
<Book03/fig11g.eps>

Overfull \hbox (16.15303pt too wide) in paragraph at lines 972--972
\TU/GFSPorson(0)/m/n/10 κέντρα αὐτῶν ἐπιζευγνυμένη εὐθεῖα [καὶ ἐκβαλλομένη]
 []

File: Book03/fig11e.eps Graphic file (type eps)
<Book03/fig11e.eps>

Overfull \vbox (14.65388pt too high) detected at line 1007
 []


Overfull \vbox (302.54372pt too high) detected at line 1007
 []


Overfull \vbox (305.55496pt too high) detected at line 1007
 []




Package fancyhdr Warning: \headheight is too small (0.0pt): 
(fancyhdr)                Make it at least 14.0pt, for example:
(fancyhdr)                \setlength{\headheight}{14.0pt}.
(fancyhdr)                You might also make \topmargin smaller:
(fancyhdr)                \addtolength{\topmargin}{-14.0pt}.

[125]


Package fancyhdr Warning: \headheight is too small (0.0pt): 
(fancyhdr)                Make it at least 14.0pt, for example:
(fancyhdr)                \setlength{\headheight}{14.0pt}.
(fancyhdr)                You might also make \topmargin smaller:
(fancyhdr)                \addtolength{\topmargin}{-14.0pt}.

[126]
Underfull \hbox (badness 10000) in paragraph at lines 1020--1021

 []

File: Book03/fig12g.eps Graphic file (type eps)
<Book03/fig12g.eps>
File: Book03/fig12e.eps Graphic file (type eps)
<Book03/fig12e.eps>

Overfull \vbox (14.65388pt too high) detected at line 1075
 []


Overfull \vbox (356.74622pt too high) detected at line 1075
 []


Overfull \vbox (371.80246pt too high) detected at line 1075
 []




Package fancyhdr Warning: \headheight is too small (0.0pt): 
(fancyhdr)                Make it at least 14.0pt, for example:
(fancyhdr)                \setlength{\headheight}{14.0pt}.
(fancyhdr)                You might also make \topmargin smaller:
(fancyhdr)                \addtolength{\topmargin}{-14.0pt}.

[127]


Package fancyhdr Warning: \headheight is too small (0.0pt): 
(fancyhdr)                Make it at least 14.0pt, for example:
(fancyhdr)                \setlength{\headheight}{14.0pt}.
(fancyhdr)                You might also make \topmargin smaller:
(fancyhdr)                \addtolength{\topmargin}{-14.0pt}.

[128]
File: Book03/fig13g.eps Graphic file (type eps)
<Book03/fig13g.eps>

Overfull \hbox (0.11848pt too wide) in paragraph at lines 1118--1119
\TU/GFSPorson(0)/m/n/10 ἐντὸξ >έπεσεν, τοῦ δὲ ΑΓΚ ἐκτόξ; <όπερ >άτοπον;
 []

File: Book03/fig13e.eps Graphic file (type eps)
<Book03/fig13e.eps>

Overfull \hbox (4.99901pt too wide) in paragraph at lines 1135--1136
[]\TU/TimesNewRoman(0)/m/n/10 For, if possible, let circle $\OML/cmm/m/it/10 AB
DC$$[]$ \TU/TimesNewRoman(0)/m/n/10 touch circle $\OML/cmm/m/it/10 EBFD$\TU/Tim
esNewRoman(0)/m/n/10 —
 []


Overfull \hbox (5.79005pt too wide) in paragraph at lines 1137--1139
[]\TU/TimesNewRoman(0)/m/n/10 And let the center $\OML/cmm/m/it/10 G$ \TU/Times
NewRoman(0)/m/n/10 of circle $\OML/cmm/m/it/10 ABDC$ \TU/TimesNewRoman(0)/m/n/1
0 be found [Prop. 3.1],
 []


Overfull \vbox (14.65388pt too high) detected at line 1163
 []


Overfull \vbox (341.68996pt too high) detected at line 1163
 []


Overfull \vbox (341.68996pt too high) detected at line 1163
 []




Package fancyhdr Warning: \headheight is too small (0.0pt): 
(fancyhdr)                Make it at least 14.0pt, for example:
(fancyhdr)                \setlength{\headheight}{14.0pt}.
(fancyhdr)                You might also make \topmargin smaller:
(fancyhdr)                \addtolength{\topmargin}{-14.0pt}.

[129]


Package fancyhdr Warning: \headheight is too small (0.0pt): 
(fancyhdr)                Make it at least 14.0pt, for example:
(fancyhdr)                \setlength{\headheight}{14.0pt}.
(fancyhdr)                You might also make \topmargin smaller:
(fancyhdr)                \addtolength{\topmargin}{-14.0pt}.

[130]


Package fancyhdr Warning: \headheight is too small (0.0pt): 
(fancyhdr)                Make it at least 14.0pt, for example:
(fancyhdr)                \setlength{\headheight}{14.0pt}.
(fancyhdr)                You might also make \topmargin smaller:
(fancyhdr)                \addtolength{\topmargin}{-14.0pt}.

[131]
Underfull \hbox (badness 10000) in paragraph at lines 1177--1178

 []

File: Book03/fig14g.eps Graphic file (type eps)
<Book03/fig14g.eps>

Overfull \hbox (10.213pt too wide) in paragraph at lines 1220--1221
[]\TU/GFSPorson(0)/m/n/10 Τῶν γὰρ αὐτῶν κατασκευασθέντων ὁμοίωξ δείχομεν,
 []

File: Book03/fig14e.eps Graphic file (type eps)
<Book03/fig14e.eps>

Overfull \vbox (14.65388pt too high) detected at line 1272
 []


Overfull \vbox (298.52872pt too high) detected at line 1272
 []


Overfull \vbox (299.53246pt too high) detected at line 1272
 []




Package fancyhdr Warning: \headheight is too small (0.0pt): 
(fancyhdr)                Make it at least 14.0pt, for example:
(fancyhdr)                \setlength{\headheight}{14.0pt}.
(fancyhdr)                You might also make \topmargin smaller:
(fancyhdr)                \addtolength{\topmargin}{-14.0pt}.

[132]


Package fancyhdr Warning: \headheight is too small (0.0pt): 
(fancyhdr)                Make it at least 14.0pt, for example:
(fancyhdr)                \setlength{\headheight}{14.0pt}.
(fancyhdr)                You might also make \topmargin smaller:
(fancyhdr)                \addtolength{\topmargin}{-14.0pt}.

[133]
Underfull \hbox (badness 10000) in paragraph at lines 1304--1305

 []


Underfull \hbox (badness 10000) in paragraph at lines 1304--1305

 []


Underfull \hbox (badness 10000) in paragraph at lines 1304--1305

 []


Underfull \hbox (badness 10000) in paragraph at lines 1304--1305

 []

File: Book03/fig15g.eps Graphic file (type eps)
<Book03/fig15g.eps>
File: Book03/fig15e.eps Graphic file (type eps)
<Book03/fig15e.eps>

Overfull \vbox (14.65388pt too high) detected at line 1343
 []


Overfull \vbox (385.85497pt too high) detected at line 1343
 []


Overfull \vbox (384.85121pt too high) detected at line 1343
 []




Package fancyhdr Warning: \headheight is too small (0.0pt): 
(fancyhdr)                Make it at least 14.0pt, for example:
(fancyhdr)                \setlength{\headheight}{14.0pt}.
(fancyhdr)                You might also make \topmargin smaller:
(fancyhdr)                \addtolength{\topmargin}{-14.0pt}.

[134]


Package fancyhdr Warning: \headheight is too small (0.0pt): 
(fancyhdr)                Make it at least 14.0pt, for example:
(fancyhdr)                \setlength{\headheight}{14.0pt}.
(fancyhdr)                You might also make \topmargin smaller:
(fancyhdr)                \addtolength{\topmargin}{-14.0pt}.

[135]
Underfull \hbox (badness 10000) in paragraph at lines 1385--1386

 []


Underfull \hbox (badness 10000) in paragraph at lines 1385--1386

 []


Underfull \hbox (badness 10000) in paragraph at lines 1385--1386

 []


Underfull \hbox (badness 10000) in paragraph at lines 1385--1386

 []

File: Book03/fig16g.eps Graphic file (type eps)
<Book03/fig16g.eps>

Underfull \hbox (badness 10000) in paragraph at lines 1406--1407

 []


Underfull \hbox (badness 10000) in paragraph at lines 1406--1407

 []

File: Book03/fig16e.eps Graphic file (type eps)
<Book03/fig16e.eps>

Underfull \hbox (badness 10000) in paragraph at lines 1463--1474

 []


Overfull \vbox (14.65388pt too high) detected at line 1483
 []


Overfull \vbox (295.51747pt too high) detected at line 1483
 []


Overfull \vbox (296.52121pt too high) detected at line 1483
 []




Package fancyhdr Warning: \headheight is too small (0.0pt): 
(fancyhdr)                Make it at least 14.0pt, for example:
(fancyhdr)                \setlength{\headheight}{14.0pt}.
(fancyhdr)                You might also make \topmargin smaller:
(fancyhdr)                \addtolength{\topmargin}{-14.0pt}.

[136]


Package fancyhdr Warning: \headheight is too small (0.0pt): 
(fancyhdr)                Make it at least 14.0pt, for example:
(fancyhdr)                \setlength{\headheight}{14.0pt}.
(fancyhdr)                You might also make \topmargin smaller:
(fancyhdr)                \addtolength{\topmargin}{-14.0pt}.

[137]


Package fancyhdr Warning: \headheight is too small (0.0pt): 
(fancyhdr)                Make it at least 14.0pt, for example:
(fancyhdr)                \setlength{\headheight}{14.0pt}.
(fancyhdr)                You might also make \topmargin smaller:
(fancyhdr)                \addtolength{\topmargin}{-14.0pt}.

[138]
File: Book03/fig17g.eps Graphic file (type eps)
<Book03/fig17g.eps>

Overfull \hbox (3.37694pt too wide) in paragraph at lines 1520--1520
[]\TU/GFSPorson(0)/m/n/10 Ἀπὸ τοῦ >άρα δοθέντοξ σημείου τοῦ Α τοῦ δοθέντοξ
 []


Overfull \hbox (3.26724pt too wide) in paragraph at lines 1520--1520
\TU/GFSPorson(0)/m/n/10 κύκλου τοῦ ΒΓΔ ἐφαπτομένη εὐθεῖα γραμμὴ >ῆκται
 []

File: Book03/fig17e.eps Graphic file (type eps)
<Book03/fig17e.eps>

Overfull \vbox (14.65388pt too high) detected at line 1552
 []


Overfull \vbox (328.6412pt too high) detected at line 1552
 []


Overfull \vbox (327.63747pt too high) detected at line 1552
 []




Package fancyhdr Warning: \headheight is too small (0.0pt): 
(fancyhdr)                Make it at least 14.0pt, for example:
(fancyhdr)                \setlength{\headheight}{14.0pt}.
(fancyhdr)                You might also make \topmargin smaller:
(fancyhdr)                \addtolength{\topmargin}{-14.0pt}.

[139]
Overfull \hbox (0.27596pt too wide) in paragraph at lines 1565--1566
\TU/GFSPorson(0)/m/n/10 ἐπιζευθθεῖσα κάθετοξ >έσται ἐπὶ τὴν ἐφαπτομένην. 
 []


Underfull \hbox (badness 10000) in paragraph at lines 1580--1581

 []


Underfull \hbox (badness 10000) in paragraph at lines 1580--1581

 []


Underfull \hbox (badness 10000) in paragraph at lines 1580--1581

 []

File: Book03/fig18g.eps Graphic file (type eps)
<Book03/fig18g.eps>

Overfull \hbox (0.51796pt too wide) in paragraph at lines 1586--1586
\TU/GFSPorson(0)/m/n/10 ἐπιζευθθεῖσα κάθετοξ >έσται ἐπὶ τὴν ἐφαπτομένην;
 []

File: Book03/fig18e.eps Graphic file (type eps)
<Book03/fig18e.eps>

Overfull \vbox (14.65388pt too high) detected at line 1617
 []


Overfull \vbox (322.61871pt too high) detected at line 1617
 []


Overfull \vbox (322.61871pt too high) detected at line 1617
 []




Package fancyhdr Warning: \headheight is too small (0.0pt): 
(fancyhdr)                Make it at least 14.0pt, for example:
(fancyhdr)                \setlength{\headheight}{14.0pt}.
(fancyhdr)                You might also make \topmargin smaller:
(fancyhdr)                \addtolength{\topmargin}{-14.0pt}.

[140]


Package fancyhdr Warning: \headheight is too small (0.0pt): 
(fancyhdr)                Make it at least 14.0pt, for example:
(fancyhdr)                \setlength{\headheight}{14.0pt}.
(fancyhdr)                You might also make \topmargin smaller:
(fancyhdr)                \addtolength{\topmargin}{-14.0pt}.

[141]
Underfull \hbox (badness 10000) in paragraph at lines 1631--1632

 []

File: Book03/fig19g.eps Graphic file (type eps)
<Book03/fig19g.eps>
File: Book03/fig19e.eps Graphic file (type eps)
<Book03/fig19e.eps>

Overfull \vbox (14.65388pt too high) detected at line 1683
 []


Overfull \vbox (296.52121pt too high) detected at line 1683
 []


Overfull \vbox (296.52121pt too high) detected at line 1683
 []




Package fancyhdr Warning: \headheight is too small (0.0pt): 
(fancyhdr)                Make it at least 14.0pt, for example:
(fancyhdr)                \setlength{\headheight}{14.0pt}.
(fancyhdr)                You might also make \topmargin smaller:
(fancyhdr)                \addtolength{\topmargin}{-14.0pt}.

[142]


Package fancyhdr Warning: \headheight is too small (0.0pt): 
(fancyhdr)                Make it at least 14.0pt, for example:
(fancyhdr)                \setlength{\headheight}{14.0pt}.
(fancyhdr)                You might also make \topmargin smaller:
(fancyhdr)                \addtolength{\topmargin}{-14.0pt}.

[143]
File: Book03/fig20g.eps Graphic file (type eps)
<Book03/fig20g.eps>

Overfull \hbox (10.25307pt too wide) in paragraph at lines 1723--1723
[]\TU/GFSPorson(0)/m/n/10 Ἐν κύκλῳ >άρα ἡ πρὸξ τῶ| κέντρῳ γωνία διπλασίων
 []

File: Book03/fig20e.eps Graphic file (type eps)
<Book03/fig20e.eps>

Underfull \hbox (badness 10000) in paragraph at lines 1754--1756

 []


Overfull \vbox (14.65388pt too high) detected at line 1757
 []


Overfull \vbox (300.53621pt too high) detected at line 1757
 []


Overfull \vbox (300.53621pt too high) detected at line 1757
 []




Package fancyhdr Warning: \headheight is too small (0.0pt): 
(fancyhdr)                Make it at least 14.0pt, for example:
(fancyhdr)                \setlength{\headheight}{14.0pt}.
(fancyhdr)                You might also make \topmargin smaller:
(fancyhdr)                \addtolength{\topmargin}{-14.0pt}.

[144]


Package fancyhdr Warning: \headheight is too small (0.0pt): 
(fancyhdr)                Make it at least 14.0pt, for example:
(fancyhdr)                \setlength{\headheight}{14.0pt}.
(fancyhdr)                You might also make \topmargin smaller:
(fancyhdr)                \addtolength{\topmargin}{-14.0pt}.

[145]
File: Book03/fig21g.eps Graphic file (type eps)
<Book03/fig21g.eps>

Overfull \hbox (5.3423pt too wide) in paragraph at lines 1776--1777
\TU/GFSPorson(0)/m/n/10 λέγω, <ότι αἱ ὑπὸ ΒΑΔ, ΒΕΔ γωνίαι >ίσαι ἀλλήλαιξ
 []

File: Book03/fig21e.eps Graphic file (type eps)
<Book03/fig21e.eps>

Overfull \vbox (14.65388pt too high) detected at line 1813
 []


Overfull \vbox (257.37495pt too high) detected at line 1813
 []


Overfull \vbox (257.37495pt too high) detected at line 1813
 []

File: Book03/fig22g.eps Graphic file (type eps)
<Book03/fig22g.eps>

Overfull \hbox (3.99068pt too wide) in paragraph at lines 1831--1832
[]\TU/GFSPorson(0)/m/n/10 >’Εστω κύκλοξ ὁ ΑΒΓΔ, καὶ ἐν αὐτῶ| τετράπλευρον
 []

File: Book03/fig22e.eps Graphic file (type eps)
<Book03/fig22e.eps>

Overfull \vbox (14.65388pt too high) detected at line 1873
 []


Overfull \vbox (281.46495pt too high) detected at line 1873
 []


Overfull \vbox (280.46121pt too high) detected at line 1873
 []




Package fancyhdr Warning: \headheight is too small (0.0pt): 
(fancyhdr)                Make it at least 14.0pt, for example:
(fancyhdr)                \setlength{\headheight}{14.0pt}.
(fancyhdr)                You might also make \topmargin smaller:
(fancyhdr)                \addtolength{\topmargin}{-14.0pt}.

[146]
File: Book03/fig23g.eps Graphic file (type eps)
<Book03/fig23g.eps>
File: Book03/fig23e.eps Graphic file (type eps)
<Book03/fig23e.eps>

Overfull \vbox (14.65388pt too high) detected at line 1921
 []


Overfull \vbox (144.95496pt too high) detected at line 1921
 []


Overfull \vbox (144.95496pt too high) detected at line 1921
 []




Package fancyhdr Warning: \headheight is too small (0.0pt): 
(fancyhdr)                Make it at least 14.0pt, for example:
(fancyhdr)                \setlength{\headheight}{14.0pt}.
(fancyhdr)                You might also make \topmargin smaller:
(fancyhdr)                \addtolength{\topmargin}{-14.0pt}.

[147]
Underfull \hbox (badness 10000) in paragraph at lines 1946--1947

 []


Underfull \hbox (badness 10000) in paragraph at lines 1946--1947

 []

File: Book03/fig24g.eps Graphic file (type eps)
<Book03/fig24g.eps>

Underfull \hbox (badness 10000) in paragraph at lines 1964--1973

 []

File: Book03/fig24e.eps Graphic file (type eps)
<Book03/fig24e.eps>

Overfull \vbox (14.65388pt too high) detected at line 1978
 []


Overfull \vbox (336.67122pt too high) detected at line 1978
 []


Overfull \vbox (336.67122pt too high) detected at line 1978
 []




Package fancyhdr Warning: \headheight is too small (0.0pt): 
(fancyhdr)                Make it at least 14.0pt, for example:
(fancyhdr)                \setlength{\headheight}{14.0pt}.
(fancyhdr)                You might also make \topmargin smaller:
(fancyhdr)                \addtolength{\topmargin}{-14.0pt}.

[148]


Package fancyhdr Warning: \headheight is too small (0.0pt): 
(fancyhdr)                Make it at least 14.0pt, for example:
(fancyhdr)                \setlength{\headheight}{14.0pt}.
(fancyhdr)                You might also make \topmargin smaller:
(fancyhdr)                \addtolength{\topmargin}{-14.0pt}.

[149]
Underfull \hbox (badness 10000) in paragraph at lines 2014--2015

 []


Underfull \hbox (badness 10000) in paragraph at lines 2014--2015

 []


Underfull \hbox (badness 10000) in paragraph at lines 2014--2015

 []

File: Book03/fig25g.eps Graphic file (type eps)
<Book03/fig25g.eps>

Overfull \hbox (12.83469pt too wide) in paragraph at lines 2032--2032
[]\TU/GFSPorson(0)/m/n/10 Κύκλου >άρα τμήματοξ δοθέντοξ προσαναγέγραπται
 []

File: Book03/fig25e.eps Graphic file (type eps)
<Book03/fig25e.eps>

Overfull \vbox (14.65388pt too high) detected at line 2078
 []


Overfull \vbox (265.40497pt too high) detected at line 2078
 []


Overfull \vbox (266.4087pt too high) detected at line 2078
 []




Package fancyhdr Warning: \headheight is too small (0.0pt): 
(fancyhdr)                Make it at least 14.0pt, for example:
(fancyhdr)                \setlength{\headheight}{14.0pt}.
(fancyhdr)                You might also make \topmargin smaller:
(fancyhdr)                \addtolength{\topmargin}{-14.0pt}.

[150]


Package fancyhdr Warning: \headheight is too small (0.0pt): 
(fancyhdr)                Make it at least 14.0pt, for example:
(fancyhdr)                \setlength{\headheight}{14.0pt}.
(fancyhdr)                You might also make \topmargin smaller:
(fancyhdr)                \addtolength{\topmargin}{-14.0pt}.

[151]
Overfull \hbox (10.92406pt too wide) in paragraph at lines 2095--2096
\TU/GFSPorson(0)/m/n/10 κέντροιξ αἱ ὑπὸ ΒΗΓ, ΕΘΖ, πρὸξ δὲ ταῖξ περιφερείαιξ
 []


Underfull \hbox (badness 10000) in paragraph at lines 2106--2107

 []


Underfull \hbox (badness 10000) in paragraph at lines 2106--2107

 []


Underfull \hbox (badness 10000) in paragraph at lines 2106--2107

 []

File: Book03/fig26g.eps Graphic file (type eps)
<Book03/fig26g.eps>
File: Book03/fig26e.eps Graphic file (type eps)
<Book03/fig26e.eps>

Overfull \vbox (14.65388pt too high) detected at line 2146
 []


Overfull \vbox (234.28871pt too high) detected at line 2146
 []


Overfull \vbox (235.29245pt too high) detected at line 2146
 []




Package fancyhdr Warning: \headheight is too small (0.0pt): 
(fancyhdr)                Make it at least 14.0pt, for example:
(fancyhdr)                \setlength{\headheight}{14.0pt}.
(fancyhdr)                You might also make \topmargin smaller:
(fancyhdr)                \addtolength{\topmargin}{-14.0pt}.

[152]
File: Book03/fig27g.eps Graphic file (type eps)
<Book03/fig27g.eps>

Overfull \hbox (16.82007pt too wide) in paragraph at lines 2186--2186
[]\TU/GFSPorson(0)/m/n/10 Ἐν >άρα τοῖξ >ίσοιξ κύκλοιξ αἱ ἐπὶ >ίσων περιφερειῶν
 []

File: Book03/fig27e.eps Graphic file (type eps)
<Book03/fig27e.eps>

Underfull \hbox (badness 10000) in paragraph at lines 2211--2213

 []


Overfull \vbox (14.65388pt too high) detected at line 2214
 []


Overfull \vbox (232.28122pt too high) detected at line 2214
 []


Overfull \vbox (232.2812pt too high) detected at line 2214
 []




Package fancyhdr Warning: \headheight is too small (0.0pt): 
(fancyhdr)                Make it at least 14.0pt, for example:
(fancyhdr)                \setlength{\headheight}{14.0pt}.
(fancyhdr)                You might also make \topmargin smaller:
(fancyhdr)                \addtolength{\topmargin}{-14.0pt}.

[153]


Package fancyhdr Warning: \headheight is too small (0.0pt): 
(fancyhdr)                Make it at least 14.0pt, for example:
(fancyhdr)                \setlength{\headheight}{14.0pt}.
(fancyhdr)                You might also make \topmargin smaller:
(fancyhdr)                \addtolength{\topmargin}{-14.0pt}.

[154]
Underfull \hbox (badness 10000) in paragraph at lines 2233--2234

 []

File: Book03/fig28g.eps Graphic file (type eps)
<Book03/fig28g.eps>
File: Book03/fig28e.eps Graphic file (type eps)
<Book03/fig28e.eps>

Overfull \vbox (14.65388pt too high) detected at line 2285
 []


Overfull \vbox (264.40121pt too high) detected at line 2285
 []


Overfull \vbox (268.4162pt too high) detected at line 2285
 []




Package fancyhdr Warning: \headheight is too small (0.0pt): 
(fancyhdr)                Make it at least 14.0pt, for example:
(fancyhdr)                \setlength{\headheight}{14.0pt}.
(fancyhdr)                You might also make \topmargin smaller:
(fancyhdr)                \addtolength{\topmargin}{-14.0pt}.

[155]
Underfull \hbox (badness 10000) in paragraph at lines 2309--2310

 []


Underfull \hbox (badness 10000) in paragraph at lines 2309--2310

 []


Underfull \hbox (badness 10000) in paragraph at lines 2309--2310

 []


Underfull \hbox (badness 10000) in paragraph at lines 2309--2310

 []

File: Book03/fig29g.eps Graphic file (type eps)
<Book03/fig29g.eps>

Overfull \hbox (4.16266pt too wide) in paragraph at lines 2315--2315
[]\TU/GFSPorson(0)/m/n/10 Ἐν >άρα τοῖξ >ίσοιξ κύκλοιξ τὰξ >ίσαξ περιφερείαξ
 []

File: Book03/fig29e.eps Graphic file (type eps)
<Book03/fig29e.eps>

Overfull \vbox (14.65388pt too high) detected at line 2341
 []


Overfull \vbox (264.40121pt too high) detected at line 2341
 []


Overfull \vbox (269.41995pt too high) detected at line 2341
 []




Package fancyhdr Warning: \headheight is too small (0.0pt): 
(fancyhdr)                Make it at least 14.0pt, for example:
(fancyhdr)                \setlength{\headheight}{14.0pt}.
(fancyhdr)                You might also make \topmargin smaller:
(fancyhdr)                \addtolength{\topmargin}{-14.0pt}.

[156]
File: Book03/fig30g.eps Graphic file (type eps)
<Book03/fig30g.eps>
File: Book03/fig30e.eps Graphic file (type eps)
<Book03/fig30e.eps>

Overfull \vbox (14.65388pt too high) detected at line 2401
 []


Overfull \vbox (151.9812pt too high) detected at line 2401
 []


Overfull \vbox (150.97746pt too high) detected at line 2401
 []




Package fancyhdr Warning: \headheight is too small (0.0pt): 
(fancyhdr)                Make it at least 14.0pt, for example:
(fancyhdr)                \setlength{\headheight}{14.0pt}.
(fancyhdr)                You might also make \topmargin smaller:
(fancyhdr)                \addtolength{\topmargin}{-14.0pt}.

[157]
Underfull \hbox (badness 10000) in paragraph at lines 2416--2417

 []

File: Book03/fig31g.eps Graphic file (type eps)
<Book03/fig31g.eps>

Overfull \hbox (4.09665pt too wide) in paragraph at lines 2450--2451
\TU/GFSPorson(0)/m/n/10 τῶν δὲ ἐν τοῖξ κύκλοιξ τετραπλεύρων αἱ ἀπεναντίον
 []

File: Book03/fig31e.eps Graphic file (type eps)
<Book03/fig31e.eps>

Overfull \vbox (14.65388pt too high) detected at line 2523
 []


Overfull \vbox (347.71246pt too high) detected at line 2523
 []


Overfull \vbox (342.69371pt too high) detected at line 2523
 []




Package fancyhdr Warning: \headheight is too small (0.0pt): 
(fancyhdr)                Make it at least 14.0pt, for example:
(fancyhdr)                \setlength{\headheight}{14.0pt}.
(fancyhdr)                You might also make \topmargin smaller:
(fancyhdr)                \addtolength{\topmargin}{-14.0pt}.

[158]


Package fancyhdr Warning: \headheight is too small (0.0pt): 
(fancyhdr)                Make it at least 14.0pt, for example:
(fancyhdr)                \setlength{\headheight}{14.0pt}.
(fancyhdr)                You might also make \topmargin smaller:
(fancyhdr)                \addtolength{\topmargin}{-14.0pt}.

[159]
Overfull \hbox (4.104pt too wide) in paragraph at lines 2537--2538
\TU/GFSPorson(0)/m/n/10 τὸν κύκλον, <ὰξ ποιεῖ γωνίαξ πρὸξ τῆ| ἐφαπτομένῃ,
 []


Underfull \hbox (badness 10000) in paragraph at lines 2537--2538

 []

File: Book03/fig32e.eps Graphic file (type eps)
<Book03/fig32e.eps>
File: Book03/fig32e.eps Graphic file (type eps)
<Book03/fig32e.eps>

Overfull \vbox (14.65388pt too high) detected at line 2610
 []


Overfull \vbox (328.64122pt too high) detected at line 2610
 []


Overfull \vbox (328.64122pt too high) detected at line 2610
 []




Package fancyhdr Warning: \headheight is too small (0.0pt): 
(fancyhdr)                Make it at least 14.0pt, for example:
(fancyhdr)                \setlength{\headheight}{14.0pt}.
(fancyhdr)                You might also make \topmargin smaller:
(fancyhdr)                \addtolength{\topmargin}{-14.0pt}.

[160]


Package fancyhdr Warning: \headheight is too small (0.0pt): 
(fancyhdr)                Make it at least 14.0pt, for example:
(fancyhdr)                \setlength{\headheight}{14.0pt}.
(fancyhdr)                You might also make \topmargin smaller:
(fancyhdr)                \addtolength{\topmargin}{-14.0pt}.

[161]


Package fancyhdr Warning: \headheight is too small (0.0pt): 
(fancyhdr)                Make it at least 14.0pt, for example:
(fancyhdr)                \setlength{\headheight}{14.0pt}.
(fancyhdr)                You might also make \topmargin smaller:
(fancyhdr)                \addtolength{\topmargin}{-14.0pt}.

[162]
Overfull \hbox (23.32843pt too wide) in paragraph at lines 2622--2623
\TU/GFSPorson(0)/m/n/10 δεθόμενον γωνίαν >ίσην τῆ| δοθείσῃ γωνίᾳ εὐθυγράμμῳ. 
 []

File: Book03/fig33g.eps Graphic file (type eps)
<Book03/fig33g.eps>
File: Book03/fig33e.eps Graphic file (type eps)
<Book03/fig33e.eps>

Overfull \vbox (14.65388pt too high) detected at line 2757
 []


Overfull \vbox (331.65247pt too high) detected at line 2757
 []


Overfull \vbox (347.71246pt too high) detected at line 2757
 []




Package fancyhdr Warning: \headheight is too small (0.0pt): 
(fancyhdr)                Make it at least 14.0pt, for example:
(fancyhdr)                \setlength{\headheight}{14.0pt}.
(fancyhdr)                You might also make \topmargin smaller:
(fancyhdr)                \addtolength{\topmargin}{-14.0pt}.

[163]


Package fancyhdr Warning: \headheight is too small (0.0pt): 
(fancyhdr)                Make it at least 14.0pt, for example:
(fancyhdr)                \setlength{\headheight}{14.0pt}.
(fancyhdr)                You might also make \topmargin smaller:
(fancyhdr)                \addtolength{\topmargin}{-14.0pt}.

[164]
Overfull \hbox (1.54132pt too wide) in paragraph at lines 2770--2771
[]\TU/GFSPorson(0)/m/n/10 Ἀπὸ τοῦ δοθέντοξ κύκλου τμῆμα ἀφελεῖν δεθόμενον
 []

File: Book03/fig34g.eps Graphic file (type eps)
<Book03/fig34g.eps>
File: Book03/fig34e.eps Graphic file (type eps)
<Book03/fig34e.eps>

Overfull \vbox (14.65388pt too high) detected at line 2822
 []


Overfull \vbox (282.46872pt too high) detected at line 2822
 []


Overfull \vbox (281.46497pt too high) detected at line 2822
 []




Package fancyhdr Warning: \headheight is too small (0.0pt): 
(fancyhdr)                Make it at least 14.0pt, for example:
(fancyhdr)                \setlength{\headheight}{14.0pt}.
(fancyhdr)                You might also make \topmargin smaller:
(fancyhdr)                \addtolength{\topmargin}{-14.0pt}.

[165]
Underfull \hbox (badness 10000) in paragraph at lines 2877--2878

 []


Underfull \hbox (badness 10000) in paragraph at lines 2877--2878

 []


Underfull \hbox (badness 10000) in paragraph at lines 2877--2878

 []


Underfull \hbox (badness 10000) in paragraph at lines 2877--2878

 []


Underfull \hbox (badness 10000) in paragraph at lines 2877--2878

 []


Underfull \hbox (badness 10000) in paragraph at lines 2877--2878

 []


Underfull \hbox (badness 10000) in paragraph at lines 2877--2878

 []

File: Book03/fig35g.eps Graphic file (type eps)
<Book03/fig35g.eps>

Overfull \hbox (1.02766pt too wide) in paragraph at lines 2885--2885
[]\TU/GFSPorson(0)/m/n/10 Ἐὰν >άρα ἐν κύκλῳ εὐθεῖαι δύο τέμνωσιν ἀλλήλαξ,
 []

File: Book03/fig35e.eps Graphic file (type eps)
<Book03/fig35e.eps>

Overfull \vbox (14.65388pt too high) detected at line 2941
 []


Overfull \vbox (247.33746pt too high) detected at line 2941
 []


Overfull \vbox (251.35246pt too high) detected at line 2941
 []




Package fancyhdr Warning: \headheight is too small (0.0pt): 
(fancyhdr)                Make it at least 14.0pt, for example:
(fancyhdr)                \setlength{\headheight}{14.0pt}.
(fancyhdr)                You might also make \topmargin smaller:
(fancyhdr)                \addtolength{\topmargin}{-14.0pt}.

[166]
Underfull \hbox (badness 10000) in paragraph at lines 2963--2964

 []

File: Book03/fig36g.eps Graphic file (type eps)
<Book03/fig36g.eps>
File: Book03/fig36e.eps Graphic file (type eps)
<Book03/fig36e.eps>

Overfull \vbox (14.65388pt too high) detected at line 3076
 []


Overfull \vbox (350.72372pt too high) detected at line 3076
 []


Overfull \vbox (354.73871pt too high) detected at line 3076
 []




Package fancyhdr Warning: \headheight is too small (0.0pt): 
(fancyhdr)                Make it at least 14.0pt, for example:
(fancyhdr)                \setlength{\headheight}{14.0pt}.
(fancyhdr)                You might also make \topmargin smaller:
(fancyhdr)                \addtolength{\topmargin}{-14.0pt}.

[167]


Package fancyhdr Warning: \headheight is too small (0.0pt): 
(fancyhdr)                Make it at least 14.0pt, for example:
(fancyhdr)                \setlength{\headheight}{14.0pt}.
(fancyhdr)                You might also make \topmargin smaller:
(fancyhdr)                \addtolength{\topmargin}{-14.0pt}.

[168]


Package fancyhdr Warning: \headheight is too small (0.0pt): 
(fancyhdr)                Make it at least 14.0pt, for example:
(fancyhdr)                \setlength{\headheight}{14.0pt}.
(fancyhdr)                You might also make \topmargin smaller:
(fancyhdr)                \addtolength{\topmargin}{-14.0pt}.

[169]
Overfull \hbox (8.47466pt too wide) in paragraph at lines 3093--3094
\TU/GFSPorson(0)/m/n/10 >ίσον τῶ| ἀπὸ τῆξ προσπιπτούσηξ, ἡ προσπίπτουσα
 []


Overfull \hbox (9.51025pt too wide) in paragraph at lines 3099--3100
\TU/GFSPorson(0)/m/n/10 μὲν ΔΓΑ τεμνέτω τὸν κύκλον, ἡ δὲ ΔΒ προσπιπτέτω,
 []


Underfull \hbox (badness 10000) in paragraph at lines 3099--3100

 []


Underfull \hbox (badness 10000) in paragraph at lines 3099--3100

 []

File: Book03/fig37g.eps Graphic file (type eps)
<Book03/fig37g.eps>
File: Book03/fig37e.eps Graphic file (type eps)
<Book03/fig37e.eps>

Overfull \vbox (14.65388pt too high) detected at line 3174
 []


Overfull \vbox (227.26247pt too high) detected at line 3174
 []


Overfull \vbox (228.2662pt too high) detected at line 3174
 []




Package fancyhdr Warning: \headheight is too small (0.0pt): 
(fancyhdr)                Make it at least 14.0pt, for example:
(fancyhdr)                \setlength{\headheight}{14.0pt}.
(fancyhdr)                You might also make \topmargin smaller:
(fancyhdr)                \addtolength{\topmargin}{-14.0pt}.

[170]


Package fancyhdr Warning: \headheight is too small (0.0pt): 
(fancyhdr)                Make it at least 14.0pt, for example:
(fancyhdr)                \setlength{\headheight}{14.0pt}.
(fancyhdr)                You might also make \topmargin smaller:
(fancyhdr)                \addtolength{\topmargin}{-14.0pt}.

[171]


Package fancyhdr Warning: \headheight is too small (0.0pt): 
(fancyhdr)                Make it at least 14.0pt, for example:
(fancyhdr)                \setlength{\headheight}{14.0pt}.
(fancyhdr)                You might also make \topmargin smaller:
(fancyhdr)                \addtolength{\topmargin}{-14.0pt}.

[172])

[173]
\openout2 = `Book04/Book4.aux'.

 (./Book04/Book4.tex

[174



]
Overfull \hbox (4.44131pt too wide) in paragraph at lines 35--38
\TU/GFSPorson(0)/m/n/10 λέγεται, <όταν ἑκάστη πλευρὰ τοῦ περιγραφομένου
 []


Overfull \hbox (17.65608pt too wide) in paragraph at lines 35--38
\TU/GFSPorson(0)/m/n/10 ἑκάστηξ γωνίαξ τοῦ, περὶ <ὸ περιγράφεται, <άπτηται. 
 []


Overfull \hbox (26.16278pt too wide) in paragraph at lines 43--46
\TU/GFSPorson(0)/m/n/10 σθαι λέγεται, <όταν ἑκάστη πλευρὰ τοῦ περιγραφομένου
 []


Underfull \hbox (badness 10000) in paragraph at lines 101--102

 []

File: Book04/fig01g.eps Graphic file (type eps)
<Book04/fig01g.eps>
File: Book04/fig01e.eps Graphic file (type eps)
<Book04/fig01e.eps>

Overfull \vbox (14.65388pt too high) detected at line 150
 []


Overfull \vbox (316.5962pt too high) detected at line 150
 []


Overfull \vbox (317.59996pt too high) detected at line 150
 []




Package fancyhdr Warning: \headheight is too small (0.0pt): 
(fancyhdr)                Make it at least 14.0pt, for example:
(fancyhdr)                \setlength{\headheight}{14.0pt}.
(fancyhdr)                You might also make \topmargin smaller:
(fancyhdr)                \addtolength{\topmargin}{-14.0pt}.

[175]


Package fancyhdr Warning: \headheight is too small (0.0pt): 
(fancyhdr)                Make it at least 14.0pt, for example:
(fancyhdr)                \setlength{\headheight}{14.0pt}.
(fancyhdr)                You might also make \topmargin smaller:
(fancyhdr)                \addtolength{\topmargin}{-14.0pt}.

[176]
File: Book04/fig02g.eps Graphic file (type eps)
<Book04/fig02g.eps>
File: Book04/fig02e.eps Graphic file (type eps)
<Book04/fig02e.eps>

Overfull \vbox (14.65388pt too high) detected at line 224
 []


Overfull \vbox (337.67496pt too high) detected at line 224
 []


Overfull \vbox (337.67496pt too high) detected at line 224
 []




Package fancyhdr Warning: \headheight is too small (0.0pt): 
(fancyhdr)                Make it at least 14.0pt, for example:
(fancyhdr)                \setlength{\headheight}{14.0pt}.
(fancyhdr)                You might also make \topmargin smaller:
(fancyhdr)                \addtolength{\topmargin}{-14.0pt}.

[177]
File: Book04/fig03g.eps Graphic file (type eps)
<Book04/fig03g.eps>

Overfull \hbox (6.15001pt too wide) in paragraph at lines 270--271
\TU/GFSPorson(0)/m/n/10 >ίσαι εἰσίν, ἐπειδήπερ καὶ εἰξ δύο τρίγωνα διαιρεῖται
 []


Overfull \hbox (5.15268pt too wide) in paragraph at lines 273--273
[]\TU/GFSPorson(0)/m/n/10 Περὶ τὸν δοθέντα >άρα κύκλον τῶ| δοθέντι τριγώνῳ
 []

File: Book04/fig03e.eps Graphic file (type eps)
<Book04/fig03e.eps>

Overfull \vbox (14.65388pt too high) detected at line 315
 []


Overfull \vbox (208.19121pt too high) detected at line 315
 []


Overfull \vbox (203.17247pt too high) detected at line 315
 []




Package fancyhdr Warning: \headheight is too small (0.0pt): 
(fancyhdr)                Make it at least 14.0pt, for example:
(fancyhdr)                \setlength{\headheight}{14.0pt}.
(fancyhdr)                You might also make \topmargin smaller:
(fancyhdr)                \addtolength{\topmargin}{-14.0pt}.

[178]
File: Book04/fig04g.eps Graphic file (type eps)
<Book04/fig04g.eps>
File: Book04/fig04e.eps Graphic file (type eps)
<Book04/fig04e.eps>

Overfull \vbox (14.65388pt too high) detected at line 398
 []


Overfull \vbox (241.31496pt too high) detected at line 398
 []


Overfull \vbox (236.29622pt too high) detected at line 398
 []




Package fancyhdr Warning: \headheight is too small (0.0pt): 
(fancyhdr)                Make it at least 14.0pt, for example:
(fancyhdr)                \setlength{\headheight}{14.0pt}.
(fancyhdr)                You might also make \topmargin smaller:
(fancyhdr)                \addtolength{\topmargin}{-14.0pt}.

[179]
File: Book04/fig05g.eps Graphic file (type eps)
<Book04/fig05g.eps>

Overfull \hbox (11.14037pt too wide) in paragraph at lines 450--450
[]\TU/GFSPorson(0)/m/n/10 Περὶ τὸ δοθὲν >άρα τρίγωνον κύκλοξ περιγέγραπται;
 []

File: Book04/fig05e.eps Graphic file (type eps)
<Book04/fig05e.eps>

Overfull \vbox (14.65388pt too high) detected at line 495
 []


Overfull \vbox (245.32996pt too high) detected at line 495
 []


Overfull \vbox (243.32246pt too high) detected at line 495
 []




Package fancyhdr Warning: \headheight is too small (0.0pt): 
(fancyhdr)                Make it at least 14.0pt, for example:
(fancyhdr)                \setlength{\headheight}{14.0pt}.
(fancyhdr)                You might also make \topmargin smaller:
(fancyhdr)                \addtolength{\topmargin}{-14.0pt}.

[180]


Package fancyhdr Warning: \headheight is too small (0.0pt): 
(fancyhdr)                Make it at least 14.0pt, for example:
(fancyhdr)                \setlength{\headheight}{14.0pt}.
(fancyhdr)                You might also make \topmargin smaller:
(fancyhdr)                \addtolength{\topmargin}{-14.0pt}.

[181]
Underfull \hbox (badness 10000) in paragraph at lines 513--514

 []

File: Book04/fig06g.eps Graphic file (type eps)
<Book04/fig06g.eps>

Overfull \hbox (20.7874pt too wide) in paragraph at lines 529--529
[]\TU/GFSPorson(0)/m/n/10 Εἰξ >άρα τὸν δοθέντα κύκλον τετράγωνον ἐγγέγραπται
 []

File: Book04/fig06e.eps Graphic file (type eps)
<Book04/fig06e.eps>

Overfull \vbox (14.65388pt too high) detected at line 558
 []


Overfull \vbox (293.50996pt too high) detected at line 558
 []


Overfull \vbox (294.5137pt too high) detected at line 558
 []




Package fancyhdr Warning: \headheight is too small (0.0pt): 
(fancyhdr)                Make it at least 14.0pt, for example:
(fancyhdr)                \setlength{\headheight}{14.0pt}.
(fancyhdr)                You might also make \topmargin smaller:
(fancyhdr)                \addtolength{\topmargin}{-14.0pt}.

[182]
File: Book04/fig07g.eps Graphic file (type eps)
<Book04/fig07g.eps>

Overfull \hbox (39.49852pt too wide) in paragraph at lines 605--605
[]\TU/GFSPorson(0)/m/n/10 Περὶ τὸν δοθέντα >άρα κύκλον τετράγωνον περιγέγραπται
;
 []

File: Book04/fig07e.eps Graphic file (type eps)
<Book04/fig07e.eps>

Overfull \vbox (14.65388pt too high) detected at line 641
 []


Overfull \vbox (259.38246pt too high) detected at line 641
 []


Overfull \vbox (260.3862pt too high) detected at line 641
 []




Package fancyhdr Warning: \headheight is too small (0.0pt): 
(fancyhdr)                Make it at least 14.0pt, for example:
(fancyhdr)                \setlength{\headheight}{14.0pt}.
(fancyhdr)                You might also make \topmargin smaller:
(fancyhdr)                \addtolength{\topmargin}{-14.0pt}.

[183]


Package fancyhdr Warning: \headheight is too small (0.0pt): 
(fancyhdr)                Make it at least 14.0pt, for example:
(fancyhdr)                \setlength{\headheight}{14.0pt}.
(fancyhdr)                You might also make \topmargin smaller:
(fancyhdr)                \addtolength{\topmargin}{-14.0pt}.

[184]
File: Book04/fig08g.eps Graphic file (type eps)
<Book04/fig08g.eps>

Overfull \hbox (7.68634pt too wide) in paragraph at lines 687--687
[]\TU/GFSPorson(0)/m/n/10 Εἰξ >άρα τὸ δοθὲν τετράγωνον κύκλοξ ἐγγέγραπται;
 []

File: Book04/fig08e.eps Graphic file (type eps)
<Book04/fig08e.eps>

Overfull \vbox (14.65388pt too high) detected at line 721
 []


Overfull \vbox (260.3862pt too high) detected at line 721
 []


Overfull \vbox (259.38246pt too high) detected at line 721
 []




Package fancyhdr Warning: \headheight is too small (0.0pt): 
(fancyhdr)                Make it at least 14.0pt, for example:
(fancyhdr)                \setlength{\headheight}{14.0pt}.
(fancyhdr)                You might also make \topmargin smaller:
(fancyhdr)                \addtolength{\topmargin}{-14.0pt}.

[185]
Overfull \hbox (1.69025pt too wide) in paragraph at lines 737--738
[]\TU/GFSPorson(0)/m/n/10 Ἐπιζευθθεῖσαι γὰρ αἱ ΑΓ, ΒΔ τεμνέτωσαν ἀλλήλαξ
 []

File: Book04/fig06g.eps Graphic file (type eps)
<Book04/fig06g.eps>

Overfull \hbox (23.46043pt too wide) in paragraph at lines 759--759
[]\TU/GFSPorson(0)/m/n/10 Περὶ τὸ δοθὲν >άρα τετράγωνον κύκλοξ περιγέγραπται;
 []


Underfull \hbox (badness 10000) in paragraph at lines 771--772

 []

File: Book04/fig06e.eps Graphic file (type eps)
<Book04/fig06e.eps>

Overfull \vbox (14.65388pt too high) detected at line 789
 []


Overfull \vbox (294.5137pt too high) detected at line 789
 []


Overfull \vbox (293.50996pt too high) detected at line 789
 []




Package fancyhdr Warning: \headheight is too small (0.0pt): 
(fancyhdr)                Make it at least 14.0pt, for example:
(fancyhdr)                \setlength{\headheight}{14.0pt}.
(fancyhdr)                You might also make \topmargin smaller:
(fancyhdr)                \addtolength{\topmargin}{-14.0pt}.

[186]
File: Book04/fig10g.eps Graphic file (type eps)
<Book04/fig10g.eps>

Overfull \hbox (2.17319pt too wide) in paragraph at lines 814--815
\TU/GFSPorson(0)/m/n/10 Γ σημεῖον, <ώστε τὸ ὑπὸ τῶν ΑΒ, ΒΓ περιεχόμενον
 []


Overfull \hbox (13.28061pt too wide) in paragraph at lines 814--815
\TU/GFSPorson(0)/m/n/10 ὀρθογώνιον >ίσον ε>ῖναι τῶ| ἀπὸ τῆξ ΓΑ τετραγώνῳ;
 []

File: Book04/fig10e.eps Graphic file (type eps)
<Book04/fig10e.eps>

Overfull \vbox (14.65388pt too high) detected at line 894
 []


Overfull \vbox (304.55121pt too high) detected at line 894
 []


Overfull \vbox (304.55121pt too high) detected at line 894
 []




Package fancyhdr Warning: \headheight is too small (0.0pt): 
(fancyhdr)                Make it at least 14.0pt, for example:
(fancyhdr)                \setlength{\headheight}{14.0pt}.
(fancyhdr)                You might also make \topmargin smaller:
(fancyhdr)                \addtolength{\topmargin}{-14.0pt}.

[187]


Package fancyhdr Warning: \headheight is too small (0.0pt): 
(fancyhdr)                Make it at least 14.0pt, for example:
(fancyhdr)                \setlength{\headheight}{14.0pt}.
(fancyhdr)                You might also make \topmargin smaller:
(fancyhdr)                \addtolength{\topmargin}{-14.0pt}.

[188]
File: Book04/fig11g.eps Graphic file (type eps)
<Book04/fig11g.eps>

Overfull \hbox (0.83588pt too wide) in paragraph at lines 922--923
[]\TU/GFSPorson(0)/m/n/10 Ἐκκείσθω τρίγωνον ἰσοσκελὲξ τὸ ΖΗΘ διπλασίονα
 []


Overfull \hbox (0.30792pt too wide) in paragraph at lines 941--942
\TU/GFSPorson(0)/m/n/10 περιφέρειαι αἱ ΑΒ, ΒΓ, ΓΔ, ΔΕ, ΕΑ >ίσαι ἀλλήλαιξ
 []


Overfull \hbox (15.04538pt too wide) in paragraph at lines 944--944
[]\TU/GFSPorson(0)/m/n/10 Εἰξ >άρα τὸν δοθέντα κύκλον πεντάγωνον ἰσόπλευρόν
 []


Overfull \hbox (6.79291pt too wide) in paragraph at lines 944--944
\TU/GFSPorson(0)/m/n/10 τε καὶ ἰσογώνιον ἐγγέγραπται; <όπερ >έδει ποιῆσαι. 
 []

File: Book04/fig11e.eps Graphic file (type eps)
<Book04/fig11e.eps>

Overfull \vbox (14.65388pt too high) detected at line 984
 []


Overfull \vbox (247.33746pt too high) detected at line 984
 []


Overfull \vbox (246.33372pt too high) detected at line 984
 []




Package fancyhdr Warning: \headheight is too small (0.0pt): 
(fancyhdr)                Make it at least 14.0pt, for example:
(fancyhdr)                \setlength{\headheight}{14.0pt}.
(fancyhdr)                You might also make \topmargin smaller:
(fancyhdr)                \addtolength{\topmargin}{-14.0pt}.

[189]


Package fancyhdr Warning: \headheight is too small (0.0pt): 
(fancyhdr)                Make it at least 14.0pt, for example:
(fancyhdr)                \setlength{\headheight}{14.0pt}.
(fancyhdr)                You might also make \topmargin smaller:
(fancyhdr)                \addtolength{\topmargin}{-14.0pt}.

[190]
File: Book04/fig12g.eps Graphic file (type eps)
<Book04/fig12g.eps>

Overfull \hbox (1.06834pt too wide) in paragraph at lines 1009--1010
\TU/GFSPorson(0)/m/n/10 ἐφαπτόμεναι αἱ ΗΘ, ΘΚ, ΚΛ, ΛΜ, μη, καὶ εἰλήφθω
 []


Overfull \hbox (4.78859pt too wide) in paragraph at lines 1009--1010
\TU/GFSPorson(0)/m/n/10 τοῦ ΑΒΓΔΕ κύκλου κέντρον τὸ Ζ, καὶ ἐπεζεύθθωσαν
 []

Missing character: There is no P (U+0050) in font GFSPorson-Regular/OT:script=g
rek;language=dflt;mapping=tex-text;!
Missing character: There is no e (U+0065) in font GFSPorson-Regular/OT:script=g
rek;language=dflt;mapping=tex-text;!
Missing character: There is no r (U+0072) in font GFSPorson-Regular/OT:script=g
rek;language=dflt;mapping=tex-text;!
Missing character: There is no i (U+0069) in font GFSPorson-Regular/OT:script=g
rek;language=dflt;mapping=tex-text;!
Missing character: There is no t (U+0074) in font GFSPorson-Regular/OT:script=g
rek;language=dflt;mapping=tex-text;!
Missing character: There is no o (U+006F) in font GFSPorson-Regular/OT:script=g
rek;language=dflt;mapping=tex-text;!
Missing character: There is no n (U+006E) in font GFSPorson-Regular/OT:script=g
rek;language=dflt;mapping=tex-text;!
Missing character: There is no d (U+0064) in font GFSPorson-Regular/OT:script=g
rek;language=dflt;mapping=tex-text;!
Missing character: There is no o (U+006F) in font GFSPorson-Regular/OT:script=g
rek;language=dflt;mapping=tex-text;!
Missing character: There is no j (U+006A) in font GFSPorson-Regular/OT:script=g
rek;language=dflt;mapping=tex-text;!
Missing character: There is no e (U+0065) in font GFSPorson-Regular/OT:script=g
rek;language=dflt;mapping=tex-text;!
Missing character: There is no n (U+006E) in font GFSPorson-Regular/OT:script=g
rek;language=dflt;mapping=tex-text;!
Missing character: There is no t (U+0074) in font GFSPorson-Regular/OT:script=g
rek;language=dflt;mapping=tex-text;!
Missing character: There is no a (U+0061) in font GFSPorson-Regular/OT:script=g
rek;language=dflt;mapping=tex-text;!
Missing character: There is no a (U+0061) in font GFSPorson-Regular/OT:script=g
rek;language=dflt;mapping=tex-text;!
Missing character: There is no r (U+0072) in font GFSPorson-Regular/OT:script=g
rek;language=dflt;mapping=tex-text;!
Missing character: There is no a (U+0061) in font GFSPorson-Regular/OT:script=g
rek;language=dflt;mapping=tex-text;!
Missing character: There is no k (U+006B) in font GFSPorson-Regular/OT:script=g
rek;language=dflt;mapping=tex-text;!
Missing character: There is no u (U+0075) in font GFSPorson-Regular/OT:script=g
rek;language=dflt;mapping=tex-text;!
Missing character: There is no k (U+006B) in font GFSPorson-Regular/OT:script=g
rek;language=dflt;mapping=tex-text;!
Missing character: There is no l (U+006C) in font GFSPorson-Regular/OT:script=g
rek;language=dflt;mapping=tex-text;!
Missing character: There is no o (U+006F) in font GFSPorson-Regular/OT:script=g
rek;language=dflt;mapping=tex-text;!
Missing character: There is no n (U+006E) in font GFSPorson-Regular/OT:script=g
rek;language=dflt;mapping=tex-text;!
Missing character: There is no p (U+0070) in font GFSPorson-Regular/OT:script=g
rek;language=dflt;mapping=tex-text;!
Missing character: There is no e (U+0065) in font GFSPorson-Regular/OT:script=g
rek;language=dflt;mapping=tex-text;!
Missing character: There is no n (U+006E) in font GFSPorson-Regular/OT:script=g
rek;language=dflt;mapping=tex-text;!
Missing character: There is no t (U+0074) in font GFSPorson-Regular/OT:script=g
rek;language=dflt;mapping=tex-text;!
Missing character: There is no a (U+0061) in font GFSPorson-Regular/OT:script=g
rek;language=dflt;mapping=tex-text;!
Missing character: There is no g (U+0067) in font GFSPorson-Regular/OT:script=g
rek;language=dflt;mapping=tex-text;!
Missing character: There is no w (U+0077) in font GFSPorson-Regular/OT:script=g
rek;language=dflt;mapping=tex-text;!
Missing character: There is no n (U+006E) in font GFSPorson-Regular/OT:script=g
rek;language=dflt;mapping=tex-text;!
Missing character: There is no o (U+006F) in font GFSPorson-Regular/OT:script=g
rek;language=dflt;mapping=tex-text;!
Missing character: There is no n (U+006E) in font GFSPorson-Regular/OT:script=g
rek;language=dflt;mapping=tex-text;!
Missing character: There is no i (U+0069) in font GFSPorson-Regular/OT:script=g
rek;language=dflt;mapping=tex-text;!
Missing character: There is no s (U+0073) in font GFSPorson-Regular/OT:script=g
rek;language=dflt;mapping=tex-text;!
Missing character: There is no o (U+006F) in font GFSPorson-Regular/OT:script=g
rek;language=dflt;mapping=tex-text;!
Missing character: There is no p (U+0070) in font GFSPorson-Regular/OT:script=g
rek;language=dflt;mapping=tex-text;!
Missing character: There is no l (U+006C) in font GFSPorson-Regular/OT:script=g
rek;language=dflt;mapping=tex-text;!
Missing character: There is no e (U+0065) in font GFSPorson-Regular/OT:script=g
rek;language=dflt;mapping=tex-text;!
Missing character: There is no u (U+0075) in font GFSPorson-Regular/OT:script=g
rek;language=dflt;mapping=tex-text;!
Missing character: There is no r (U+0072) in font GFSPorson-Regular/OT:script=g
rek;language=dflt;mapping=tex-text;!
Missing character: There is no o (U+006F) in font GFSPorson-Regular/OT:script=g
rek;language=dflt;mapping=tex-text;!
Missing character: There is no n (U+006E) in font GFSPorson-Regular/OT:script=g
rek;language=dflt;mapping=tex-text;!
Missing character: There is no t (U+0074) in font GFSPorson-Regular/OT:script=g
rek;language=dflt;mapping=tex-text;!
Missing character: There is no e (U+0065) in font GFSPorson-Regular/OT:script=g
rek;language=dflt;mapping=tex-text;!
Missing character: There is no k (U+006B) in font GFSPorson-Regular/OT:script=g
rek;language=dflt;mapping=tex-text;!
Missing character: There is no a (U+0061) in font GFSPorson-Regular/OT:script=g
rek;language=dflt;mapping=tex-text;!
Missing character: There is no i (U+0069) in font GFSPorson-Regular/OT:script=g
rek;language=dflt;mapping=tex-text;!
Missing character: There is no i (U+0069) in font GFSPorson-Regular/OT:script=g
rek;language=dflt;mapping=tex-text;!
Missing character: There is no s (U+0073) in font GFSPorson-Regular/OT:script=g
rek;language=dflt;mapping=tex-text;!
Missing character: There is no o (U+006F) in font GFSPorson-Regular/OT:script=g
rek;language=dflt;mapping=tex-text;!
Missing character: There is no g (U+0067) in font GFSPorson-Regular/OT:script=g
rek;language=dflt;mapping=tex-text;!
Missing character: There is no w (U+0077) in font GFSPorson-Regular/OT:script=g
rek;language=dflt;mapping=tex-text;!
Missing character: There is no n (U+006E) in font GFSPorson-Regular/OT:script=g
rek;language=dflt;mapping=tex-text;!
Missing character: There is no i (U+0069) in font GFSPorson-Regular/OT:script=g
rek;language=dflt;mapping=tex-text;!
Missing character: There is no o (U+006F) in font GFSPorson-Regular/OT:script=g
rek;language=dflt;mapping=tex-text;!
Missing character: There is no n (U+006E) in font GFSPorson-Regular/OT:script=g
rek;language=dflt;mapping=tex-text;!
Missing character: There is no p (U+0070) in font GFSPorson-Regular/OT:script=g
rek;language=dflt;mapping=tex-text;!
Missing character: There is no e (U+0065) in font GFSPorson-Regular/OT:script=g
rek;language=dflt;mapping=tex-text;!
Missing character: There is no r (U+0072) in font GFSPorson-Regular/OT:script=g
rek;language=dflt;mapping=tex-text;!
Missing character: There is no i (U+0069) in font GFSPorson-Regular/OT:script=g
rek;language=dflt;mapping=tex-text;!
Missing character: There is no g (U+0067) in font GFSPorson-Regular/OT:script=g
rek;language=dflt;mapping=tex-text;!
Missing character: There is no e (U+0065) in font GFSPorson-Regular/OT:script=g
rek;language=dflt;mapping=tex-text;!
Missing character: There is no g (U+0067) in font GFSPorson-Regular/OT:script=g
rek;language=dflt;mapping=tex-text;!
Missing character: There is no r (U+0072) in font GFSPorson-Regular/OT:script=g
rek;language=dflt;mapping=tex-text;!
Missing character: There is no a (U+0061) in font GFSPorson-Regular/OT:script=g
rek;language=dflt;mapping=tex-text;!
Missing character: There is no p (U+0070) in font GFSPorson-Regular/OT:script=g
rek;language=dflt;mapping=tex-text;!
Missing character: There is no t (U+0074) in font GFSPorson-Regular/OT:script=g
rek;language=dflt;mapping=tex-text;!
Missing character: There is no a (U+0061) in font GFSPorson-Regular/OT:script=g
rek;language=dflt;mapping=tex-text;!
Missing character: There is no i (U+0069) in font GFSPorson-Regular/OT:script=g
rek;language=dflt;mapping=tex-text;!
Missing character: There is no o (U+006F) in font GFSPorson-Regular/OT:script=g
rek;language=dflt;mapping=tex-text;!
Missing character: There is no p (U+0070) in font GFSPorson-Regular/OT:script=g
rek;language=dflt;mapping=tex-text;!
Missing character: There is no e (U+0065) in font GFSPorson-Regular/OT:script=g
rek;language=dflt;mapping=tex-text;!
Missing character: There is no r (U+0072) in font GFSPorson-Regular/OT:script=g
rek;language=dflt;mapping=tex-text;!
Missing character: There is no e (U+0065) in font GFSPorson-Regular/OT:script=g
rek;language=dflt;mapping=tex-text;!
Missing character: There is no d (U+0064) in font GFSPorson-Regular/OT:script=g
rek;language=dflt;mapping=tex-text;!
Missing character: There is no e (U+0065) in font GFSPorson-Regular/OT:script=g
rek;language=dflt;mapping=tex-text;!
Missing character: There is no i (U+0069) in font GFSPorson-Regular/OT:script=g
rek;language=dflt;mapping=tex-text;!
Missing character: There is no p (U+0070) in font GFSPorson-Regular/OT:script=g
rek;language=dflt;mapping=tex-text;!
Missing character: There is no o (U+006F) in font GFSPorson-Regular/OT:script=g
rek;language=dflt;mapping=tex-text;!
Missing character: There is no i (U+0069) in font GFSPorson-Regular/OT:script=g
rek;language=dflt;mapping=tex-text;!
Missing character: There is no h (U+0068) in font GFSPorson-Regular/OT:script=g
rek;language=dflt;mapping=tex-text;!
Missing character: There is no s (U+0073) in font GFSPorson-Regular/OT:script=g
rek;language=dflt;mapping=tex-text;!
Missing character: There is no a (U+0061) in font GFSPorson-Regular/OT:script=g
rek;language=dflt;mapping=tex-text;!
Missing character: There is no i (U+0069) in font GFSPorson-Regular/OT:script=g
rek;language=dflt;mapping=tex-text;!
File: Book04/fig12e.eps Graphic file (type eps)
<Book04/fig12e.eps>

Overfull \hbox (2.73798pt too wide) in paragraph at lines 1083--1120
[]\TU/TimesNewRoman(0)/m/n/10 And since the straight-line $\OML/cmm/m/it/10 KL$
 \TU/TimesNewRoman(0)/m/n/10 touches (circle) $\OML/cmm/m/it/10 ABCDE$
 []


Overfull \vbox (14.65388pt too high) detected at line 1123
 []


Overfull \vbox (296.52121pt too high) detected at line 1123
 []


Overfull \vbox (295.51747pt too high) detected at line 1123
 []




Package fancyhdr Warning: \headheight is too small (0.0pt): 
(fancyhdr)                Make it at least 14.0pt, for example:
(fancyhdr)                \setlength{\headheight}{14.0pt}.
(fancyhdr)                You might also make \topmargin smaller:
(fancyhdr)                \addtolength{\topmargin}{-14.0pt}.

[191]
Overfull \hbox (1.51457pt too wide) in paragraph at lines 1182--1183
[]\TU/GFSPorson(0)/m/n/10 Τετμήσθω γὰρ ἑκατέρα τῶν ὑπὸ ΒΓΔ, ΓΔΕ γωνιῶν
 []


Underfull \hbox (badness 10000) in paragraph at lines 1182--1183

 []


Underfull \hbox (badness 10000) in paragraph at lines 1182--1183

 []


Underfull \hbox (badness 10000) in paragraph at lines 1182--1183

 []

File: Book04/fig13g.eps Graphic file (type eps)
<Book04/fig13g.eps>

Overfull \hbox (7.55803pt too wide) in paragraph at lines 1188--1188
[]\TU/GFSPorson(0)/m/n/10 Εἰξ >άρα τὸ δοθὲν πεντάγωνον, <ό ἐστιν ἰσόπλευρόν
 []

File: Book04/fig13e.eps Graphic file (type eps)
<Book04/fig13e.eps>

Overfull \vbox (14.65388pt too high) detected at line 1249
 []


Overfull \vbox (295.51747pt too high) detected at line 1249
 []


Overfull \vbox (296.52121pt too high) detected at line 1249
 []




Package fancyhdr Warning: \headheight is too small (0.0pt): 
(fancyhdr)                Make it at least 14.0pt, for example:
(fancyhdr)                \setlength{\headheight}{14.0pt}.
(fancyhdr)                You might also make \topmargin smaller:
(fancyhdr)                \addtolength{\topmargin}{-14.0pt}.

[192]


Package fancyhdr Warning: \headheight is too small (0.0pt): 
(fancyhdr)                Make it at least 14.0pt, for example:
(fancyhdr)                \setlength{\headheight}{14.0pt}.
(fancyhdr)                You might also make \topmargin smaller:
(fancyhdr)                \addtolength{\topmargin}{-14.0pt}.

[193]
Overfull \hbox (1.20364pt too wide) in paragraph at lines 1266--1267
[]\TU/GFSPorson(0)/m/n/10 >’Εστω τὸ δοθὲν πεντάγωνον, <ό ἐστιν ἰσόπλευρόν
 []

File: Book04/fig14g.eps Graphic file (type eps)
<Book04/fig14g.eps>

Overfull \hbox (13.90508pt too wide) in paragraph at lines 1290--1290
[]\TU/GFSPorson(0)/m/n/10 Περὶ >άρα τὸ δοθὲν πεντάγωνον, <ό ἐστιν ἰσόπλευρόν
 []

File: Book04/fig14e.eps Graphic file (type eps)
<Book04/fig14e.eps>

Overfull \hbox (0.65933pt too wide) in paragraph at lines 1306--1322
\TU/TimesNewRoman(0)/m/n/10 the (straight-lines) $\OML/cmm/m/it/10 CF$ \TU/Time
sNewRoman(0)/m/n/10 and $\OML/cmm/m/it/10 DF$\TU/TimesNewRoman(0)/m/n/10 , resp
ectively [Prop. 1.9].
 []


Overfull \vbox (14.65388pt too high) detected at line 1326
 []


Overfull \vbox (301.53996pt too high) detected at line 1326
 []


Overfull \vbox (300.53621pt too high) detected at line 1326
 []




Package fancyhdr Warning: \headheight is too small (0.0pt): 
(fancyhdr)                Make it at least 14.0pt, for example:
(fancyhdr)                \setlength{\headheight}{14.0pt}.
(fancyhdr)                You might also make \topmargin smaller:
(fancyhdr)                \addtolength{\topmargin}{-14.0pt}.

[194]


Package fancyhdr Warning: \headheight is too small (0.0pt): 
(fancyhdr)                Make it at least 14.0pt, for example:
(fancyhdr)                \setlength{\headheight}{14.0pt}.
(fancyhdr)                You might also make \topmargin smaller:
(fancyhdr)                \addtolength{\topmargin}{-14.0pt}.

[195]
Underfull \hbox (badness 10000) in paragraph at lines 1349--1350

 []

File: Book04/fig15g.eps Graphic file (type eps)
<Book04/fig15g.eps>

Overfull \hbox (4.12231pt too wide) in paragraph at lines 1390--1391
[]\TU/GFSPorson(0)/m/n/10 Εἰξ >άρα τὸν δοθέντα κύκλον ἑχάγωνον ἰσόπλευρόν
 []


Overfull \hbox (6.79291pt too wide) in paragraph at lines 1390--1391
\TU/GFSPorson(0)/m/n/10 τε καὶ ἰσογώνιον ἐγγέγραπται; <όπερ >έδει ποιῆσαι. 
 []


Underfull \hbox (badness 10000) in paragraph at lines 1390--1391

 []


Underfull \hbox (badness 10000) in paragraph at lines 1390--1391

 []


Underfull \hbox (badness 10000) in paragraph at lines 1390--1391

 []


Underfull \hbox (badness 10000) in paragraph at lines 1390--1391

 []


Underfull \hbox (badness 10000) in paragraph at lines 1390--1391

 []


Overfull \hbox (10.70036pt too wide) in paragraph at lines 1405--1405
\TU/GFSPorson(0)/m/n/10 εἰρημένοιξ εἰξ τὸ δοθὲν ἑχάγωνον κύκλον ἐγγράψομέν
 []

File: Book04/fig15e.eps Graphic file (type eps)
<Book04/fig15e.eps>

Underfull \hbox (badness 10000) in paragraph at lines 1463--1465

 []


Overfull \vbox (14.65388pt too high) detected at line 1479
 []


Overfull \vbox (422.99371pt too high) detected at line 1479
 []


Overfull \vbox (421.98997pt too high) detected at line 1479
 []




Package fancyhdr Warning: \headheight is too small (0.0pt): 
(fancyhdr)                Make it at least 14.0pt, for example:
(fancyhdr)                \setlength{\headheight}{14.0pt}.
(fancyhdr)                You might also make \topmargin smaller:
(fancyhdr)                \addtolength{\topmargin}{-14.0pt}.

[196]


Package fancyhdr Warning: \headheight is too small (0.0pt): 
(fancyhdr)                Make it at least 14.0pt, for example:
(fancyhdr)                \setlength{\headheight}{14.0pt}.
(fancyhdr)                You might also make \topmargin smaller:
(fancyhdr)                \addtolength{\topmargin}{-14.0pt}.

[197]
Overfull \hbox (17.38103pt too wide) in paragraph at lines 1494--1495
[]\TU/GFSPorson(0)/m/n/10 Εἰξ τὸν δοθέντα κύκλον πεντεκαιδεκάγωνον ἰσόπλευρ-
 []

File: Book04/fig16g.eps Graphic file (type eps)
<Book04/fig16g.eps>

Overfull \hbox (27.43144pt too wide) in paragraph at lines 1522--1522
\TU/GFSPorson(0)/m/n/10 πενταγώνου δείχεων καὶ εἰξ τὸ δοθὲν πεντεκαιδεκάγωνον
 []

File: Book04/fig16e.eps Graphic file (type eps)
<Book04/fig16e.eps>

Overfull \vbox (14.65388pt too high) detected at line 1561
 []


Overfull \vbox (320.6112pt too high) detected at line 1561
 []


Overfull \vbox (319.60747pt too high) detected at line 1561
 []




Package fancyhdr Warning: \headheight is too small (0.0pt): 
(fancyhdr)                Make it at least 14.0pt, for example:
(fancyhdr)                \setlength{\headheight}{14.0pt}.
(fancyhdr)                You might also make \topmargin smaller:
(fancyhdr)                \addtolength{\topmargin}{-14.0pt}.

[198])


Package fancyhdr Warning: \headheight is too small (0.0pt): 
(fancyhdr)                Make it at least 14.0pt, for example:
(fancyhdr)                \setlength{\headheight}{14.0pt}.
(fancyhdr)                You might also make \topmargin smaller:
(fancyhdr)                \addtolength{\topmargin}{-14.0pt}.

[199]


Package fancyhdr Warning: \headheight is too small (0.0pt): 
(fancyhdr)                Make it at least 14.0pt, for example:
(fancyhdr)                \setlength{\headheight}{14.0pt}.
(fancyhdr)                You might also make \topmargin smaller:
(fancyhdr)                \addtolength{\topmargin}{-14.0pt}.

[200]
\openout2 = `Book05/Book5.aux'.

 (./Book05/Book5.tex
LaTeX Font Info:    Font shape `TU/TimesNewRoman(0)/m/it' will be
(Font)              scaled to size 14.4pt on input line 15.


[201



]
Overfull \hbox (13.08371pt too wide) in paragraph at lines 47--53
\TU/GFSPorson(0)/m/n/10 <όταν τὰ τοῦ πρώτου καί τρίτου ἰσάκιξ πολλαπλάσια
 []


Overfull \hbox (12.65834pt too wide) in paragraph at lines 47--53
\TU/GFSPorson(0)/m/n/10 τῶν τοῦ δευτέρου καὶ τετάρτου ἰσάκιξ πολλαπλασίων
 []


Overfull \hbox (17.06569pt too wide) in paragraph at lines 47--53
\TU/GFSPorson(0)/m/n/10 καθ> ὁποιονοῦν πολλαπλασιασμὸν ἑκάτερον ἑκατέρου
 []


Overfull \hbox (0.4023pt too wide) in paragraph at lines 54--56
[]\TU/GFSPorson(0)/m/n/10 6\TU/TimesNewRoman(0)/m/n/10 . \TU/GFSPorson(0)/m/n/1
0 Τὰ δὲ τὸν αὐτὸν >έθοντα λόγον μεγέθη ἀνάλογον
 []


Overfull \hbox (4.61496pt too wide) in paragraph at lines 93--99
[]\TU/GFSPorson(0)/m/n/10 17\TU/TimesNewRoman(0)/m/n/10 . \TU/GFSPorson(0)/m/n/
10 Δι> >ίσου λόγοξ ἐστὶ πλειόνων >όντων μεγεθῶν
 []


Overfull \hbox (4.56967pt too wide) in paragraph at lines 100--106
\TU/GFSPorson(0)/m/n/10 ἡγούμενον πρὸξ ἐπόμενον, ο<ύτωξ ἐν τοῖξ δευτέροιξ
 []




Package fancyhdr Warning: \headheight is too small (0.0pt): 
(fancyhdr)                Make it at least 14.0pt, for example:
(fancyhdr)                \setlength{\headheight}{14.0pt}.
(fancyhdr)                You might also make \topmargin smaller:
(fancyhdr)                \addtolength{\topmargin}{-14.0pt}.

[202]
Overfull \hbox (35.9015pt too wide) in paragraph at lines 228--229
\TU/GFSPorson(0)/m/n/10 >ίσων τὸ πλῆθοξ <έκαστον ἑκάστου ἰσάκιξ πολλαπλάσιον,
 []


Overfull \hbox (29.5288pt too wide) in paragraph at lines 228--229
\TU/GFSPorson(0)/m/n/10 ὁσαπλάσιόν ἐστιν <ὲν τῶν μεγεθῶν ἑνόξ, τοσαυταπλάσια
 []


Overfull \hbox (20.01495pt too wide) in paragraph at lines 233--234
\TU/GFSPorson(0)/m/n/10 ἑκάστου ἰσάκιξ πολλαπλάσιον; λέγω, <ότι ὁσαπλάσιόν
 []


Underfull \hbox (badness 10000) in paragraph at lines 233--234

 []


Underfull \hbox (badness 10000) in paragraph at lines 233--234

 []


Underfull \hbox (badness 10000) in paragraph at lines 233--234

 []

File: Book05/fig01g.eps Graphic file (type eps)
<Book05/fig01g.eps>

Overfull \hbox (9.05032pt too wide) in paragraph at lines 252--252
[]\TU/GFSPorson(0)/m/n/10 Ἐὰν >άρα >ῆ| ὁποσαοῦν μεγέθη ὁποσωνοῦν μεγεθῶν
 []


Overfull \hbox (35.9015pt too wide) in paragraph at lines 252--252
\TU/GFSPorson(0)/m/n/10 >ίσων τὸ πλῆθοξ <έκαστον ἑκάστου ἰσάκιξ πολλαπλάσιον,
 []


Overfull \hbox (29.5288pt too wide) in paragraph at lines 252--252
\TU/GFSPorson(0)/m/n/10 ὁσαπλάσιόν ἐστιν <ὲν τῶν μεγεθῶν ἑνόξ, τοσαυταπλάσια
 []

File: Book05/fig01e.eps Graphic file (type eps)
<Book05/fig01e.eps>

Overfull \vbox (14.65388pt too high) detected at line 285
 []


Overfull \vbox (68.66997pt too high) detected at line 285
 []


Overfull \vbox (69.67372pt too high) detected at line 285
 []




Package fancyhdr Warning: \headheight is too small (0.0pt): 
(fancyhdr)                Make it at least 14.0pt, for example:
(fancyhdr)                \setlength{\headheight}{14.0pt}.
(fancyhdr)                You might also make \topmargin smaller:
(fancyhdr)                \addtolength{\topmargin}{-14.0pt}.

[203]
Underfull \hbox (badness 10000) in paragraph at lines 319--320

 []


Underfull \hbox (badness 10000) in paragraph at lines 319--320

 []


Underfull \hbox (badness 10000) in paragraph at lines 319--320

 []


Underfull \hbox (badness 10000) in paragraph at lines 319--320

 []


Underfull \hbox (badness 10000) in paragraph at lines 319--320

 []


Underfull \hbox (badness 10000) in paragraph at lines 319--320

 []


Underfull \hbox (badness 10000) in paragraph at lines 319--320

 []


Underfull \hbox (badness 10000) in paragraph at lines 319--320

 []


Underfull \hbox (badness 10000) in paragraph at lines 319--320

 []

File: Book05/fig02g.eps Graphic file (type eps)
<Book05/fig02g.eps>

Overfull \hbox (14.47337pt too wide) in paragraph at lines 327--327
[]\TU/GFSPorson(0)/m/n/10 Ἐὰν >άρα πρῶτον δευτέρου ἰσάκιξ >ῆ| πολλαπλάσιον
 []

File: Book05/fig02e.eps Graphic file (type eps)
<Book05/fig02e.eps>

Overfull \vbox (14.65388pt too high) detected at line 366
 []


Overfull \vbox (160.01122pt too high) detected at line 366
 []


Overfull \vbox (159.00746pt too high) detected at line 366
 []




Package fancyhdr Warning: \headheight is too small (0.0pt): 
(fancyhdr)                Make it at least 14.0pt, for example:
(fancyhdr)                \setlength{\headheight}{14.0pt}.
(fancyhdr)                You might also make \topmargin smaller:
(fancyhdr)                \addtolength{\topmargin}{-14.0pt}.

[204]
Overfull \hbox (5.80165pt too wide) in paragraph at lines 383--384
\TU/GFSPorson(0)/m/n/10 καὶ τρίτον τετάρτου, ληφθῆ| δὲ ἰσάκιξ πολλαπλάσια
 []


Overfull \hbox (41.30617pt too wide) in paragraph at lines 383--384
\TU/GFSPorson(0)/m/n/10 ληφθέντων ἑκάτερον ἑκατέρου ἰσάκιξ >έσται πολλαπλάσιον
 []


Underfull \hbox (badness 10000) in paragraph at lines 404--405

 []


Underfull \hbox (badness 10000) in paragraph at lines 404--405

 []


Underfull \hbox (badness 10000) in paragraph at lines 404--405

 []


Underfull \hbox (badness 10000) in paragraph at lines 404--405

 []


Underfull \hbox (badness 10000) in paragraph at lines 404--405

 []


Underfull \hbox (badness 10000) in paragraph at lines 404--405

 []

File: Book05/fig03g.eps Graphic file (type eps)
<Book05/fig03g.eps>

Overfull \hbox (14.47337pt too wide) in paragraph at lines 412--412
[]\TU/GFSPorson(0)/m/n/10 Ἐὰν >άρα πρῶτον δευτέρου ἰσάκιξ >ῆ| πολλαπλάσιον
 []

File: Book05/fig03e.eps Graphic file (type eps)
<Book05/fig03e.eps>

Overfull \vbox (14.65388pt too high) detected at line 448
 []


Overfull \vbox (229.26997pt too high) detected at line 448
 []


Overfull \vbox (230.27371pt too high) detected at line 448
 []




Package fancyhdr Warning: \headheight is too small (0.0pt): 
(fancyhdr)                Make it at least 14.0pt, for example:
(fancyhdr)                \setlength{\headheight}{14.0pt}.
(fancyhdr)                You might also make \topmargin smaller:
(fancyhdr)                \addtolength{\topmargin}{-14.0pt}.

[205]


Package fancyhdr Warning: \headheight is too small (0.0pt): 
(fancyhdr)                Make it at least 14.0pt, for example:
(fancyhdr)                \setlength{\headheight}{14.0pt}.
(fancyhdr)                You might also make \topmargin smaller:
(fancyhdr)                \addtolength{\topmargin}{-14.0pt}.

[206]
Missing character: There is no K (U+004B) in font GFSPorson-Regular/OT:script=g
rek;language=dflt;mapping=tex-text;!
Missing character: There is no a (U+0061) in font GFSPorson-Regular/OT:script=g
rek;language=dflt;mapping=tex-text;!
Missing character: There is no i (U+0069) in font GFSPorson-Regular/OT:script=g
rek;language=dflt;mapping=tex-text;!
Missing character: There is no e (U+0065) in font GFSPorson-Regular/OT:script=g
rek;language=dflt;mapping=tex-text;!
Missing character: There is no p (U+0070) in font GFSPorson-Regular/OT:script=g
rek;language=dflt;mapping=tex-text;!
Missing character: There is no e (U+0065) in font GFSPorson-Regular/OT:script=g
rek;language=dflt;mapping=tex-text;!
Missing character: There is no i (U+0069) in font GFSPorson-Regular/OT:script=g
rek;language=dflt;mapping=tex-text;!
Missing character: There is no i (U+0069) in font GFSPorson-Regular/OT:script=g
rek;language=dflt;mapping=tex-text;!
Missing character: There is no s (U+0073) in font GFSPorson-Regular/OT:script=g
rek;language=dflt;mapping=tex-text;!
Missing character: There is no a (U+0061) in font GFSPorson-Regular/OT:script=g
rek;language=dflt;mapping=tex-text;!
Missing character: There is no k (U+006B) in font GFSPorson-Regular/OT:script=g
rek;language=dflt;mapping=tex-text;!
Missing character: There is no i (U+0069) in font GFSPorson-Regular/OT:script=g
rek;language=dflt;mapping=tex-text;!
Missing character: There is no c (U+0063) in font GFSPorson-Regular/OT:script=g
rek;language=dflt;mapping=tex-text;!
Missing character: There is no e (U+0065) in font GFSPorson-Regular/OT:script=g
rek;language=dflt;mapping=tex-text;!
Missing character: There is no s (U+0073) in font GFSPorson-Regular/OT:script=g
rek;language=dflt;mapping=tex-text;!
Missing character: There is no t (U+0074) in font GFSPorson-Regular/OT:script=g
rek;language=dflt;mapping=tex-text;!
Missing character: There is no i (U+0069) in font GFSPorson-Regular/OT:script=g
rek;language=dflt;mapping=tex-text;!
Missing character: There is no p (U+0070) in font GFSPorson-Regular/OT:script=g
rek;language=dflt;mapping=tex-text;!
Missing character: There is no o (U+006F) in font GFSPorson-Regular/OT:script=g
rek;language=dflt;mapping=tex-text;!
Missing character: There is no l (U+006C) in font GFSPorson-Regular/OT:script=g
rek;language=dflt;mapping=tex-text;!
Missing character: There is no l (U+006C) in font GFSPorson-Regular/OT:script=g
rek;language=dflt;mapping=tex-text;!
Missing character: There is no a (U+0061) in font GFSPorson-Regular/OT:script=g
rek;language=dflt;mapping=tex-text;!
Missing character: There is no p (U+0070) in font GFSPorson-Regular/OT:script=g
rek;language=dflt;mapping=tex-text;!
Missing character: There is no l (U+006C) in font GFSPorson-Regular/OT:script=g
rek;language=dflt;mapping=tex-text;!
Missing character: There is no a (U+0061) in font GFSPorson-Regular/OT:script=g
rek;language=dflt;mapping=tex-text;!
Missing character: There is no s (U+0073) in font GFSPorson-Regular/OT:script=g
rek;language=dflt;mapping=tex-text;!
Missing character: There is no i (U+0069) in font GFSPorson-Regular/OT:script=g
rek;language=dflt;mapping=tex-text;!
Missing character: There is no o (U+006F) in font GFSPorson-Regular/OT:script=g
rek;language=dflt;mapping=tex-text;!
Missing character: There is no n (U+006E) in font GFSPorson-Regular/OT:script=g
rek;language=dflt;mapping=tex-text;!
Missing character: There is no t (U+0074) in font GFSPorson-Regular/OT:script=g
rek;language=dflt;mapping=tex-text;!
Missing character: There is no o (U+006F) in font GFSPorson-Regular/OT:script=g
rek;language=dflt;mapping=tex-text;!
Missing character: There is no m (U+006D) in font GFSPorson-Regular/OT:script=g
rek;language=dflt;mapping=tex-text;!
Missing character: There is no e (U+0065) in font GFSPorson-Regular/OT:script=g
rek;language=dflt;mapping=tex-text;!
Missing character: There is no n (U+006E) in font GFSPorson-Regular/OT:script=g
rek;language=dflt;mapping=tex-text;!
Missing character: There is no E (U+0045) in font GFSPorson-Regular/OT:script=g
rek;language=dflt;mapping=tex-text;!
Missing character: There is no t (U+0074) in font GFSPorson-Regular/OT:script=g
rek;language=dflt;mapping=tex-text;!
Missing character: There is no o (U+006F) in font GFSPorson-Regular/OT:script=g
rek;language=dflt;mapping=tex-text;!
Missing character: There is no u (U+0075) in font GFSPorson-Regular/OT:script=g
rek;language=dflt;mapping=tex-text;!
Missing character: There is no A (U+0041) in font GFSPorson-Regular/OT:script=g
rek;language=dflt;mapping=tex-text;!
Missing character: There is no t (U+0074) in font GFSPorson-Regular/OT:script=g
rek;language=dflt;mapping=tex-text;!
Missing character: There is no o (U+006F) in font GFSPorson-Regular/OT:script=g
rek;language=dflt;mapping=tex-text;!
Missing character: There is no d (U+0064) in font GFSPorson-Regular/OT:script=g
rek;language=dflt;mapping=tex-text;!
Missing character: There is no e (U+0065) in font GFSPorson-Regular/OT:script=g
rek;language=dflt;mapping=tex-text;!
Missing character: There is no Z (U+005A) in font GFSPorson-Regular/OT:script=g
rek;language=dflt;mapping=tex-text;!
Missing character: There is no t (U+0074) in font GFSPorson-Regular/OT:script=g
rek;language=dflt;mapping=tex-text;!
Missing character: There is no o (U+006F) in font GFSPorson-Regular/OT:script=g
rek;language=dflt;mapping=tex-text;!
Missing character: There is no u (U+0075) in font GFSPorson-Regular/OT:script=g
rek;language=dflt;mapping=tex-text;!
Missing character: There is no G (U+0047) in font GFSPorson-Regular/OT:script=g
rek;language=dflt;mapping=tex-text;!
Missing character: There is no k (U+006B) in font GFSPorson-Regular/OT:script=g
rek;language=dflt;mapping=tex-text;!
Missing character: There is no a (U+0061) in font GFSPorson-Regular/OT:script=g
rek;language=dflt;mapping=tex-text;!
Missing character: There is no i (U+0069) in font GFSPorson-Regular/OT:script=g
rek;language=dflt;mapping=tex-text;!
Missing character: There is no e (U+0065) in font GFSPorson-Regular/OT:script=g
rek;language=dflt;mapping=tex-text;!
Missing character: There is no i (U+0069) in font GFSPorson-Regular/OT:script=g
rek;language=dflt;mapping=tex-text;!
Missing character: There is no l (U+006C) in font GFSPorson-Regular/OT:script=g
rek;language=dflt;mapping=tex-text;!
Missing character: There is no h (U+0068) in font GFSPorson-Regular/OT:script=g
rek;language=dflt;mapping=tex-text;!
Missing character: There is no p (U+0070) in font GFSPorson-Regular/OT:script=g
rek;language=dflt;mapping=tex-text;!
Missing character: There is no t (U+0074) in font GFSPorson-Regular/OT:script=g
rek;language=dflt;mapping=tex-text;!
Missing character: There is no a (U+0061) in font GFSPorson-Regular/OT:script=g
rek;language=dflt;mapping=tex-text;!
Missing character: There is no i (U+0069) in font GFSPorson-Regular/OT:script=g
rek;language=dflt;mapping=tex-text;!
Missing character: There is no t (U+0074) in font GFSPorson-Regular/OT:script=g
rek;language=dflt;mapping=tex-text;!
Missing character: There is no w (U+0077) in font GFSPorson-Regular/OT:script=g
rek;language=dflt;mapping=tex-text;!
Missing character: There is no n (U+006E) in font GFSPorson-Regular/OT:script=g
rek;language=dflt;mapping=tex-text;!
Missing character: There is no E (U+0045) in font GFSPorson-Regular/OT:script=g
rek;language=dflt;mapping=tex-text;!
Missing character: There is no Z (U+005A) in font GFSPorson-Regular/OT:script=g
rek;language=dflt;mapping=tex-text;!
Missing character: There is no i (U+0069) in font GFSPorson-Regular/OT:script=g
rek;language=dflt;mapping=tex-text;!
Missing character: There is no s (U+0073) in font GFSPorson-Regular/OT:script=g
rek;language=dflt;mapping=tex-text;!
Missing character: There is no a (U+0061) in font GFSPorson-Regular/OT:script=g
rek;language=dflt;mapping=tex-text;!
Missing character: There is no k (U+006B) in font GFSPorson-Regular/OT:script=g
rek;language=dflt;mapping=tex-text;!
Missing character: There is no i (U+0069) in font GFSPorson-Regular/OT:script=g
rek;language=dflt;mapping=tex-text;!
Missing character: There is no c (U+0063) in font GFSPorson-Regular/OT:script=g
rek;language=dflt;mapping=tex-text;!
Missing character: There is no p (U+0070) in font GFSPorson-Regular/OT:script=g
rek;language=dflt;mapping=tex-text;!
Missing character: There is no o (U+006F) in font GFSPorson-Regular/OT:script=g
rek;language=dflt;mapping=tex-text;!
Missing character: There is no l (U+006C) in font GFSPorson-Regular/OT:script=g
rek;language=dflt;mapping=tex-text;!
Missing character: There is no l (U+006C) in font GFSPorson-Regular/OT:script=g
rek;language=dflt;mapping=tex-text;!
Missing character: There is no a (U+0061) in font GFSPorson-Regular/OT:script=g
rek;language=dflt;mapping=tex-text;!
Missing character: There is no p (U+0070) in font GFSPorson-Regular/OT:script=g
rek;language=dflt;mapping=tex-text;!
Missing character: There is no l (U+006C) in font GFSPorson-Regular/OT:script=g
rek;language=dflt;mapping=tex-text;!
Missing character: There is no a (U+0061) in font GFSPorson-Regular/OT:script=g
rek;language=dflt;mapping=tex-text;!
Missing character: There is no s (U+0073) in font GFSPorson-Regular/OT:script=g
rek;language=dflt;mapping=tex-text;!
Missing character: There is no i (U+0069) in font GFSPorson-Regular/OT:script=g
rek;language=dflt;mapping=tex-text;!
Missing character: There is no a (U+0061) in font GFSPorson-Regular/OT:script=g
rek;language=dflt;mapping=tex-text;!
Missing character: There is no t (U+0074) in font GFSPorson-Regular/OT:script=g
rek;language=dflt;mapping=tex-text;!
Missing character: There is no a (U+0061) in font GFSPorson-Regular/OT:script=g
rek;language=dflt;mapping=tex-text;!
Missing character: There is no K (U+004B) in font GFSPorson-Regular/OT:script=g
rek;language=dflt;mapping=tex-text;!
Missing character: There is no L (U+004C) in font GFSPorson-Regular/OT:script=g
rek;language=dflt;mapping=tex-text;!
Missing character: There is no i (U+0069) in font GFSPorson-Regular/OT:script=g
rek;language=dflt;mapping=tex-text;!
Missing character: There is no s (U+0073) in font GFSPorson-Regular/OT:script=g
rek;language=dflt;mapping=tex-text;!
Missing character: There is no a (U+0061) in font GFSPorson-Regular/OT:script=g
rek;language=dflt;mapping=tex-text;!
Missing character: There is no k (U+006B) in font GFSPorson-Regular/OT:script=g
rek;language=dflt;mapping=tex-text;!
Missing character: There is no i (U+0069) in font GFSPorson-Regular/OT:script=g
rek;language=dflt;mapping=tex-text;!
Missing character: There is no c (U+0063) in font GFSPorson-Regular/OT:script=g
rek;language=dflt;mapping=tex-text;!
Missing character: There is no a (U+0061) in font GFSPorson-Regular/OT:script=g
rek;language=dflt;mapping=tex-text;!
Missing character: There is no r (U+0072) in font GFSPorson-Regular/OT:script=g
rek;language=dflt;mapping=tex-text;!
Missing character: There is no a (U+0061) in font GFSPorson-Regular/OT:script=g
rek;language=dflt;mapping=tex-text;!
Missing character: There is no e (U+0065) in font GFSPorson-Regular/OT:script=g
rek;language=dflt;mapping=tex-text;!
Missing character: There is no s (U+0073) in font GFSPorson-Regular/OT:script=g
rek;language=dflt;mapping=tex-text;!
Missing character: There is no t (U+0074) in font GFSPorson-Regular/OT:script=g
rek;language=dflt;mapping=tex-text;!
Missing character: There is no i (U+0069) in font GFSPorson-Regular/OT:script=g
rek;language=dflt;mapping=tex-text;!
Missing character: There is no p (U+0070) in font GFSPorson-Regular/OT:script=g
rek;language=dflt;mapping=tex-text;!
Missing character: There is no o (U+006F) in font GFSPorson-Regular/OT:script=g
rek;language=dflt;mapping=tex-text;!
Missing character: There is no l (U+006C) in font GFSPorson-Regular/OT:script=g
rek;language=dflt;mapping=tex-text;!
Missing character: There is no l (U+006C) in font GFSPorson-Regular/OT:script=g
rek;language=dflt;mapping=tex-text;!
Missing character: There is no a (U+0061) in font GFSPorson-Regular/OT:script=g
rek;language=dflt;mapping=tex-text;!
Missing character: There is no p (U+0070) in font GFSPorson-Regular/OT:script=g
rek;language=dflt;mapping=tex-text;!
Missing character: There is no l (U+006C) in font GFSPorson-Regular/OT:script=g
rek;language=dflt;mapping=tex-text;!
Missing character: There is no a (U+0061) in font GFSPorson-Regular/OT:script=g
rek;language=dflt;mapping=tex-text;!
Missing character: There is no s (U+0073) in font GFSPorson-Regular/OT:script=g
rek;language=dflt;mapping=tex-text;!
Missing character: There is no i (U+0069) in font GFSPorson-Regular/OT:script=g
rek;language=dflt;mapping=tex-text;!
Missing character: There is no o (U+006F) in font GFSPorson-Regular/OT:script=g
rek;language=dflt;mapping=tex-text;!
Missing character: There is no n (U+006E) in font GFSPorson-Regular/OT:script=g
rek;language=dflt;mapping=tex-text;!
Missing character: There is no t (U+0074) in font GFSPorson-Regular/OT:script=g
rek;language=dflt;mapping=tex-text;!
Missing character: There is no o (U+006F) in font GFSPorson-Regular/OT:script=g
rek;language=dflt;mapping=tex-text;!
Missing character: There is no K (U+004B) in font GFSPorson-Regular/OT:script=g
rek;language=dflt;mapping=tex-text;!
Missing character: There is no t (U+0074) in font GFSPorson-Regular/OT:script=g
rek;language=dflt;mapping=tex-text;!
Missing character: There is no o (U+006F) in font GFSPorson-Regular/OT:script=g
rek;language=dflt;mapping=tex-text;!
Missing character: There is no u (U+0075) in font GFSPorson-Regular/OT:script=g
rek;language=dflt;mapping=tex-text;!
Missing character: There is no A (U+0041) in font GFSPorson-Regular/OT:script=g
rek;language=dflt;mapping=tex-text;!
Missing character: There is no k (U+006B) in font GFSPorson-Regular/OT:script=g
rek;language=dflt;mapping=tex-text;!
Missing character: There is no a (U+0061) in font GFSPorson-Regular/OT:script=g
rek;language=dflt;mapping=tex-text;!
Missing character: There is no i (U+0069) in font GFSPorson-Regular/OT:script=g
rek;language=dflt;mapping=tex-text;!
Missing character: There is no t (U+0074) in font GFSPorson-Regular/OT:script=g
rek;language=dflt;mapping=tex-text;!
Missing character: There is no o (U+006F) in font GFSPorson-Regular/OT:script=g
rek;language=dflt;mapping=tex-text;!
Missing character: There is no L (U+004C) in font GFSPorson-Regular/OT:script=g
rek;language=dflt;mapping=tex-text;!
Missing character: There is no t (U+0074) in font GFSPorson-Regular/OT:script=g
rek;language=dflt;mapping=tex-text;!
Missing character: There is no o (U+006F) in font GFSPorson-Regular/OT:script=g
rek;language=dflt;mapping=tex-text;!
Missing character: There is no u (U+0075) in font GFSPorson-Regular/OT:script=g
rek;language=dflt;mapping=tex-text;!
Missing character: There is no G (U+0047) in font GFSPorson-Regular/OT:script=g
rek;language=dflt;mapping=tex-text;!
Missing character: There is no d (U+0064) in font GFSPorson-Regular/OT:script=g
rek;language=dflt;mapping=tex-text;!
Missing character: There is no i (U+0069) in font GFSPorson-Regular/OT:script=g
rek;language=dflt;mapping=tex-text;!
Missing character: There is no a (U+0061) in font GFSPorson-Regular/OT:script=g
rek;language=dflt;mapping=tex-text;!
Missing character: There is no t (U+0074) in font GFSPorson-Regular/OT:script=g
rek;language=dflt;mapping=tex-text;!
Missing character: There is no a (U+0061) in font GFSPorson-Regular/OT:script=g
rek;language=dflt;mapping=tex-text;!
Missing character: There is no a (U+0061) in font GFSPorson-Regular/OT:script=g
rek;language=dflt;mapping=tex-text;!
Missing character: There is no u (U+0075) in font GFSPorson-Regular/OT:script=g
rek;language=dflt;mapping=tex-text;!
Missing character: There is no t (U+0074) in font GFSPorson-Regular/OT:script=g
rek;language=dflt;mapping=tex-text;!
Missing character: There is no a (U+0061) in font GFSPorson-Regular/OT:script=g
rek;language=dflt;mapping=tex-text;!
Missing character: There is no d (U+0064) in font GFSPorson-Regular/OT:script=g
rek;language=dflt;mapping=tex-text;!
Missing character: There is no h (U+0068) in font GFSPorson-Regular/OT:script=g
rek;language=dflt;mapping=tex-text;!
Missing character: There is no i (U+0069) in font GFSPorson-Regular/OT:script=g
rek;language=dflt;mapping=tex-text;!
Missing character: There is no s (U+0073) in font GFSPorson-Regular/OT:script=g
rek;language=dflt;mapping=tex-text;!
Missing character: There is no a (U+0061) in font GFSPorson-Regular/OT:script=g
rek;language=dflt;mapping=tex-text;!
Missing character: There is no k (U+006B) in font GFSPorson-Regular/OT:script=g
rek;language=dflt;mapping=tex-text;!
Missing character: There is no i (U+0069) in font GFSPorson-Regular/OT:script=g
rek;language=dflt;mapping=tex-text;!
Missing character: There is no c (U+0063) in font GFSPorson-Regular/OT:script=g
rek;language=dflt;mapping=tex-text;!
Missing character: There is no e (U+0065) in font GFSPorson-Regular/OT:script=g
rek;language=dflt;mapping=tex-text;!
Missing character: There is no s (U+0073) in font GFSPorson-Regular/OT:script=g
rek;language=dflt;mapping=tex-text;!
Missing character: There is no t (U+0074) in font GFSPorson-Regular/OT:script=g
rek;language=dflt;mapping=tex-text;!
Missing character: There is no i (U+0069) in font GFSPorson-Regular/OT:script=g
rek;language=dflt;mapping=tex-text;!
Missing character: There is no p (U+0070) in font GFSPorson-Regular/OT:script=g
rek;language=dflt;mapping=tex-text;!
Missing character: There is no o (U+006F) in font GFSPorson-Regular/OT:script=g
rek;language=dflt;mapping=tex-text;!
Missing character: There is no l (U+006C) in font GFSPorson-Regular/OT:script=g
rek;language=dflt;mapping=tex-text;!
Missing character: There is no l (U+006C) in font GFSPorson-Regular/OT:script=g
rek;language=dflt;mapping=tex-text;!
Missing character: There is no a (U+0061) in font GFSPorson-Regular/OT:script=g
rek;language=dflt;mapping=tex-text;!
Missing character: There is no p (U+0070) in font GFSPorson-Regular/OT:script=g
rek;language=dflt;mapping=tex-text;!
Missing character: There is no l (U+006C) in font GFSPorson-Regular/OT:script=g
rek;language=dflt;mapping=tex-text;!
Missing character: There is no a (U+0061) in font GFSPorson-Regular/OT:script=g
rek;language=dflt;mapping=tex-text;!
Missing character: There is no s (U+0073) in font GFSPorson-Regular/OT:script=g
rek;language=dflt;mapping=tex-text;!
Missing character: There is no i (U+0069) in font GFSPorson-Regular/OT:script=g
rek;language=dflt;mapping=tex-text;!
Missing character: There is no o (U+006F) in font GFSPorson-Regular/OT:script=g
rek;language=dflt;mapping=tex-text;!
Missing character: There is no n (U+006E) in font GFSPorson-Regular/OT:script=g
rek;language=dflt;mapping=tex-text;!
Missing character: There is no t (U+0074) in font GFSPorson-Regular/OT:script=g
rek;language=dflt;mapping=tex-text;!
Missing character: There is no o (U+006F) in font GFSPorson-Regular/OT:script=g
rek;language=dflt;mapping=tex-text;!
Missing character: There is no M (U+004D) in font GFSPorson-Regular/OT:script=g
rek;language=dflt;mapping=tex-text;!
Missing character: There is no t (U+0074) in font GFSPorson-Regular/OT:script=g
rek;language=dflt;mapping=tex-text;!
Missing character: There is no o (U+006F) in font GFSPorson-Regular/OT:script=g
rek;language=dflt;mapping=tex-text;!
Missing character: There is no u (U+0075) in font GFSPorson-Regular/OT:script=g
rek;language=dflt;mapping=tex-text;!
Missing character: There is no B (U+0042) in font GFSPorson-Regular/OT:script=g
rek;language=dflt;mapping=tex-text;!
Missing character: There is no k (U+006B) in font GFSPorson-Regular/OT:script=g
rek;language=dflt;mapping=tex-text;!
Missing character: There is no a (U+0061) in font GFSPorson-Regular/OT:script=g
rek;language=dflt;mapping=tex-text;!
Missing character: There is no i (U+0069) in font GFSPorson-Regular/OT:script=g
rek;language=dflt;mapping=tex-text;!
Missing character: There is no t (U+0074) in font GFSPorson-Regular/OT:script=g
rek;language=dflt;mapping=tex-text;!
Missing character: There is no o (U+006F) in font GFSPorson-Regular/OT:script=g
rek;language=dflt;mapping=tex-text;!
Missing character: There is no N (U+004E) in font GFSPorson-Regular/OT:script=g
rek;language=dflt;mapping=tex-text;!
Missing character: There is no t (U+0074) in font GFSPorson-Regular/OT:script=g
rek;language=dflt;mapping=tex-text;!
Missing character: There is no o (U+006F) in font GFSPorson-Regular/OT:script=g
rek;language=dflt;mapping=tex-text;!
Missing character: There is no u (U+0075) in font GFSPorson-Regular/OT:script=g
rek;language=dflt;mapping=tex-text;!
Missing character: There is no D (U+0044) in font GFSPorson-Regular/OT:script=g
rek;language=dflt;mapping=tex-text;!
Missing character: There is no k (U+006B) in font GFSPorson-Regular/OT:script=g
rek;language=dflt;mapping=tex-text;!
Missing character: There is no a (U+0061) in font GFSPorson-Regular/OT:script=g
rek;language=dflt;mapping=tex-text;!
Missing character: There is no i (U+0069) in font GFSPorson-Regular/OT:script=g
rek;language=dflt;mapping=tex-text;!
Missing character: There is no e (U+0065) in font GFSPorson-Regular/OT:script=g
rek;language=dflt;mapping=tex-text;!
Missing character: There is no p (U+0070) in font GFSPorson-Regular/OT:script=g
rek;language=dflt;mapping=tex-text;!
Missing character: There is no e (U+0065) in font GFSPorson-Regular/OT:script=g
rek;language=dflt;mapping=tex-text;!
Missing character: There is no i (U+0069) in font GFSPorson-Regular/OT:script=g
rek;language=dflt;mapping=tex-text;!
Missing character: There is no e (U+0065) in font GFSPorson-Regular/OT:script=g
rek;language=dflt;mapping=tex-text;!
Missing character: There is no s (U+0073) in font GFSPorson-Regular/OT:script=g
rek;language=dflt;mapping=tex-text;!
Missing character: There is no t (U+0074) in font GFSPorson-Regular/OT:script=g
rek;language=dflt;mapping=tex-text;!
Missing character: There is no i (U+0069) in font GFSPorson-Regular/OT:script=g
rek;language=dflt;mapping=tex-text;!
Missing character: There is no n (U+006E) in font GFSPorson-Regular/OT:script=g
rek;language=dflt;mapping=tex-text;!
Missing character: There is no w (U+0077) in font GFSPorson-Regular/OT:script=g
rek;language=dflt;mapping=tex-text;!
Missing character: There is no c (U+0063) in font GFSPorson-Regular/OT:script=g
rek;language=dflt;mapping=tex-text;!
Missing character: There is no t (U+0074) in font GFSPorson-Regular/OT:script=g
rek;language=dflt;mapping=tex-text;!
Missing character: There is no o (U+006F) in font GFSPorson-Regular/OT:script=g
rek;language=dflt;mapping=tex-text;!
Missing character: There is no A (U+0041) in font GFSPorson-Regular/OT:script=g
rek;language=dflt;mapping=tex-text;!
Missing character: There is no p (U+0070) in font GFSPorson-Regular/OT:script=g
rek;language=dflt;mapping=tex-text;!
Missing character: There is no r (U+0072) in font GFSPorson-Regular/OT:script=g
rek;language=dflt;mapping=tex-text;!
Missing character: There is no o (U+006F) in font GFSPorson-Regular/OT:script=g
rek;language=dflt;mapping=tex-text;!
Missing character: There is no c (U+0063) in font GFSPorson-Regular/OT:script=g
rek;language=dflt;mapping=tex-text;!
Missing character: There is no t (U+0074) in font GFSPorson-Regular/OT:script=g
rek;language=dflt;mapping=tex-text;!
Missing character: There is no o (U+006F) in font GFSPorson-Regular/OT:script=g
rek;language=dflt;mapping=tex-text;!
Missing character: There is no B (U+0042) in font GFSPorson-Regular/OT:script=g
rek;language=dflt;mapping=tex-text;!
Missing character: There is no o (U+006F) in font GFSPorson-Regular/OT:script=g
rek;language=dflt;mapping=tex-text;!
Missing character: There is no u (U+0075) in font GFSPorson-Regular/OT:script=g
rek;language=dflt;mapping=tex-text;!
Missing character: There is no t (U+0074) in font GFSPorson-Regular/OT:script=g
rek;language=dflt;mapping=tex-text;!
Missing character: There is no w (U+0077) in font GFSPorson-Regular/OT:script=g
rek;language=dflt;mapping=tex-text;!
Missing character: There is no c (U+0063) in font GFSPorson-Regular/OT:script=g
rek;language=dflt;mapping=tex-text;!
Missing character: There is no t (U+0074) in font GFSPorson-Regular/OT:script=g
rek;language=dflt;mapping=tex-text;!
Missing character: There is no o (U+006F) in font GFSPorson-Regular/OT:script=g
rek;language=dflt;mapping=tex-text;!
Missing character: There is no G (U+0047) in font GFSPorson-Regular/OT:script=g
rek;language=dflt;mapping=tex-text;!
Missing character: There is no p (U+0070) in font GFSPorson-Regular/OT:script=g
rek;language=dflt;mapping=tex-text;!
Missing character: There is no r (U+0072) in font GFSPorson-Regular/OT:script=g
rek;language=dflt;mapping=tex-text;!
Missing character: There is no o (U+006F) in font GFSPorson-Regular/OT:script=g
rek;language=dflt;mapping=tex-text;!
Missing character: There is no c (U+0063) in font GFSPorson-Regular/OT:script=g
rek;language=dflt;mapping=tex-text;!
Missing character: There is no t (U+0074) in font GFSPorson-Regular/OT:script=g
rek;language=dflt;mapping=tex-text;!
Missing character: There is no o (U+006F) in font GFSPorson-Regular/OT:script=g
rek;language=dflt;mapping=tex-text;!
Missing character: There is no D (U+0044) in font GFSPorson-Regular/OT:script=g
rek;language=dflt;mapping=tex-text;!
Missing character: There is no k (U+006B) in font GFSPorson-Regular/OT:script=g
rek;language=dflt;mapping=tex-text;!
Missing character: There is no a (U+0061) in font GFSPorson-Regular/OT:script=g
rek;language=dflt;mapping=tex-text;!
Missing character: There is no i (U+0069) in font GFSPorson-Regular/OT:script=g
rek;language=dflt;mapping=tex-text;!
Missing character: There is no e (U+0065) in font GFSPorson-Regular/OT:script=g
rek;language=dflt;mapping=tex-text;!
Missing character: There is no i (U+0069) in font GFSPorson-Regular/OT:script=g
rek;language=dflt;mapping=tex-text;!
Missing character: There is no l (U+006C) in font GFSPorson-Regular/OT:script=g
rek;language=dflt;mapping=tex-text;!
Missing character: There is no h (U+0068) in font GFSPorson-Regular/OT:script=g
rek;language=dflt;mapping=tex-text;!
Missing character: There is no p (U+0070) in font GFSPorson-Regular/OT:script=g
rek;language=dflt;mapping=tex-text;!
Missing character: There is no t (U+0074) in font GFSPorson-Regular/OT:script=g
rek;language=dflt;mapping=tex-text;!
Missing character: There is no a (U+0061) in font GFSPorson-Regular/OT:script=g
rek;language=dflt;mapping=tex-text;!
Missing character: There is no i (U+0069) in font GFSPorson-Regular/OT:script=g
rek;language=dflt;mapping=tex-text;!
Missing character: There is no t (U+0074) in font GFSPorson-Regular/OT:script=g
rek;language=dflt;mapping=tex-text;!
Missing character: There is no w (U+0077) in font GFSPorson-Regular/OT:script=g
rek;language=dflt;mapping=tex-text;!
Missing character: There is no n (U+006E) in font GFSPorson-Regular/OT:script=g
rek;language=dflt;mapping=tex-text;!
Missing character: There is no m (U+006D) in font GFSPorson-Regular/OT:script=g
rek;language=dflt;mapping=tex-text;!
Missing character: There is no e (U+0065) in font GFSPorson-Regular/OT:script=g
rek;language=dflt;mapping=tex-text;!
Missing character: There is no n (U+006E) in font GFSPorson-Regular/OT:script=g
rek;language=dflt;mapping=tex-text;!
Missing character: There is no A (U+0041) in font GFSPorson-Regular/OT:script=g
rek;language=dflt;mapping=tex-text;!
Missing character: There is no G (U+0047) in font GFSPorson-Regular/OT:script=g
rek;language=dflt;mapping=tex-text;!
Missing character: There is no i (U+0069) in font GFSPorson-Regular/OT:script=g
rek;language=dflt;mapping=tex-text;!
Missing character: There is no s (U+0073) in font GFSPorson-Regular/OT:script=g
rek;language=dflt;mapping=tex-text;!
Missing character: There is no a (U+0061) in font GFSPorson-Regular/OT:script=g
rek;language=dflt;mapping=tex-text;!
Missing character: There is no k (U+006B) in font GFSPorson-Regular/OT:script=g
rek;language=dflt;mapping=tex-text;!
Missing character: There is no i (U+0069) in font GFSPorson-Regular/OT:script=g
rek;language=dflt;mapping=tex-text;!
Missing character: There is no c (U+0063) in font GFSPorson-Regular/OT:script=g
rek;language=dflt;mapping=tex-text;!
Missing character: There is no p (U+0070) in font GFSPorson-Regular/OT:script=g
rek;language=dflt;mapping=tex-text;!
Missing character: There is no o (U+006F) in font GFSPorson-Regular/OT:script=g
rek;language=dflt;mapping=tex-text;!
Missing character: There is no l (U+006C) in font GFSPorson-Regular/OT:script=g
rek;language=dflt;mapping=tex-text;!
Missing character: There is no l (U+006C) in font GFSPorson-Regular/OT:script=g
rek;language=dflt;mapping=tex-text;!
Missing character: There is no a (U+0061) in font GFSPorson-Regular/OT:script=g
rek;language=dflt;mapping=tex-text;!
Missing character: There is no p (U+0070) in font GFSPorson-Regular/OT:script=g
rek;language=dflt;mapping=tex-text;!
Missing character: There is no l (U+006C) in font GFSPorson-Regular/OT:script=g
rek;language=dflt;mapping=tex-text;!
Missing character: There is no a (U+0061) in font GFSPorson-Regular/OT:script=g
rek;language=dflt;mapping=tex-text;!
Missing character: There is no s (U+0073) in font GFSPorson-Regular/OT:script=g
rek;language=dflt;mapping=tex-text;!
Missing character: There is no i (U+0069) in font GFSPorson-Regular/OT:script=g
rek;language=dflt;mapping=tex-text;!
Missing character: There is no a (U+0061) in font GFSPorson-Regular/OT:script=g
rek;language=dflt;mapping=tex-text;!
Missing character: There is no t (U+0074) in font GFSPorson-Regular/OT:script=g
rek;language=dflt;mapping=tex-text;!
Missing character: There is no a (U+0061) in font GFSPorson-Regular/OT:script=g
rek;language=dflt;mapping=tex-text;!
Missing character: There is no K (U+004B) in font GFSPorson-Regular/OT:script=g
rek;language=dflt;mapping=tex-text;!
Missing character: There is no L (U+004C) in font GFSPorson-Regular/OT:script=g
rek;language=dflt;mapping=tex-text;!
Missing character: There is no t (U+0074) in font GFSPorson-Regular/OT:script=g
rek;language=dflt;mapping=tex-text;!
Missing character: There is no w (U+0077) in font GFSPorson-Regular/OT:script=g
rek;language=dflt;mapping=tex-text;!
Missing character: There is no n (U+006E) in font GFSPorson-Regular/OT:script=g
rek;language=dflt;mapping=tex-text;!
Missing character: There is no d (U+0064) in font GFSPorson-Regular/OT:script=g
rek;language=dflt;mapping=tex-text;!
Missing character: There is no e (U+0065) in font GFSPorson-Regular/OT:script=g
rek;language=dflt;mapping=tex-text;!
Missing character: There is no B (U+0042) in font GFSPorson-Regular/OT:script=g
rek;language=dflt;mapping=tex-text;!
Missing character: There is no D (U+0044) in font GFSPorson-Regular/OT:script=g
rek;language=dflt;mapping=tex-text;!
Missing character: There is no a (U+0061) in font GFSPorson-Regular/OT:script=g
rek;language=dflt;mapping=tex-text;!
Missing character: There is no l (U+006C) in font GFSPorson-Regular/OT:script=g
rek;language=dflt;mapping=tex-text;!
Missing character: There is no l (U+006C) in font GFSPorson-Regular/OT:script=g
rek;language=dflt;mapping=tex-text;!
Missing character: There is no a (U+0061) in font GFSPorson-Regular/OT:script=g
rek;language=dflt;mapping=tex-text;!
Missing character: There is no a (U+0061) in font GFSPorson-Regular/OT:script=g
rek;language=dflt;mapping=tex-text;!
Missing character: There is no e (U+0065) in font GFSPorson-Regular/OT:script=g
rek;language=dflt;mapping=tex-text;!
Missing character: There is no t (U+0074) in font GFSPorson-Regular/OT:script=g
rek;language=dflt;mapping=tex-text;!
Missing character: There is no u (U+0075) in font GFSPorson-Regular/OT:script=g
rek;language=dflt;mapping=tex-text;!
Missing character: There is no q (U+0071) in font GFSPorson-Regular/OT:script=g
rek;language=dflt;mapping=tex-text;!
Missing character: There is no e (U+0065) in font GFSPorson-Regular/OT:script=g
rek;language=dflt;mapping=tex-text;!
Missing character: There is no n (U+006E) in font GFSPorson-Regular/OT:script=g
rek;language=dflt;mapping=tex-text;!
Missing character: There is no i (U+0069) in font GFSPorson-Regular/OT:script=g
rek;language=dflt;mapping=tex-text;!
Missing character: There is no s (U+0073) in font GFSPorson-Regular/OT:script=g
rek;language=dflt;mapping=tex-text;!
Missing character: There is no a (U+0061) in font GFSPorson-Regular/OT:script=g
rek;language=dflt;mapping=tex-text;!
Missing character: There is no k (U+006B) in font GFSPorson-Regular/OT:script=g
rek;language=dflt;mapping=tex-text;!
Missing character: There is no i (U+0069) in font GFSPorson-Regular/OT:script=g
rek;language=dflt;mapping=tex-text;!
Missing character: There is no c (U+0063) in font GFSPorson-Regular/OT:script=g
rek;language=dflt;mapping=tex-text;!
Missing character: There is no p (U+0070) in font GFSPorson-Regular/OT:script=g
rek;language=dflt;mapping=tex-text;!
Missing character: There is no o (U+006F) in font GFSPorson-Regular/OT:script=g
rek;language=dflt;mapping=tex-text;!
Missing character: There is no l (U+006C) in font GFSPorson-Regular/OT:script=g
rek;language=dflt;mapping=tex-text;!
Missing character: There is no l (U+006C) in font GFSPorson-Regular/OT:script=g
rek;language=dflt;mapping=tex-text;!
Missing character: There is no a (U+0061) in font GFSPorson-Regular/OT:script=g
rek;language=dflt;mapping=tex-text;!
Missing character: There is no p (U+0070) in font GFSPorson-Regular/OT:script=g
rek;language=dflt;mapping=tex-text;!
Missing character: There is no l (U+006C) in font GFSPorson-Regular/OT:script=g
rek;language=dflt;mapping=tex-text;!
Missing character: There is no a (U+0061) in font GFSPorson-Regular/OT:script=g
rek;language=dflt;mapping=tex-text;!
Missing character: There is no s (U+0073) in font GFSPorson-Regular/OT:script=g
rek;language=dflt;mapping=tex-text;!
Missing character: There is no i (U+0069) in font GFSPorson-Regular/OT:script=g
rek;language=dflt;mapping=tex-text;!
Missing character: There is no a (U+0061) in font GFSPorson-Regular/OT:script=g
rek;language=dflt;mapping=tex-text;!
Missing character: There is no t (U+0074) in font GFSPorson-Regular/OT:script=g
rek;language=dflt;mapping=tex-text;!
Missing character: There is no a (U+0061) in font GFSPorson-Regular/OT:script=g
rek;language=dflt;mapping=tex-text;!
Missing character: There is no M (U+004D) in font GFSPorson-Regular/OT:script=g
rek;language=dflt;mapping=tex-text;!
Missing character: There is no N (U+004E) in font GFSPorson-Regular/OT:script=g
rek;language=dflt;mapping=tex-text;!
Missing character: There is no e (U+0065) in font GFSPorson-Regular/OT:script=g
rek;language=dflt;mapping=tex-text;!
Missing character: There is no i (U+0069) in font GFSPorson-Regular/OT:script=g
rek;language=dflt;mapping=tex-text;!
Missing character: There is no a (U+0061) in font GFSPorson-Regular/OT:script=g
rek;language=dflt;mapping=tex-text;!
Missing character: There is no r (U+0072) in font GFSPorson-Regular/OT:script=g
rek;language=dflt;mapping=tex-text;!
Missing character: There is no a (U+0061) in font GFSPorson-Regular/OT:script=g
rek;language=dflt;mapping=tex-text;!
Missing character: There is no u (U+0075) in font GFSPorson-Regular/OT:script=g
rek;language=dflt;mapping=tex-text;!
Missing character: There is no p (U+0070) in font GFSPorson-Regular/OT:script=g
rek;language=dflt;mapping=tex-text;!
Missing character: There is no e (U+0065) in font GFSPorson-Regular/OT:script=g
rek;language=dflt;mapping=tex-text;!
Missing character: There is no r (U+0072) in font GFSPorson-Regular/OT:script=g
rek;language=dflt;mapping=tex-text;!
Missing character: There is no e (U+0065) in font GFSPorson-Regular/OT:script=g
rek;language=dflt;mapping=tex-text;!
Missing character: There is no q (U+0071) in font GFSPorson-Regular/OT:script=g
rek;language=dflt;mapping=tex-text;!
Missing character: There is no e (U+0065) in font GFSPorson-Regular/OT:script=g
rek;language=dflt;mapping=tex-text;!
Missing character: There is no i (U+0069) in font GFSPorson-Regular/OT:script=g
rek;language=dflt;mapping=tex-text;!
Missing character: There is no t (U+0074) in font GFSPorson-Regular/OT:script=g
rek;language=dflt;mapping=tex-text;!
Missing character: There is no o (U+006F) in font GFSPorson-Regular/OT:script=g
rek;language=dflt;mapping=tex-text;!
Missing character: There is no K (U+004B) in font GFSPorson-Regular/OT:script=g
rek;language=dflt;mapping=tex-text;!
Missing character: There is no t (U+0074) in font GFSPorson-Regular/OT:script=g
rek;language=dflt;mapping=tex-text;!
Missing character: There is no o (U+006F) in font GFSPorson-Regular/OT:script=g
rek;language=dflt;mapping=tex-text;!
Missing character: There is no u (U+0075) in font GFSPorson-Regular/OT:script=g
rek;language=dflt;mapping=tex-text;!
Missing character: There is no M (U+004D) in font GFSPorson-Regular/OT:script=g
rek;language=dflt;mapping=tex-text;!
Missing character: There is no u (U+0075) in font GFSPorson-Regular/OT:script=g
rek;language=dflt;mapping=tex-text;!
Missing character: There is no p (U+0070) in font GFSPorson-Regular/OT:script=g
rek;language=dflt;mapping=tex-text;!
Missing character: There is no e (U+0065) in font GFSPorson-Regular/OT:script=g
rek;language=dflt;mapping=tex-text;!
Missing character: There is no r (U+0072) in font GFSPorson-Regular/OT:script=g
rek;language=dflt;mapping=tex-text;!
Missing character: There is no e (U+0065) in font GFSPorson-Regular/OT:script=g
rek;language=dflt;mapping=tex-text;!
Missing character: There is no q (U+0071) in font GFSPorson-Regular/OT:script=g
rek;language=dflt;mapping=tex-text;!
Missing character: There is no e (U+0065) in font GFSPorson-Regular/OT:script=g
rek;language=dflt;mapping=tex-text;!
Missing character: There is no i (U+0069) in font GFSPorson-Regular/OT:script=g
rek;language=dflt;mapping=tex-text;!
Missing character: There is no k (U+006B) in font GFSPorson-Regular/OT:script=g
rek;language=dflt;mapping=tex-text;!
Missing character: There is no a (U+0061) in font GFSPorson-Regular/OT:script=g
rek;language=dflt;mapping=tex-text;!
Missing character: There is no i (U+0069) in font GFSPorson-Regular/OT:script=g
rek;language=dflt;mapping=tex-text;!
Missing character: There is no t (U+0074) in font GFSPorson-Regular/OT:script=g
rek;language=dflt;mapping=tex-text;!
Missing character: There is no o (U+006F) in font GFSPorson-Regular/OT:script=g
rek;language=dflt;mapping=tex-text;!
Missing character: There is no L (U+004C) in font GFSPorson-Regular/OT:script=g
rek;language=dflt;mapping=tex-text;!
Missing character: There is no t (U+0074) in font GFSPorson-Regular/OT:script=g
rek;language=dflt;mapping=tex-text;!
Missing character: There is no o (U+006F) in font GFSPorson-Regular/OT:script=g
rek;language=dflt;mapping=tex-text;!
Missing character: There is no u (U+0075) in font GFSPorson-Regular/OT:script=g
rek;language=dflt;mapping=tex-text;!
Missing character: There is no N (U+004E) in font GFSPorson-Regular/OT:script=g
rek;language=dflt;mapping=tex-text;!
Missing character: There is no k (U+006B) in font GFSPorson-Regular/OT:script=g
rek;language=dflt;mapping=tex-text;!
Missing character: There is no a (U+0061) in font GFSPorson-Regular/OT:script=g
rek;language=dflt;mapping=tex-text;!
Missing character: There is no i (U+0069) in font GFSPorson-Regular/OT:script=g
rek;language=dflt;mapping=tex-text;!
Missing character: There is no e (U+0065) in font GFSPorson-Regular/OT:script=g
rek;language=dflt;mapping=tex-text;!
Missing character: There is no i (U+0069) in font GFSPorson-Regular/OT:script=g
rek;language=dflt;mapping=tex-text;!
Missing character: There is no i (U+0069) in font GFSPorson-Regular/OT:script=g
rek;language=dflt;mapping=tex-text;!
Missing character: There is no s (U+0073) in font GFSPorson-Regular/OT:script=g
rek;language=dflt;mapping=tex-text;!
Missing character: There is no o (U+006F) in font GFSPorson-Regular/OT:script=g
rek;language=dflt;mapping=tex-text;!
Missing character: There is no n (U+006E) in font GFSPorson-Regular/OT:script=g
rek;language=dflt;mapping=tex-text;!
Missing character: There is no i (U+0069) in font GFSPorson-Regular/OT:script=g
rek;language=dflt;mapping=tex-text;!
Missing character: There is no s (U+0073) in font GFSPorson-Regular/OT:script=g
rek;language=dflt;mapping=tex-text;!
Missing character: There is no o (U+006F) in font GFSPorson-Regular/OT:script=g
rek;language=dflt;mapping=tex-text;!
Missing character: There is no n (U+006E) in font GFSPorson-Regular/OT:script=g
rek;language=dflt;mapping=tex-text;!
Missing character: There is no k (U+006B) in font GFSPorson-Regular/OT:script=g
rek;language=dflt;mapping=tex-text;!
Missing character: There is no a (U+0061) in font GFSPorson-Regular/OT:script=g
rek;language=dflt;mapping=tex-text;!
Missing character: There is no i (U+0069) in font GFSPorson-Regular/OT:script=g
rek;language=dflt;mapping=tex-text;!
Missing character: There is no e (U+0065) in font GFSPorson-Regular/OT:script=g
rek;language=dflt;mapping=tex-text;!
Missing character: There is no i (U+0069) in font GFSPorson-Regular/OT:script=g
rek;language=dflt;mapping=tex-text;!
Missing character: There is no e (U+0065) in font GFSPorson-Regular/OT:script=g
rek;language=dflt;mapping=tex-text;!
Missing character: There is no l (U+006C) in font GFSPorson-Regular/OT:script=g
rek;language=dflt;mapping=tex-text;!
Missing character: There is no a (U+0061) in font GFSPorson-Regular/OT:script=g
rek;language=dflt;mapping=tex-text;!
Missing character: There is no t (U+0074) in font GFSPorson-Regular/OT:script=g
rek;language=dflt;mapping=tex-text;!
Missing character: There is no t (U+0074) in font GFSPorson-Regular/OT:script=g
rek;language=dflt;mapping=tex-text;!
Missing character: There is no o (U+006F) in font GFSPorson-Regular/OT:script=g
rek;language=dflt;mapping=tex-text;!
Missing character: There is no n (U+006E) in font GFSPorson-Regular/OT:script=g
rek;language=dflt;mapping=tex-text;!
Missing character: There is no e (U+0065) in font GFSPorson-Regular/OT:script=g
rek;language=dflt;mapping=tex-text;!
Missing character: There is no l (U+006C) in font GFSPorson-Regular/OT:script=g
rek;language=dflt;mapping=tex-text;!
Missing character: There is no a (U+0061) in font GFSPorson-Regular/OT:script=g
rek;language=dflt;mapping=tex-text;!
Missing character: There is no t (U+0074) in font GFSPorson-Regular/OT:script=g
rek;language=dflt;mapping=tex-text;!
Missing character: There is no t (U+0074) in font GFSPorson-Regular/OT:script=g
rek;language=dflt;mapping=tex-text;!
Missing character: There is no o (U+006F) in font GFSPorson-Regular/OT:script=g
rek;language=dflt;mapping=tex-text;!
Missing character: There is no n (U+006E) in font GFSPorson-Regular/OT:script=g
rek;language=dflt;mapping=tex-text;!
Missing character: There is no k (U+006B) in font GFSPorson-Regular/OT:script=g
rek;language=dflt;mapping=tex-text;!
Missing character: There is no a (U+0061) in font GFSPorson-Regular/OT:script=g
rek;language=dflt;mapping=tex-text;!
Missing character: There is no i (U+0069) in font GFSPorson-Regular/OT:script=g
rek;language=dflt;mapping=tex-text;!
Missing character: There is no e (U+0065) in font GFSPorson-Regular/OT:script=g
rek;language=dflt;mapping=tex-text;!
Missing character: There is no s (U+0073) in font GFSPorson-Regular/OT:script=g
rek;language=dflt;mapping=tex-text;!
Missing character: There is no t (U+0074) in font GFSPorson-Regular/OT:script=g
rek;language=dflt;mapping=tex-text;!
Missing character: There is no i (U+0069) in font GFSPorson-Regular/OT:script=g
rek;language=dflt;mapping=tex-text;!
Missing character: There is no t (U+0074) in font GFSPorson-Regular/OT:script=g
rek;language=dflt;mapping=tex-text;!
Missing character: There is no a (U+0061) in font GFSPorson-Regular/OT:script=g
rek;language=dflt;mapping=tex-text;!
Missing character: There is no m (U+006D) in font GFSPorson-Regular/OT:script=g
rek;language=dflt;mapping=tex-text;!
Missing character: There is no e (U+0065) in font GFSPorson-Regular/OT:script=g
rek;language=dflt;mapping=tex-text;!
Missing character: There is no n (U+006E) in font GFSPorson-Regular/OT:script=g
rek;language=dflt;mapping=tex-text;!
Missing character: There is no K (U+004B) in font GFSPorson-Regular/OT:script=g
rek;language=dflt;mapping=tex-text;!
Missing character: There is no L (U+004C) in font GFSPorson-Regular/OT:script=g
rek;language=dflt;mapping=tex-text;!
Missing character: There is no t (U+0074) in font GFSPorson-Regular/OT:script=g
rek;language=dflt;mapping=tex-text;!
Missing character: There is no w (U+0077) in font GFSPorson-Regular/OT:script=g
rek;language=dflt;mapping=tex-text;!
Missing character: There is no n (U+006E) in font GFSPorson-Regular/OT:script=g
rek;language=dflt;mapping=tex-text;!
Missing character: There is no E (U+0045) in font GFSPorson-Regular/OT:script=g
rek;language=dflt;mapping=tex-text;!
Missing character: There is no Z (U+005A) in font GFSPorson-Regular/OT:script=g
rek;language=dflt;mapping=tex-text;!
Missing character: There is no i (U+0069) in font GFSPorson-Regular/OT:script=g
rek;language=dflt;mapping=tex-text;!
Missing character: There is no s (U+0073) in font GFSPorson-Regular/OT:script=g
rek;language=dflt;mapping=tex-text;!
Missing character: There is no a (U+0061) in font GFSPorson-Regular/OT:script=g
rek;language=dflt;mapping=tex-text;!
Missing character: There is no k (U+006B) in font GFSPorson-Regular/OT:script=g
rek;language=dflt;mapping=tex-text;!
Missing character: There is no i (U+0069) in font GFSPorson-Regular/OT:script=g
rek;language=dflt;mapping=tex-text;!
Missing character: There is no c (U+0063) in font GFSPorson-Regular/OT:script=g
rek;language=dflt;mapping=tex-text;!
Missing character: There is no p (U+0070) in font GFSPorson-Regular/OT:script=g
rek;language=dflt;mapping=tex-text;!
Missing character: There is no o (U+006F) in font GFSPorson-Regular/OT:script=g
rek;language=dflt;mapping=tex-text;!
Missing character: There is no l (U+006C) in font GFSPorson-Regular/OT:script=g
rek;language=dflt;mapping=tex-text;!
Missing character: There is no l (U+006C) in font GFSPorson-Regular/OT:script=g
rek;language=dflt;mapping=tex-text;!
Missing character: There is no a (U+0061) in font GFSPorson-Regular/OT:script=g
rek;language=dflt;mapping=tex-text;!
Missing character: There is no p (U+0070) in font GFSPorson-Regular/OT:script=g
rek;language=dflt;mapping=tex-text;!
Missing character: There is no l (U+006C) in font GFSPorson-Regular/OT:script=g
rek;language=dflt;mapping=tex-text;!
Missing character: There is no a (U+0061) in font GFSPorson-Regular/OT:script=g
rek;language=dflt;mapping=tex-text;!
Missing character: There is no s (U+0073) in font GFSPorson-Regular/OT:script=g
rek;language=dflt;mapping=tex-text;!
Missing character: There is no i (U+0069) in font GFSPorson-Regular/OT:script=g
rek;language=dflt;mapping=tex-text;!
Missing character: There is no a (U+0061) in font GFSPorson-Regular/OT:script=g
rek;language=dflt;mapping=tex-text;!
Missing character: There is no t (U+0074) in font GFSPorson-Regular/OT:script=g
rek;language=dflt;mapping=tex-text;!
Missing character: There is no a (U+0061) in font GFSPorson-Regular/OT:script=g
rek;language=dflt;mapping=tex-text;!
Missing character: There is no d (U+0064) in font GFSPorson-Regular/OT:script=g
rek;language=dflt;mapping=tex-text;!
Missing character: There is no e (U+0065) in font GFSPorson-Regular/OT:script=g
rek;language=dflt;mapping=tex-text;!
Missing character: There is no M (U+004D) in font GFSPorson-Regular/OT:script=g
rek;language=dflt;mapping=tex-text;!
Missing character: There is no N (U+004E) in font GFSPorson-Regular/OT:script=g
rek;language=dflt;mapping=tex-text;!
Missing character: There is no t (U+0074) in font GFSPorson-Regular/OT:script=g
rek;language=dflt;mapping=tex-text;!
Missing character: There is no w (U+0077) in font GFSPorson-Regular/OT:script=g
rek;language=dflt;mapping=tex-text;!
Missing character: There is no n (U+006E) in font GFSPorson-Regular/OT:script=g
rek;language=dflt;mapping=tex-text;!
Missing character: There is no H (U+0048) in font GFSPorson-Regular/OT:script=g
rek;language=dflt;mapping=tex-text;!
Missing character: There is no J (U+004A) in font GFSPorson-Regular/OT:script=g
rek;language=dflt;mapping=tex-text;!
Missing character: There is no a (U+0061) in font GFSPorson-Regular/OT:script=g
rek;language=dflt;mapping=tex-text;!
Missing character: There is no l (U+006C) in font GFSPorson-Regular/OT:script=g
rek;language=dflt;mapping=tex-text;!
Missing character: There is no l (U+006C) in font GFSPorson-Regular/OT:script=g
rek;language=dflt;mapping=tex-text;!
Missing character: There is no a (U+0061) in font GFSPorson-Regular/OT:script=g
rek;language=dflt;mapping=tex-text;!
Missing character: There is no a (U+0061) in font GFSPorson-Regular/OT:script=g
rek;language=dflt;mapping=tex-text;!
Missing character: There is no e (U+0065) in font GFSPorson-Regular/OT:script=g
rek;language=dflt;mapping=tex-text;!
Missing character: There is no t (U+0074) in font GFSPorson-Regular/OT:script=g
rek;language=dflt;mapping=tex-text;!
Missing character: There is no u (U+0075) in font GFSPorson-Regular/OT:script=g
rek;language=dflt;mapping=tex-text;!
Missing character: There is no q (U+0071) in font GFSPorson-Regular/OT:script=g
rek;language=dflt;mapping=tex-text;!
Missing character: There is no e (U+0065) in font GFSPorson-Regular/OT:script=g
rek;language=dflt;mapping=tex-text;!
Missing character: There is no n (U+006E) in font GFSPorson-Regular/OT:script=g
rek;language=dflt;mapping=tex-text;!
Missing character: There is no i (U+0069) in font GFSPorson-Regular/OT:script=g
rek;language=dflt;mapping=tex-text;!
Missing character: There is no s (U+0073) in font GFSPorson-Regular/OT:script=g
rek;language=dflt;mapping=tex-text;!
Missing character: There is no a (U+0061) in font GFSPorson-Regular/OT:script=g
rek;language=dflt;mapping=tex-text;!
Missing character: There is no k (U+006B) in font GFSPorson-Regular/OT:script=g
rek;language=dflt;mapping=tex-text;!
Missing character: There is no i (U+0069) in font GFSPorson-Regular/OT:script=g
rek;language=dflt;mapping=tex-text;!
Missing character: There is no c (U+0063) in font GFSPorson-Regular/OT:script=g
rek;language=dflt;mapping=tex-text;!
Missing character: There is no p (U+0070) in font GFSPorson-Regular/OT:script=g
rek;language=dflt;mapping=tex-text;!
Missing character: There is no o (U+006F) in font GFSPorson-Regular/OT:script=g
rek;language=dflt;mapping=tex-text;!
Missing character: There is no l (U+006C) in font GFSPorson-Regular/OT:script=g
rek;language=dflt;mapping=tex-text;!
Missing character: There is no l (U+006C) in font GFSPorson-Regular/OT:script=g
rek;language=dflt;mapping=tex-text;!
Missing character: There is no a (U+0061) in font GFSPorson-Regular/OT:script=g
rek;language=dflt;mapping=tex-text;!
Missing character: There is no p (U+0070) in font GFSPorson-Regular/OT:script=g
rek;language=dflt;mapping=tex-text;!
Missing character: There is no l (U+006C) in font GFSPorson-Regular/OT:script=g
rek;language=dflt;mapping=tex-text;!
Missing character: There is no a (U+0061) in font GFSPorson-Regular/OT:script=g
rek;language=dflt;mapping=tex-text;!
Missing character: There is no s (U+0073) in font GFSPorson-Regular/OT:script=g
rek;language=dflt;mapping=tex-text;!
Missing character: There is no i (U+0069) in font GFSPorson-Regular/OT:script=g
rek;language=dflt;mapping=tex-text;!
Missing character: There is no a (U+0061) in font GFSPorson-Regular/OT:script=g
rek;language=dflt;mapping=tex-text;!
Missing character: There is no e (U+0065) in font GFSPorson-Regular/OT:script=g
rek;language=dflt;mapping=tex-text;!
Missing character: There is no s (U+0073) in font GFSPorson-Regular/OT:script=g
rek;language=dflt;mapping=tex-text;!
Missing character: There is no t (U+0074) in font GFSPorson-Regular/OT:script=g
rek;language=dflt;mapping=tex-text;!
Missing character: There is no i (U+0069) in font GFSPorson-Regular/OT:script=g
rek;language=dflt;mapping=tex-text;!
Missing character: There is no n (U+006E) in font GFSPorson-Regular/OT:script=g
rek;language=dflt;mapping=tex-text;!
Missing character: There is no a (U+0061) in font GFSPorson-Regular/OT:script=g
rek;language=dflt;mapping=tex-text;!
Missing character: There is no r (U+0072) in font GFSPorson-Regular/OT:script=g
rek;language=dflt;mapping=tex-text;!
Missing character: There is no a (U+0061) in font GFSPorson-Regular/OT:script=g
rek;language=dflt;mapping=tex-text;!
Missing character: There is no w (U+0077) in font GFSPorson-Regular/OT:script=g
rek;language=dflt;mapping=tex-text;!
Missing character: There is no c (U+0063) in font GFSPorson-Regular/OT:script=g
rek;language=dflt;mapping=tex-text;!
Missing character: There is no t (U+0074) in font GFSPorson-Regular/OT:script=g
rek;language=dflt;mapping=tex-text;!
Missing character: There is no o (U+006F) in font GFSPorson-Regular/OT:script=g
rek;language=dflt;mapping=tex-text;!
Missing character: There is no E (U+0045) in font GFSPorson-Regular/OT:script=g
rek;language=dflt;mapping=tex-text;!
Missing character: There is no p (U+0070) in font GFSPorson-Regular/OT:script=g
rek;language=dflt;mapping=tex-text;!
Missing character: There is no r (U+0072) in font GFSPorson-Regular/OT:script=g
rek;language=dflt;mapping=tex-text;!
Missing character: There is no o (U+006F) in font GFSPorson-Regular/OT:script=g
rek;language=dflt;mapping=tex-text;!
Missing character: There is no c (U+0063) in font GFSPorson-Regular/OT:script=g
rek;language=dflt;mapping=tex-text;!
Missing character: There is no t (U+0074) in font GFSPorson-Regular/OT:script=g
rek;language=dflt;mapping=tex-text;!
Missing character: There is no o (U+006F) in font GFSPorson-Regular/OT:script=g
rek;language=dflt;mapping=tex-text;!
Missing character: There is no H (U+0048) in font GFSPorson-Regular/OT:script=g
rek;language=dflt;mapping=tex-text;!
Missing character: There is no o (U+006F) in font GFSPorson-Regular/OT:script=g
rek;language=dflt;mapping=tex-text;!
Missing character: There is no u (U+0075) in font GFSPorson-Regular/OT:script=g
rek;language=dflt;mapping=tex-text;!
Missing character: There is no t (U+0074) in font GFSPorson-Regular/OT:script=g
rek;language=dflt;mapping=tex-text;!
Missing character: There is no w (U+0077) in font GFSPorson-Regular/OT:script=g
rek;language=dflt;mapping=tex-text;!
Missing character: There is no c (U+0063) in font GFSPorson-Regular/OT:script=g
rek;language=dflt;mapping=tex-text;!
Missing character: There is no t (U+0074) in font GFSPorson-Regular/OT:script=g
rek;language=dflt;mapping=tex-text;!
Missing character: There is no o (U+006F) in font GFSPorson-Regular/OT:script=g
rek;language=dflt;mapping=tex-text;!
Missing character: There is no Z (U+005A) in font GFSPorson-Regular/OT:script=g
rek;language=dflt;mapping=tex-text;!
Missing character: There is no p (U+0070) in font GFSPorson-Regular/OT:script=g
rek;language=dflt;mapping=tex-text;!
Missing character: There is no r (U+0072) in font GFSPorson-Regular/OT:script=g
rek;language=dflt;mapping=tex-text;!
Missing character: There is no o (U+006F) in font GFSPorson-Regular/OT:script=g
rek;language=dflt;mapping=tex-text;!
Missing character: There is no c (U+0063) in font GFSPorson-Regular/OT:script=g
rek;language=dflt;mapping=tex-text;!
Missing character: There is no t (U+0074) in font GFSPorson-Regular/OT:script=g
rek;language=dflt;mapping=tex-text;!
Missing character: There is no o (U+006F) in font GFSPorson-Regular/OT:script=g
rek;language=dflt;mapping=tex-text;!
Missing character: There is no J (U+004A) in font GFSPorson-Regular/OT:script=g
rek;language=dflt;mapping=tex-text;!

Underfull \hbox (badness 10000) in paragraph at lines 490--491

 []


Underfull \hbox (badness 10000) in paragraph at lines 490--491

 []


Underfull \hbox (badness 10000) in paragraph at lines 490--491

 []


Underfull \hbox (badness 10000) in paragraph at lines 490--491

 []

File: Book05/fig04g.eps Graphic file (type eps)
<Book05/fig04g.eps>
File: Book05/fig04e.eps Graphic file (type eps)
<Book05/fig04e.eps>

Overfull \vbox (14.65388pt too high) detected at line 535
 []


Overfull \vbox (412.95622pt too high) detected at line 535
 []


Overfull \vbox (414.9637pt too high) detected at line 535
 []




Package fancyhdr Warning: \headheight is too small (0.0pt): 
(fancyhdr)                Make it at least 14.0pt, for example:
(fancyhdr)                \setlength{\headheight}{14.0pt}.
(fancyhdr)                You might also make \topmargin smaller:
(fancyhdr)                \addtolength{\topmargin}{-14.0pt}.

[207]


Package fancyhdr Warning: \headheight is too small (0.0pt): 
(fancyhdr)                Make it at least 14.0pt, for example:
(fancyhdr)                \setlength{\headheight}{14.0pt}.
(fancyhdr)                You might also make \topmargin smaller:
(fancyhdr)                \addtolength{\topmargin}{-14.0pt}.

[208]
Underfull \hbox (badness 10000) in paragraph at lines 552--553

 []


Underfull \hbox (badness 10000) in paragraph at lines 552--553

 []

File: Book05/fig05g.eps Graphic file (type eps)
<Book05/fig05g.eps>

Overfull \hbox (15.20564pt too wide) in paragraph at lines 563--564
[]\TU/GFSPorson(0)/m/n/10 Ὁσαπλάσιον γάρ ἐστι τὸ ΑΕ τοῦ ΓΖ, τοσαυταπλάσιον
 []


Overfull \hbox (17.8504pt too wide) in paragraph at lines 582--582
[]\TU/GFSPorson(0)/m/n/10 Ἐὰν >άρα μέγεθοξ μεγέθουξ ἰσάκιξ >ῆ| πολλαπλάσιον,
 []

File: Book05/fig05e.eps Graphic file (type eps)
<Book05/fig05e.eps>

Overfull \vbox (14.65388pt too high) detected at line 622
 []


Overfull \vbox (84.72997pt too high) detected at line 622
 []


Overfull \vbox (85.7337pt too high) detected at line 622
 []




Package fancyhdr Warning: \headheight is too small (0.0pt): 
(fancyhdr)                Make it at least 14.0pt, for example:
(fancyhdr)                \setlength{\headheight}{14.0pt}.
(fancyhdr)                You might also make \topmargin smaller:
(fancyhdr)                \addtolength{\topmargin}{-14.0pt}.

[209]
Overfull \hbox (15.65773pt too wide) in paragraph at lines 638--639
[]\TU/GFSPorson(0)/m/n/10 Ἐὰν δύο μεγέθη δύο μεγεθῶν ἰσάκιξ >ῆ| πολλαπλάσια,
 []


Underfull \hbox (badness 10000) in paragraph at lines 643--644

 []


Underfull \hbox (badness 10000) in paragraph at lines 643--644

 []


Underfull \hbox (badness 10000) in paragraph at lines 643--644

 []

File: Book05/fig06g.eps Graphic file (type eps)
<Book05/fig06g.eps>
File: Book05/fig06e.eps Graphic file (type eps)
<Book05/fig06e.eps>

Overfull \vbox (14.65388pt too high) detected at line 699
 []


Overfull \vbox (196.14622pt too high) detected at line 699
 []


Overfull \vbox (197.14996pt too high) detected at line 699
 []




Package fancyhdr Warning: \headheight is too small (0.0pt): 
(fancyhdr)                Make it at least 14.0pt, for example:
(fancyhdr)                \setlength{\headheight}{14.0pt}.
(fancyhdr)                You might also make \topmargin smaller:
(fancyhdr)                \addtolength{\topmargin}{-14.0pt}.

[210]


Package fancyhdr Warning: \headheight is too small (0.0pt): 
(fancyhdr)                Make it at least 14.0pt, for example:
(fancyhdr)                \setlength{\headheight}{14.0pt}.
(fancyhdr)                You might also make \topmargin smaller:
(fancyhdr)                \addtolength{\topmargin}{-14.0pt}.

[211]
Underfull \hbox (badness 10000) in paragraph at lines 718--719

 []

File: Book05/fig07g.eps Graphic file (type eps)
<Book05/fig07g.eps>

Overfull \hbox (3.89395pt too wide) in paragraph at lines 724--725
\TU/GFSPorson(0)/m/n/10 τὰ Δ, Ε, τοῦ δὲ Γ >άλλο, <ὸ >έτυθεν, πολλαπλάσιον
 []


Overfull \hbox (10.213pt too wide) in paragraph at lines 743--744
[]\TU/GFSPorson(0)/m/n/10 Τῶν γὰρ αὐτῶν κατασκευασθέντων ὁμοίωξ δείχομεν,
 []


Underfull \hbox (badness 10000) in paragraph at lines 746--747

 []


Underfull \hbox (badness 10000) in paragraph at lines 746--747

 []


Underfull \hbox (badness 10000) in paragraph at lines 746--747

 []


Underfull \hbox (badness 10000) in paragraph at lines 746--747

 []

File: Book05/fig07e.eps Graphic file (type eps)
<Book05/fig07e.eps>

Underfull \hbox (badness 10000) in paragraph at lines 789--792

 []


Overfull \vbox (14.65388pt too high) detected at line 800
 []


Overfull \vbox (88.74495pt too high) detected at line 800
 []


Overfull \vbox (87.74121pt too high) detected at line 800
 []




Package fancyhdr Warning: \headheight is too small (0.0pt): 
(fancyhdr)                Make it at least 14.0pt, for example:
(fancyhdr)                \setlength{\headheight}{14.0pt}.
(fancyhdr)                You might also make \topmargin smaller:
(fancyhdr)                \addtolength{\topmargin}{-14.0pt}.

[212]
Underfull \hbox (badness 10000) in paragraph at lines 821--822

 []

File: Book05/fig08g.eps Graphic file (type eps)
<Book05/fig08g.eps>

Overfull \hbox (10.213pt too wide) in paragraph at lines 863--864
[]\TU/GFSPorson(0)/m/n/10 Τῶν γὰρ αὐτῶν κατασκευασθέντων ὁμοίωξ δείχομεν,
 []

File: Book05/fig08e.eps Graphic file (type eps)
<Book05/fig08e.eps>

Overfull \vbox (14.65388pt too high) detected at line 946
 []


Overfull \vbox (304.55122pt too high) detected at line 946
 []


Overfull \vbox (304.55122pt too high) detected at line 946
 []




Package fancyhdr Warning: \headheight is too small (0.0pt): 
(fancyhdr)                Make it at least 14.0pt, for example:
(fancyhdr)                \setlength{\headheight}{14.0pt}.
(fancyhdr)                You might also make \topmargin smaller:
(fancyhdr)                \addtolength{\topmargin}{-14.0pt}.

[213]


Package fancyhdr Warning: \headheight is too small (0.0pt): 
(fancyhdr)                Make it at least 14.0pt, for example:
(fancyhdr)                \setlength{\headheight}{14.0pt}.
(fancyhdr)                You might also make \topmargin smaller:
(fancyhdr)                \addtolength{\topmargin}{-14.0pt}.

[214]
File: Book05/fig09g.eps Graphic file (type eps)
<Book05/fig09g.eps>
File: Book05/fig09e.eps Graphic file (type eps)
<Book05/fig09e.eps>

Overfull \vbox (14.65388pt too high) detected at line 1001
 []


Overfull \vbox (52.60995pt too high) detected at line 1001
 []


Overfull \vbox (51.60622pt too high) detected at line 1001
 []




Package fancyhdr Warning: \headheight is too small (0.0pt): 
(fancyhdr)                Make it at least 14.0pt, for example:
(fancyhdr)                \setlength{\headheight}{14.0pt}.
(fancyhdr)                You might also make \topmargin smaller:
(fancyhdr)                \addtolength{\topmargin}{-14.0pt}.

[215]
Underfull \hbox (badness 10000) in paragraph at lines 1014--1015

 []

File: Book05/fig10g.eps Graphic file (type eps)
<Book05/fig10g.eps>
File: Book05/fig10e.eps Graphic file (type eps)
<Book05/fig10e.eps>

Overfull \vbox (14.65388pt too high) detected at line 1077
 []


Overfull \vbox (52.60995pt too high) detected at line 1077
 []


Overfull \vbox (51.60622pt too high) detected at line 1077
 []




Package fancyhdr Warning: \headheight is too small (0.0pt): 
(fancyhdr)                Make it at least 14.0pt, for example:
(fancyhdr)                \setlength{\headheight}{14.0pt}.
(fancyhdr)                You might also make \topmargin smaller:
(fancyhdr)                \addtolength{\topmargin}{-14.0pt}.

[216]
File: Book05/fig11g.eps Graphic file (type eps)
<Book05/fig11g.eps>
File: Book05/fig11e.eps Graphic file (type eps)
<Book05/fig11e.eps>

Overfull \vbox (14.65388pt too high) detected at line 1155
 []


Overfull \vbox (123.87622pt too high) detected at line 1155
 []


Overfull \vbox (125.88371pt too high) detected at line 1155
 []




Package fancyhdr Warning: \headheight is too small (0.0pt): 
(fancyhdr)                Make it at least 14.0pt, for example:
(fancyhdr)                \setlength{\headheight}{14.0pt}.
(fancyhdr)                You might also make \topmargin smaller:
(fancyhdr)                \addtolength{\topmargin}{-14.0pt}.

[217]
Underfull \hbox (badness 10000) in paragraph at lines 1169--1170

 []

File: Book05/fig12g.eps Graphic file (type eps)
<Book05/fig12g.eps>
File: Book05/fig12e.eps Graphic file (type eps)
<Book05/fig12e.eps>

Overfull \vbox (14.65388pt too high) detected at line 1239
 []


Overfull \vbox (178.07872pt too high) detected at line 1239
 []


Overfull \vbox (180.08621pt too high) detected at line 1239
 []




Package fancyhdr Warning: \headheight is too small (0.0pt): 
(fancyhdr)                Make it at least 14.0pt, for example:
(fancyhdr)                \setlength{\headheight}{14.0pt}.
(fancyhdr)                You might also make \topmargin smaller:
(fancyhdr)                \addtolength{\topmargin}{-14.0pt}.

[218]
Underfull \hbox (badness 10000) in paragraph at lines 1257--1258

 []

File: Book05/fig13g.eps Graphic file (type eps)
<Book05/fig13g.eps>

Overfull \hbox (19.84038pt too wide) in paragraph at lines 1276--1277
[]\TU/GFSPorson(0)/m/n/10 Ἐπεὶ γὰρ >έστι τινὰ τῶν μὲν Γ, Ε ἰσάκιξ πολλαπλάσια,
 []


Overfull \hbox (11.89465pt too wide) in paragraph at lines 1276--1277
\TU/GFSPorson(0)/m/n/10 τῶν δὲ Δ, Ζ >άλλα, <ὰ >έτυθεν, ἰσάκιξ πολλαπλάσια,
 []


Overfull \hbox (25.82332pt too wide) in paragraph at lines 1276--1277
\TU/GFSPorson(0)/m/n/10 καὶ τὸ μὲν τοῦ Γ πολλαπλάσιον τοῦ τοῦ Δ πολλαπλασίου
 []

File: Book05/fig13e.eps Graphic file (type eps)
<Book05/fig13e.eps>

Overfull \vbox (14.65388pt too high) detected at line 1330
 []


Overfull \vbox (123.87622pt too high) detected at line 1330
 []


Overfull \vbox (125.88371pt too high) detected at line 1330
 []




Package fancyhdr Warning: \headheight is too small (0.0pt): 
(fancyhdr)                Make it at least 14.0pt, for example:
(fancyhdr)                \setlength{\headheight}{14.0pt}.
(fancyhdr)                You might also make \topmargin smaller:
(fancyhdr)                \addtolength{\topmargin}{-14.0pt}.

[219]
Underfull \hbox (badness 10000) in paragraph at lines 1346--1347

 []


Underfull \hbox (badness 10000) in paragraph at lines 1346--1347

 []


Underfull \hbox (badness 10000) in paragraph at lines 1346--1347

 []

File: Book05/fig14g.eps Graphic file (type eps)
<Book05/fig14g.eps>
File: Book05/fig14e.eps Graphic file (type eps)
<Book05/fig14e.eps>

Overfull \vbox (14.65388pt too high) detected at line 1404
 []


Overfull \vbox (51.60622pt too high) detected at line 1404
 []


Overfull \vbox (52.60995pt too high) detected at line 1404
 []




Package fancyhdr Warning: \headheight is too small (0.0pt): 
(fancyhdr)                Make it at least 14.0pt, for example:
(fancyhdr)                \setlength{\headheight}{14.0pt}.
(fancyhdr)                You might also make \topmargin smaller:
(fancyhdr)                \addtolength{\topmargin}{-14.0pt}.

[220]
File: Book05/fig15g.eps Graphic file (type eps)
<Book05/fig15g.eps>
File: Book05/fig15e.eps Graphic file (type eps)
<Book05/fig15e.eps>

Overfull \vbox (14.65388pt too high) detected at line 1477
 []


Overfull \vbox (88.74495pt too high) detected at line 1477
 []


Overfull \vbox (87.74121pt too high) detected at line 1477
 []




Package fancyhdr Warning: \headheight is too small (0.0pt): 
(fancyhdr)                Make it at least 14.0pt, for example:
(fancyhdr)                \setlength{\headheight}{14.0pt}.
(fancyhdr)                You might also make \topmargin smaller:
(fancyhdr)                \addtolength{\topmargin}{-14.0pt}.

[221]
Underfull \hbox (badness 10000) in paragraph at lines 1499--1500

 []

File: Book05/fig16g.eps Graphic file (type eps)
<Book05/fig16g.eps>
File: Book05/fig16e.eps Graphic file (type eps)
<Book05/fig16e.eps>

Overfull \vbox (14.65388pt too high) detected at line 1561
 []


Overfull \vbox (123.87622pt too high) detected at line 1561
 []


Overfull \vbox (124.87996pt too high) detected at line 1561
 []




Package fancyhdr Warning: \headheight is too small (0.0pt): 
(fancyhdr)                Make it at least 14.0pt, for example:
(fancyhdr)                \setlength{\headheight}{14.0pt}.
(fancyhdr)                You might also make \topmargin smaller:
(fancyhdr)                \addtolength{\topmargin}{-14.0pt}.

[222]
Overfull \hbox (15.40471pt too wide) in paragraph at lines 1576--1577
[]\TU/GFSPorson(0)/m/n/10 Ἐὰν συγκείμενα μεγέθη ἀνάλογον >ῆ|, καὶ διαιρεθέντα
 []

File: Book05/fig17g.eps Graphic file (type eps)
<Book05/fig17g.eps>

Overfull \hbox (1.04492pt too wide) in paragraph at lines 1617--1618
\TU/GFSPorson(0)/m/n/10 καὶ τὸ ΘΚ τοῦ ΕΒ, ἰσάκιξ >άρα ἐστὶ πολλαπλάσιον
 []

File: Book05/fig17e.eps Graphic file (type eps)
<Book05/fig17e.eps>

Overfull \vbox (14.65388pt too high) detected at line 1669
 []


Overfull \vbox (139.9362pt too high) detected at line 1669
 []


Overfull \vbox (138.93246pt too high) detected at line 1669
 []




Package fancyhdr Warning: \headheight is too small (0.0pt): 
(fancyhdr)                Make it at least 14.0pt, for example:
(fancyhdr)                \setlength{\headheight}{14.0pt}.
(fancyhdr)                You might also make \topmargin smaller:
(fancyhdr)                \addtolength{\topmargin}{-14.0pt}.

[223]
Overfull \hbox (9.56367pt too wide) in paragraph at lines 1685--1686
[]\TU/GFSPorson(0)/m/n/10 Ἐὰν διῃρημένα μεγέθη ἀνάλογον >ῆ|, καὶ συντεθέντα
 []

File: Book05/fig18g.eps Graphic file (type eps)
<Book05/fig18g.eps>
File: Book05/fig18e.eps Graphic file (type eps)
<Book05/fig18e.eps>

Overfull \vbox (14.65388pt too high) detected at line 1745
 []


Overfull \vbox (85.7337pt too high) detected at line 1745
 []


Overfull \vbox (84.72997pt too high) detected at line 1745
 []




Package fancyhdr Warning: \headheight is too small (0.0pt): 
(fancyhdr)                Make it at least 14.0pt, for example:
(fancyhdr)                \setlength{\headheight}{14.0pt}.
(fancyhdr)                You might also make \topmargin smaller:
(fancyhdr)                \addtolength{\topmargin}{-14.0pt}.

[224]
Underfull \hbox (badness 10000) in paragraph at lines 1765--1766

 []

File: Book05/fig19g.eps Graphic file (type eps)
<Book05/fig19g.eps>

Overfull \hbox (2.3073pt too wide) in paragraph at lines 1781--1782
\TU/GFSPorson(0)/m/n/10 συγκείμενα μεγέθη ἀνάλογόν ἐστιν, καὶ διαιρεθέντα
 []

Missing character: There is no K (U+004B) in font GFSPorson-Regular/OT:script=g
rek;language=dflt;mapping=tex-text;!
Missing character: There is no a (U+0061) in font GFSPorson-Regular/OT:script=g
rek;language=dflt;mapping=tex-text;!
Missing character: There is no i (U+0069) in font GFSPorson-Regular/OT:script=g
rek;language=dflt;mapping=tex-text;!
Missing character: There is no e (U+0065) in font GFSPorson-Regular/OT:script=g
rek;language=dflt;mapping=tex-text;!
Missing character: There is no p (U+0070) in font GFSPorson-Regular/OT:script=g
rek;language=dflt;mapping=tex-text;!
Missing character: There is no e (U+0065) in font GFSPorson-Regular/OT:script=g
rek;language=dflt;mapping=tex-text;!
Missing character: There is no i (U+0069) in font GFSPorson-Regular/OT:script=g
rek;language=dflt;mapping=tex-text;!
Missing character: There is no e (U+0065) in font GFSPorson-Regular/OT:script=g
rek;language=dflt;mapping=tex-text;!
Missing character: There is no d (U+0064) in font GFSPorson-Regular/OT:script=g
rek;language=dflt;mapping=tex-text;!
Missing character: There is no e (U+0065) in font GFSPorson-Regular/OT:script=g
rek;language=dflt;mapping=tex-text;!
Missing character: There is no i (U+0069) in font GFSPorson-Regular/OT:script=g
rek;language=dflt;mapping=tex-text;!
Missing character: There is no q (U+0071) in font GFSPorson-Regular/OT:script=g
rek;language=dflt;mapping=tex-text;!
Missing character: There is no j (U+006A) in font GFSPorson-Regular/OT:script=g
rek;language=dflt;mapping=tex-text;!
Missing character: There is no h (U+0068) in font GFSPorson-Regular/OT:script=g
rek;language=dflt;mapping=tex-text;!
Missing character: There is no w (U+0077) in font GFSPorson-Regular/OT:script=g
rek;language=dflt;mapping=tex-text;!
Missing character: There is no c (U+0063) in font GFSPorson-Regular/OT:script=g
rek;language=dflt;mapping=tex-text;!
Missing character: There is no t (U+0074) in font GFSPorson-Regular/OT:script=g
rek;language=dflt;mapping=tex-text;!
Missing character: There is no o (U+006F) in font GFSPorson-Regular/OT:script=g
rek;language=dflt;mapping=tex-text;!
Missing character: There is no A (U+0041) in font GFSPorson-Regular/OT:script=g
rek;language=dflt;mapping=tex-text;!
Missing character: There is no B (U+0042) in font GFSPorson-Regular/OT:script=g
rek;language=dflt;mapping=tex-text;!
Missing character: There is no p (U+0070) in font GFSPorson-Regular/OT:script=g
rek;language=dflt;mapping=tex-text;!
Missing character: There is no r (U+0072) in font GFSPorson-Regular/OT:script=g
rek;language=dflt;mapping=tex-text;!
Missing character: There is no o (U+006F) in font GFSPorson-Regular/OT:script=g
rek;language=dflt;mapping=tex-text;!
Missing character: There is no c (U+0063) in font GFSPorson-Regular/OT:script=g
rek;language=dflt;mapping=tex-text;!
Missing character: There is no t (U+0074) in font GFSPorson-Regular/OT:script=g
rek;language=dflt;mapping=tex-text;!
Missing character: There is no o (U+006F) in font GFSPorson-Regular/OT:script=g
rek;language=dflt;mapping=tex-text;!
Missing character: There is no G (U+0047) in font GFSPorson-Regular/OT:script=g
rek;language=dflt;mapping=tex-text;!
Missing character: There is no D (U+0044) in font GFSPorson-Regular/OT:script=g
rek;language=dflt;mapping=tex-text;!
Missing character: There is no o (U+006F) in font GFSPorson-Regular/OT:script=g
rek;language=dflt;mapping=tex-text;!
Missing character: There is no u (U+0075) in font GFSPorson-Regular/OT:script=g
rek;language=dflt;mapping=tex-text;!
Missing character: There is no t (U+0074) in font GFSPorson-Regular/OT:script=g
rek;language=dflt;mapping=tex-text;!
Missing character: There is no w (U+0077) in font GFSPorson-Regular/OT:script=g
rek;language=dflt;mapping=tex-text;!
Missing character: There is no c (U+0063) in font GFSPorson-Regular/OT:script=g
rek;language=dflt;mapping=tex-text;!
Missing character: There is no t (U+0074) in font GFSPorson-Regular/OT:script=g
rek;language=dflt;mapping=tex-text;!
Missing character: There is no o (U+006F) in font GFSPorson-Regular/OT:script=g
rek;language=dflt;mapping=tex-text;!
Missing character: There is no E (U+0045) in font GFSPorson-Regular/OT:script=g
rek;language=dflt;mapping=tex-text;!
Missing character: There is no B (U+0042) in font GFSPorson-Regular/OT:script=g
rek;language=dflt;mapping=tex-text;!
Missing character: There is no p (U+0070) in font GFSPorson-Regular/OT:script=g
rek;language=dflt;mapping=tex-text;!
Missing character: There is no r (U+0072) in font GFSPorson-Regular/OT:script=g
rek;language=dflt;mapping=tex-text;!
Missing character: There is no o (U+006F) in font GFSPorson-Regular/OT:script=g
rek;language=dflt;mapping=tex-text;!
Missing character: There is no c (U+0063) in font GFSPorson-Regular/OT:script=g
rek;language=dflt;mapping=tex-text;!
Missing character: There is no t (U+0074) in font GFSPorson-Regular/OT:script=g
rek;language=dflt;mapping=tex-text;!
Missing character: There is no o (U+006F) in font GFSPorson-Regular/OT:script=g
rek;language=dflt;mapping=tex-text;!
Missing character: There is no Z (U+005A) in font GFSPorson-Regular/OT:script=g
rek;language=dflt;mapping=tex-text;!
Missing character: There is no D (U+0044) in font GFSPorson-Regular/OT:script=g
rek;language=dflt;mapping=tex-text;!
Missing character: There is no k (U+006B) in font GFSPorson-Regular/OT:script=g
rek;language=dflt;mapping=tex-text;!
Missing character: There is no a (U+0061) in font GFSPorson-Regular/OT:script=g
rek;language=dflt;mapping=tex-text;!
Missing character: There is no i (U+0069) in font GFSPorson-Regular/OT:script=g
rek;language=dflt;mapping=tex-text;!
Missing character: There is no e (U+0065) in font GFSPorson-Regular/OT:script=g
rek;language=dflt;mapping=tex-text;!
Missing character: There is no n (U+006E) in font GFSPorson-Regular/OT:script=g
rek;language=dflt;mapping=tex-text;!
Missing character: There is no a (U+0061) in font GFSPorson-Regular/OT:script=g
rek;language=dflt;mapping=tex-text;!
Missing character: There is no l (U+006C) in font GFSPorson-Regular/OT:script=g
rek;language=dflt;mapping=tex-text;!
Missing character: There is no l (U+006C) in font GFSPorson-Regular/OT:script=g
rek;language=dflt;mapping=tex-text;!
Missing character: There is no a (U+0061) in font GFSPorson-Regular/OT:script=g
rek;language=dflt;mapping=tex-text;!
Missing character: There is no x (U+0078) in font GFSPorson-Regular/OT:script=g
rek;language=dflt;mapping=tex-text;!
Missing character: There is no w (U+0077) in font GFSPorson-Regular/OT:script=g
rek;language=dflt;mapping=tex-text;!
Missing character: There is no c (U+0063) in font GFSPorson-Regular/OT:script=g
rek;language=dflt;mapping=tex-text;!
Missing character: There is no t (U+0074) in font GFSPorson-Regular/OT:script=g
rek;language=dflt;mapping=tex-text;!
Missing character: There is no o (U+006F) in font GFSPorson-Regular/OT:script=g
rek;language=dflt;mapping=tex-text;!
Missing character: There is no A (U+0041) in font GFSPorson-Regular/OT:script=g
rek;language=dflt;mapping=tex-text;!
Missing character: There is no B (U+0042) in font GFSPorson-Regular/OT:script=g
rek;language=dflt;mapping=tex-text;!
Missing character: There is no p (U+0070) in font GFSPorson-Regular/OT:script=g
rek;language=dflt;mapping=tex-text;!
Missing character: There is no r (U+0072) in font GFSPorson-Regular/OT:script=g
rek;language=dflt;mapping=tex-text;!
Missing character: There is no o (U+006F) in font GFSPorson-Regular/OT:script=g
rek;language=dflt;mapping=tex-text;!
Missing character: There is no c (U+0063) in font GFSPorson-Regular/OT:script=g
rek;language=dflt;mapping=tex-text;!
Missing character: There is no t (U+0074) in font GFSPorson-Regular/OT:script=g
rek;language=dflt;mapping=tex-text;!
Missing character: There is no o (U+006F) in font GFSPorson-Regular/OT:script=g
rek;language=dflt;mapping=tex-text;!
Missing character: There is no B (U+0042) in font GFSPorson-Regular/OT:script=g
rek;language=dflt;mapping=tex-text;!
Missing character: There is no E (U+0045) in font GFSPorson-Regular/OT:script=g
rek;language=dflt;mapping=tex-text;!
Missing character: There is no o (U+006F) in font GFSPorson-Regular/OT:script=g
rek;language=dflt;mapping=tex-text;!
Missing character: There is no u (U+0075) in font GFSPorson-Regular/OT:script=g
rek;language=dflt;mapping=tex-text;!
Missing character: There is no t (U+0074) in font GFSPorson-Regular/OT:script=g
rek;language=dflt;mapping=tex-text;!
Missing character: There is no w (U+0077) in font GFSPorson-Regular/OT:script=g
rek;language=dflt;mapping=tex-text;!
Missing character: There is no c (U+0063) in font GFSPorson-Regular/OT:script=g
rek;language=dflt;mapping=tex-text;!
Missing character: There is no t (U+0074) in font GFSPorson-Regular/OT:script=g
rek;language=dflt;mapping=tex-text;!
Missing character: There is no o (U+006F) in font GFSPorson-Regular/OT:script=g
rek;language=dflt;mapping=tex-text;!
Missing character: There is no G (U+0047) in font GFSPorson-Regular/OT:script=g
rek;language=dflt;mapping=tex-text;!
Missing character: There is no D (U+0044) in font GFSPorson-Regular/OT:script=g
rek;language=dflt;mapping=tex-text;!
Missing character: There is no p (U+0070) in font GFSPorson-Regular/OT:script=g
rek;language=dflt;mapping=tex-text;!
Missing character: There is no r (U+0072) in font GFSPorson-Regular/OT:script=g
rek;language=dflt;mapping=tex-text;!
Missing character: There is no o (U+006F) in font GFSPorson-Regular/OT:script=g
rek;language=dflt;mapping=tex-text;!
Missing character: There is no c (U+0063) in font GFSPorson-Regular/OT:script=g
rek;language=dflt;mapping=tex-text;!
Missing character: There is no t (U+0074) in font GFSPorson-Regular/OT:script=g
rek;language=dflt;mapping=tex-text;!
Missing character: There is no o (U+006F) in font GFSPorson-Regular/OT:script=g
rek;language=dflt;mapping=tex-text;!
Missing character: There is no Z (U+005A) in font GFSPorson-Regular/OT:script=g
rek;language=dflt;mapping=tex-text;!
Missing character: There is no D (U+0044) in font GFSPorson-Regular/OT:script=g
rek;language=dflt;mapping=tex-text;!
Missing character: There is no s (U+0073) in font GFSPorson-Regular/OT:script=g
rek;language=dflt;mapping=tex-text;!
Missing character: There is no u (U+0075) in font GFSPorson-Regular/OT:script=g
rek;language=dflt;mapping=tex-text;!
Missing character: There is no g (U+0067) in font GFSPorson-Regular/OT:script=g
rek;language=dflt;mapping=tex-text;!
Missing character: There is no k (U+006B) in font GFSPorson-Regular/OT:script=g
rek;language=dflt;mapping=tex-text;!
Missing character: There is no e (U+0065) in font GFSPorson-Regular/OT:script=g
rek;language=dflt;mapping=tex-text;!
Missing character: There is no i (U+0069) in font GFSPorson-Regular/OT:script=g
rek;language=dflt;mapping=tex-text;!
Missing character: There is no m (U+006D) in font GFSPorson-Regular/OT:script=g
rek;language=dflt;mapping=tex-text;!
Missing character: There is no e (U+0065) in font GFSPorson-Regular/OT:script=g
rek;language=dflt;mapping=tex-text;!
Missing character: There is no n (U+006E) in font GFSPorson-Regular/OT:script=g
rek;language=dflt;mapping=tex-text;!
Missing character: There is no a (U+0061) in font GFSPorson-Regular/OT:script=g
rek;language=dflt;mapping=tex-text;!
Missing character: There is no a (U+0061) in font GFSPorson-Regular/OT:script=g
rek;language=dflt;mapping=tex-text;!
Missing character: There is no r (U+0072) in font GFSPorson-Regular/OT:script=g
rek;language=dflt;mapping=tex-text;!
Missing character: There is no a (U+0061) in font GFSPorson-Regular/OT:script=g
rek;language=dflt;mapping=tex-text;!
Missing character: There is no m (U+006D) in font GFSPorson-Regular/OT:script=g
rek;language=dflt;mapping=tex-text;!
Missing character: There is no e (U+0065) in font GFSPorson-Regular/OT:script=g
rek;language=dflt;mapping=tex-text;!
Missing character: There is no g (U+0067) in font GFSPorson-Regular/OT:script=g
rek;language=dflt;mapping=tex-text;!
Missing character: There is no e (U+0065) in font GFSPorson-Regular/OT:script=g
rek;language=dflt;mapping=tex-text;!
Missing character: There is no j (U+006A) in font GFSPorson-Regular/OT:script=g
rek;language=dflt;mapping=tex-text;!
Missing character: There is no h (U+0068) in font GFSPorson-Regular/OT:script=g
rek;language=dflt;mapping=tex-text;!
Missing character: There is no a (U+0061) in font GFSPorson-Regular/OT:script=g
rek;language=dflt;mapping=tex-text;!
Missing character: There is no n (U+006E) in font GFSPorson-Regular/OT:script=g
rek;language=dflt;mapping=tex-text;!
Missing character: There is no a (U+0061) in font GFSPorson-Regular/OT:script=g
rek;language=dflt;mapping=tex-text;!
Missing character: There is no l (U+006C) in font GFSPorson-Regular/OT:script=g
rek;language=dflt;mapping=tex-text;!
Missing character: There is no o (U+006F) in font GFSPorson-Regular/OT:script=g
rek;language=dflt;mapping=tex-text;!
Missing character: There is no g (U+0067) in font GFSPorson-Regular/OT:script=g
rek;language=dflt;mapping=tex-text;!
Missing character: There is no o (U+006F) in font GFSPorson-Regular/OT:script=g
rek;language=dflt;mapping=tex-text;!
Missing character: There is no n (U+006E) in font GFSPorson-Regular/OT:script=g
rek;language=dflt;mapping=tex-text;!
Missing character: There is no e (U+0065) in font GFSPorson-Regular/OT:script=g
rek;language=dflt;mapping=tex-text;!
Missing character: There is no s (U+0073) in font GFSPorson-Regular/OT:script=g
rek;language=dflt;mapping=tex-text;!
Missing character: There is no t (U+0074) in font GFSPorson-Regular/OT:script=g
rek;language=dflt;mapping=tex-text;!
Missing character: There is no i (U+0069) in font GFSPorson-Regular/OT:script=g
rek;language=dflt;mapping=tex-text;!
Missing character: There is no n (U+006E) in font GFSPorson-Regular/OT:script=g
rek;language=dflt;mapping=tex-text;!
Missing character: There is no e (U+0065) in font GFSPorson-Regular/OT:script=g
rek;language=dflt;mapping=tex-text;!
Missing character: There is no d (U+0064) in font GFSPorson-Regular/OT:script=g
rek;language=dflt;mapping=tex-text;!
Missing character: There is no e (U+0065) in font GFSPorson-Regular/OT:script=g
rek;language=dflt;mapping=tex-text;!
Missing character: There is no i (U+0069) in font GFSPorson-Regular/OT:script=g
rek;language=dflt;mapping=tex-text;!
Missing character: There is no q (U+0071) in font GFSPorson-Regular/OT:script=g
rek;language=dflt;mapping=tex-text;!
Missing character: There is no j (U+006A) in font GFSPorson-Regular/OT:script=g
rek;language=dflt;mapping=tex-text;!
Missing character: There is no h (U+0068) in font GFSPorson-Regular/OT:script=g
rek;language=dflt;mapping=tex-text;!
Missing character: There is no d (U+0064) in font GFSPorson-Regular/OT:script=g
rek;language=dflt;mapping=tex-text;!
Missing character: There is no e (U+0065) in font GFSPorson-Regular/OT:script=g
rek;language=dflt;mapping=tex-text;!
Missing character: There is no w (U+0077) in font GFSPorson-Regular/OT:script=g
rek;language=dflt;mapping=tex-text;!
Missing character: There is no c (U+0063) in font GFSPorson-Regular/OT:script=g
rek;language=dflt;mapping=tex-text;!
Missing character: There is no t (U+0074) in font GFSPorson-Regular/OT:script=g
rek;language=dflt;mapping=tex-text;!
Missing character: There is no o (U+006F) in font GFSPorson-Regular/OT:script=g
rek;language=dflt;mapping=tex-text;!
Missing character: There is no B (U+0042) in font GFSPorson-Regular/OT:script=g
rek;language=dflt;mapping=tex-text;!
Missing character: There is no A (U+0041) in font GFSPorson-Regular/OT:script=g
rek;language=dflt;mapping=tex-text;!
Missing character: There is no p (U+0070) in font GFSPorson-Regular/OT:script=g
rek;language=dflt;mapping=tex-text;!
Missing character: There is no r (U+0072) in font GFSPorson-Regular/OT:script=g
rek;language=dflt;mapping=tex-text;!
Missing character: There is no o (U+006F) in font GFSPorson-Regular/OT:script=g
rek;language=dflt;mapping=tex-text;!
Missing character: There is no c (U+0063) in font GFSPorson-Regular/OT:script=g
rek;language=dflt;mapping=tex-text;!
Missing character: There is no t (U+0074) in font GFSPorson-Regular/OT:script=g
rek;language=dflt;mapping=tex-text;!
Missing character: There is no o (U+006F) in font GFSPorson-Regular/OT:script=g
rek;language=dflt;mapping=tex-text;!
Missing character: There is no A (U+0041) in font GFSPorson-Regular/OT:script=g
rek;language=dflt;mapping=tex-text;!
Missing character: There is no E (U+0045) in font GFSPorson-Regular/OT:script=g
rek;language=dflt;mapping=tex-text;!
Missing character: There is no o (U+006F) in font GFSPorson-Regular/OT:script=g
rek;language=dflt;mapping=tex-text;!
Missing character: There is no u (U+0075) in font GFSPorson-Regular/OT:script=g
rek;language=dflt;mapping=tex-text;!
Missing character: There is no t (U+0074) in font GFSPorson-Regular/OT:script=g
rek;language=dflt;mapping=tex-text;!
Missing character: There is no w (U+0077) in font GFSPorson-Regular/OT:script=g
rek;language=dflt;mapping=tex-text;!
Missing character: There is no c (U+0063) in font GFSPorson-Regular/OT:script=g
rek;language=dflt;mapping=tex-text;!
Missing character: There is no t (U+0074) in font GFSPorson-Regular/OT:script=g
rek;language=dflt;mapping=tex-text;!
Missing character: There is no o (U+006F) in font GFSPorson-Regular/OT:script=g
rek;language=dflt;mapping=tex-text;!
Missing character: There is no D (U+0044) in font GFSPorson-Regular/OT:script=g
rek;language=dflt;mapping=tex-text;!
Missing character: There is no G (U+0047) in font GFSPorson-Regular/OT:script=g
rek;language=dflt;mapping=tex-text;!
Missing character: There is no p (U+0070) in font GFSPorson-Regular/OT:script=g
rek;language=dflt;mapping=tex-text;!
Missing character: There is no r (U+0072) in font GFSPorson-Regular/OT:script=g
rek;language=dflt;mapping=tex-text;!
Missing character: There is no o (U+006F) in font GFSPorson-Regular/OT:script=g
rek;language=dflt;mapping=tex-text;!
Missing character: There is no c (U+0063) in font GFSPorson-Regular/OT:script=g
rek;language=dflt;mapping=tex-text;!
Missing character: There is no t (U+0074) in font GFSPorson-Regular/OT:script=g
rek;language=dflt;mapping=tex-text;!
Missing character: There is no o (U+006F) in font GFSPorson-Regular/OT:script=g
rek;language=dflt;mapping=tex-text;!
Missing character: There is no G (U+0047) in font GFSPorson-Regular/OT:script=g
rek;language=dflt;mapping=tex-text;!
Missing character: There is no Z (U+005A) in font GFSPorson-Regular/OT:script=g
rek;language=dflt;mapping=tex-text;!
Missing character: There is no k (U+006B) in font GFSPorson-Regular/OT:script=g
rek;language=dflt;mapping=tex-text;!
Missing character: There is no a (U+0061) in font GFSPorson-Regular/OT:script=g
rek;language=dflt;mapping=tex-text;!
Missing character: There is no i (U+0069) in font GFSPorson-Regular/OT:script=g
rek;language=dflt;mapping=tex-text;!
Missing character: There is no e (U+0065) in font GFSPorson-Regular/OT:script=g
rek;language=dflt;mapping=tex-text;!
Missing character: There is no s (U+0073) in font GFSPorson-Regular/OT:script=g
rek;language=dflt;mapping=tex-text;!
Missing character: There is no t (U+0074) in font GFSPorson-Regular/OT:script=g
rek;language=dflt;mapping=tex-text;!
Missing character: There is no i (U+0069) in font GFSPorson-Regular/OT:script=g
rek;language=dflt;mapping=tex-text;!
Missing character: There is no n (U+006E) in font GFSPorson-Regular/OT:script=g
rek;language=dflt;mapping=tex-text;!
Missing character: There is no a (U+0061) in font GFSPorson-Regular/OT:script=g
rek;language=dflt;mapping=tex-text;!
Missing character: There is no n (U+006E) in font GFSPorson-Regular/OT:script=g
rek;language=dflt;mapping=tex-text;!
Missing character: There is no a (U+0061) in font GFSPorson-Regular/OT:script=g
rek;language=dflt;mapping=tex-text;!
Missing character: There is no s (U+0073) in font GFSPorson-Regular/OT:script=g
rek;language=dflt;mapping=tex-text;!
Missing character: There is no t (U+0074) in font GFSPorson-Regular/OT:script=g
rek;language=dflt;mapping=tex-text;!
Missing character: There is no r (U+0072) in font GFSPorson-Regular/OT:script=g
rek;language=dflt;mapping=tex-text;!
Missing character: There is no e (U+0065) in font GFSPorson-Regular/OT:script=g
rek;language=dflt;mapping=tex-text;!
Missing character: There is no y (U+0079) in font GFSPorson-Regular/OT:script=g
rek;language=dflt;mapping=tex-text;!
Missing character: There is no a (U+0061) in font GFSPorson-Regular/OT:script=g
rek;language=dflt;mapping=tex-text;!
Missing character: There is no n (U+006E) in font GFSPorson-Regular/OT:script=g
rek;language=dflt;mapping=tex-text;!
Missing character: There is no t (U+0074) in font GFSPorson-Regular/OT:script=g
rek;language=dflt;mapping=tex-text;!
Missing character: There is no i (U+0069) in font GFSPorson-Regular/OT:script=g
rek;language=dflt;mapping=tex-text;!

Underfull \hbox (badness 10000) in paragraph at lines 1791--1792

 []


Underfull \hbox (badness 10000) in paragraph at lines 1791--1792

 []

File: Book05/fig19e.eps Graphic file (type eps)
<Book05/fig19e.eps>

Underfull \hbox (badness 10000) in paragraph at lines 1832--1836

 []


Overfull \vbox (14.65388pt too high) detected at line 1844
 []


Overfull \vbox (84.72997pt too high) detected at line 1844
 []


Overfull \vbox (85.7337pt too high) detected at line 1844
 []




Package fancyhdr Warning: \headheight is too small (0.0pt): 
(fancyhdr)                Make it at least 14.0pt, for example:
(fancyhdr)                \setlength{\headheight}{14.0pt}.
(fancyhdr)                You might also make \topmargin smaller:
(fancyhdr)                \addtolength{\topmargin}{-14.0pt}.

[225]
Underfull \hbox (badness 10000) in paragraph at lines 1865--1866

 []


Underfull \hbox (badness 10000) in paragraph at lines 1865--1866

 []


Underfull \hbox (badness 10000) in paragraph at lines 1865--1866

 []

File: Book05/fig20g.eps Graphic file (type eps)
<Book05/fig20g.eps>
File: Book05/fig20e.eps Graphic file (type eps)
<Book05/fig20e.eps>

Overfull \vbox (14.65388pt too high) detected at line 1939
 []


Overfull \vbox (87.74121pt too high) detected at line 1939
 []


Overfull \vbox (88.74495pt too high) detected at line 1939
 []




Package fancyhdr Warning: \headheight is too small (0.0pt): 
(fancyhdr)                Make it at least 14.0pt, for example:
(fancyhdr)                \setlength{\headheight}{14.0pt}.
(fancyhdr)                You might also make \topmargin smaller:
(fancyhdr)                \addtolength{\topmargin}{-14.0pt}.

[226]
Underfull \hbox (badness 10000) in paragraph at lines 1956--1957

 []


Underfull \hbox (badness 10000) in paragraph at lines 1956--1957

 []


Underfull \hbox (badness 10000) in paragraph at lines 1956--1957

 []

File: Book05/fig21g.eps Graphic file (type eps)
<Book05/fig21g.eps>
File: Book05/fig21e.eps Graphic file (type eps)
<Book05/fig21e.eps>

Overfull \vbox (14.65388pt too high) detected at line 2024
 []


Overfull \vbox (87.74121pt too high) detected at line 2024
 []


Overfull \vbox (88.74495pt too high) detected at line 2024
 []




Package fancyhdr Warning: \headheight is too small (0.0pt): 
(fancyhdr)                Make it at least 14.0pt, for example:
(fancyhdr)                \setlength{\headheight}{14.0pt}.
(fancyhdr)                You might also make \topmargin smaller:
(fancyhdr)                \addtolength{\topmargin}{-14.0pt}.

[227]
Underfull \hbox (badness 10000) in paragraph at lines 2040--2041

 []

File: Book05/fig22g.eps Graphic file (type eps)
<Book05/fig22g.eps>

Overfull \hbox (19.20746pt too wide) in paragraph at lines 2050--2051
\TU/GFSPorson(0)/m/n/10 αὐτοῖξ >ίσα τὸ πλῆθοξ τὰ Δ, Ε, Ζ, σύνδυο λαμβανόμενα
 []

File: Book05/fig22e.eps Graphic file (type eps)
<Book05/fig22e.eps>

Overfull \vbox (14.65388pt too high) detected at line 2119
 []


Overfull \vbox (125.88371pt too high) detected at line 2119
 []


Overfull \vbox (123.87622pt too high) detected at line 2119
 []




Package fancyhdr Warning: \headheight is too small (0.0pt): 
(fancyhdr)                Make it at least 14.0pt, for example:
(fancyhdr)                \setlength{\headheight}{14.0pt}.
(fancyhdr)                You might also make \topmargin smaller:
(fancyhdr)                \addtolength{\topmargin}{-14.0pt}.

[228]
Underfull \hbox (badness 10000) in paragraph at lines 2137--2138

 []

File: Book05/fig23g.eps Graphic file (type eps)
<Book05/fig23g.eps>
File: Book05/fig23e.eps Graphic file (type eps)
<Book05/fig23e.eps>

Overfull \vbox (14.65388pt too high) detected at line 2228
 []


Overfull \vbox (123.87622pt too high) detected at line 2228
 []


Overfull \vbox (125.88371pt too high) detected at line 2228
 []




Package fancyhdr Warning: \headheight is too small (0.0pt): 
(fancyhdr)                Make it at least 14.0pt, for example:
(fancyhdr)                \setlength{\headheight}{14.0pt}.
(fancyhdr)                You might also make \topmargin smaller:
(fancyhdr)                \addtolength{\topmargin}{-14.0pt}.

[229]


Package fancyhdr Warning: \headheight is too small (0.0pt): 
(fancyhdr)                Make it at least 14.0pt, for example:
(fancyhdr)                \setlength{\headheight}{14.0pt}.
(fancyhdr)                You might also make \topmargin smaller:
(fancyhdr)                \addtolength{\topmargin}{-14.0pt}.

[230]
Underfull \hbox (badness 10000) in paragraph at lines 2253--2254

 []


Underfull \hbox (badness 10000) in paragraph at lines 2253--2254

 []

File: Book05/fig24g.eps Graphic file (type eps)
<Book05/fig24g.eps>
File: Book05/fig24e.eps Graphic file (type eps)
<Book05/fig24e.eps>

Overfull \vbox (14.65388pt too high) detected at line 2311
 []


Overfull \vbox (160.01122pt too high) detected at line 2311
 []


Overfull \vbox (161.01495pt too high) detected at line 2311
 []




Package fancyhdr Warning: \headheight is too small (0.0pt): 
(fancyhdr)                Make it at least 14.0pt, for example:
(fancyhdr)                \setlength{\headheight}{14.0pt}.
(fancyhdr)                You might also make \topmargin smaller:
(fancyhdr)                \addtolength{\topmargin}{-14.0pt}.

[231]
Underfull \hbox (badness 10000) in paragraph at lines 2326--2327

 []

File: Book05/fig25g.eps Graphic file (type eps)
<Book05/fig25g.eps>
File: Book05/fig25e.eps Graphic file (type eps)
<Book05/fig25e.eps>

Overfull \vbox (14.65388pt too high) detected at line 2386
 []


Overfull \vbox (160.01122pt too high) detected at line 2386
 []


Overfull \vbox (161.01495pt too high) detected at line 2386
 []




Package fancyhdr Warning: \headheight is too small (0.0pt): 
(fancyhdr)                Make it at least 14.0pt, for example:
(fancyhdr)                \setlength{\headheight}{14.0pt}.
(fancyhdr)                You might also make \topmargin smaller:
(fancyhdr)                \addtolength{\topmargin}{-14.0pt}.

[232]


Package fancyhdr Warning: \headheight is too small (0.0pt): 
(fancyhdr)                Make it at least 14.0pt, for example:
(fancyhdr)                \setlength{\headheight}{14.0pt}.
(fancyhdr)                You might also make \topmargin smaller:
(fancyhdr)                \addtolength{\topmargin}{-14.0pt}.

[233]


Package fancyhdr Warning: \headheight is too small (0.0pt): 
(fancyhdr)                Make it at least 14.0pt, for example:
(fancyhdr)                \setlength{\headheight}{14.0pt}.
(fancyhdr)                You might also make \topmargin smaller:
(fancyhdr)                \addtolength{\topmargin}{-14.0pt}.

[234])

[235]
\openout2 = `Book06/Book6.aux'.

 (./Book06/Book6.tex

[236



]
File: Book06/fig01g.eps Graphic file (type eps)
<Book06/fig01g.eps>

Overfull \hbox (14.66037pt too wide) in paragraph at lines 75--76
[]\TU/GFSPorson(0)/m/n/10 >’Εστω τρίγωνα μὲν τὰ ΑΒΓ, ΑΓΔ, παραλληλόγραμ-
 []


Overfull \hbox (37.90506pt too wide) in paragraph at lines 111--112
\TU/GFSPorson(0)/m/n/10 πρὸξ τὸ ΑΓΔ τρίγωνον, ο<ύτωξ τὸ ΕΓ παραλληλόγραμμον
 []


Overfull \hbox (19.25995pt too wide) in paragraph at lines 111--112
\TU/GFSPorson(0)/m/n/10 πρὸξ τὴν ΓΔ βάσιν, ο<ύτωξ τὸ ΕΓ παραλληλόγραμμον
 []

File: Book06/fig01e.eps Graphic file (type eps)
<Book06/fig01e.eps>

Overfull \vbox (14.65388pt too high) detected at line 165
 []


Overfull \vbox (241.31497pt too high) detected at line 165
 []


Overfull \vbox (242.31871pt too high) detected at line 165
 []




Package fancyhdr Warning: \headheight is too small (0.0pt): 
(fancyhdr)                Make it at least 14.0pt, for example:
(fancyhdr)                \setlength{\headheight}{14.0pt}.
(fancyhdr)                You might also make \topmargin smaller:
(fancyhdr)                \addtolength{\topmargin}{-14.0pt}.

[237]


Package fancyhdr Warning: \headheight is too small (0.0pt): 
(fancyhdr)                Make it at least 14.0pt, for example:
(fancyhdr)                \setlength{\headheight}{14.0pt}.
(fancyhdr)                You might also make \topmargin smaller:
(fancyhdr)                \addtolength{\topmargin}{-14.0pt}.

[238]
Overfull \hbox (10.3157pt too wide) in paragraph at lines 184--185
\TU/GFSPorson(0)/m/n/10 καὶ ἒαν αἱ τοῦ τριγώνου πλευραὶ ἀνάλογον τμηθῶσιν,
 []

File: Book06/fig02g.eps Graphic file (type eps)
<Book06/fig02g.eps>

Overfull \hbox (5.71123pt too wide) in paragraph at lines 227--227
\TU/GFSPorson(0)/m/n/10 πλευράξ; καὶ ἒαν αἱ τοῦ τριγώνου πλευραὶ ἀνάλογον
 []

File: Book06/fig02e.eps Graphic file (type eps)
<Book06/fig02e.eps>

Overfull \vbox (14.65388pt too high) detected at line 275
 []


Overfull \vbox (240.3112pt too high) detected at line 275
 []


Overfull \vbox (240.31122pt too high) detected at line 275
 []




Package fancyhdr Warning: \headheight is too small (0.0pt): 
(fancyhdr)                Make it at least 14.0pt, for example:
(fancyhdr)                \setlength{\headheight}{14.0pt}.
(fancyhdr)                You might also make \topmargin smaller:
(fancyhdr)                \addtolength{\topmargin}{-14.0pt}.

[239]


Package fancyhdr Warning: \headheight is too small (0.0pt): 
(fancyhdr)                Make it at least 14.0pt, for example:
(fancyhdr)                \setlength{\headheight}{14.0pt}.
(fancyhdr)                You might also make \topmargin smaller:
(fancyhdr)                \addtolength{\topmargin}{-14.0pt}.

[240]
Overfull \hbox (2.23398pt too wide) in paragraph at lines 293--294
\TU/GFSPorson(0)/m/n/10 λοιπαῖξ τοῦ τριγώνου πλευραῖξ, ἡ ἀπὸ τῆξ κορυφῆξ
 []


Underfull \hbox (badness 10000) in paragraph at lines 315--316

 []


Underfull \hbox (badness 10000) in paragraph at lines 315--316

 []

File: Book06/fig03g.eps Graphic file (type eps)
<Book06/fig03g.eps>
File: Book06/fig03e.eps Graphic file (type eps)
<Book06/fig03e.eps>

Overfull \vbox (14.65388pt too high) detected at line 399
 []


Overfull \vbox (210.19872pt too high) detected at line 399
 []


Overfull \vbox (210.19872pt too high) detected at line 399
 []




Package fancyhdr Warning: \headheight is too small (0.0pt): 
(fancyhdr)                Make it at least 14.0pt, for example:
(fancyhdr)                \setlength{\headheight}{14.0pt}.
(fancyhdr)                You might also make \topmargin smaller:
(fancyhdr)                \addtolength{\topmargin}{-14.0pt}.

[241]


Package fancyhdr Warning: \headheight is too small (0.0pt): 
(fancyhdr)                Make it at least 14.0pt, for example:
(fancyhdr)                \setlength{\headheight}{14.0pt}.
(fancyhdr)                You might also make \topmargin smaller:
(fancyhdr)                \addtolength{\topmargin}{-14.0pt}.

[242]
File: Book06/fig04g.eps Graphic file (type eps)
<Book06/fig04g.eps>
File: Book06/fig04e.eps Graphic file (type eps)
<Book06/fig04e.eps>

Overfull \vbox (14.65388pt too high) detected at line 496
 []


Overfull \vbox (295.51747pt too high) detected at line 496
 []


Overfull \vbox (296.52121pt too high) detected at line 496
 []




Package fancyhdr Warning: \headheight is too small (0.0pt): 
(fancyhdr)                Make it at least 14.0pt, for example:
(fancyhdr)                \setlength{\headheight}{14.0pt}.
(fancyhdr)                You might also make \topmargin smaller:
(fancyhdr)                \addtolength{\topmargin}{-14.0pt}.

[243]


Package fancyhdr Warning: \headheight is too small (0.0pt): 
(fancyhdr)                Make it at least 14.0pt, for example:
(fancyhdr)                \setlength{\headheight}{14.0pt}.
(fancyhdr)                You might also make \topmargin smaller:
(fancyhdr)                \addtolength{\topmargin}{-14.0pt}.

[244]
Overfull \hbox (4.55867pt too wide) in paragraph at lines 510--511
\TU/GFSPorson(0)/m/n/10 γωνίαξ, ὑφ> <ὰξ αἱ ὁμόλογοι πλευραὶ ὑποτείνουσιν. 
 []

File: Book06/fig05g.eps Graphic file (type eps)
<Book06/fig05g.eps>
File: Book06/fig05e.eps Graphic file (type eps)
<Book06/fig05e.eps>

Overfull \vbox (14.65388pt too high) detected at line 603
 []


Overfull \vbox (298.52872pt too high) detected at line 603
 []


Overfull \vbox (299.53246pt too high) detected at line 603
 []




Package fancyhdr Warning: \headheight is too small (0.0pt): 
(fancyhdr)                Make it at least 14.0pt, for example:
(fancyhdr)                \setlength{\headheight}{14.0pt}.
(fancyhdr)                You might also make \topmargin smaller:
(fancyhdr)                \addtolength{\topmargin}{-14.0pt}.

[245]


Package fancyhdr Warning: \headheight is too small (0.0pt): 
(fancyhdr)                Make it at least 14.0pt, for example:
(fancyhdr)                \setlength{\headheight}{14.0pt}.
(fancyhdr)                You might also make \topmargin smaller:
(fancyhdr)                \addtolength{\topmargin}{-14.0pt}.

[246]
File: Book06/fig06g.eps Graphic file (type eps)
<Book06/fig06g.eps>
File: Book06/fig06e.eps Graphic file (type eps)
<Book06/fig06e.eps>

Overfull \vbox (14.65388pt too high) detected at line 694
 []


Overfull \vbox (282.46872pt too high) detected at line 694
 []


Overfull \vbox (283.47246pt too high) detected at line 694
 []




Package fancyhdr Warning: \headheight is too small (0.0pt): 
(fancyhdr)                Make it at least 14.0pt, for example:
(fancyhdr)                \setlength{\headheight}{14.0pt}.
(fancyhdr)                You might also make \topmargin smaller:
(fancyhdr)                \addtolength{\topmargin}{-14.0pt}.

[247]


Package fancyhdr Warning: \headheight is too small (0.0pt): 
(fancyhdr)                Make it at least 14.0pt, for example:
(fancyhdr)                \setlength{\headheight}{14.0pt}.
(fancyhdr)                You might also make \topmargin smaller:
(fancyhdr)                \addtolength{\topmargin}{-14.0pt}.

[248]
Overfull \hbox (8.86703pt too wide) in paragraph at lines 710--711
\TU/GFSPorson(0)/m/n/10 >έθῃ, περὶ δὲ >άλλαξ γωνίαξ τὰξ πλευρὰξ ἀνάλογον,
 []


Underfull \hbox (badness 10000) in paragraph at lines 719--720

 []

File: Book06/fig07g.eps Graphic file (type eps)
<Book06/fig07g.eps>

Overfull \hbox (10.213pt too wide) in paragraph at lines 761--762
[]\TU/GFSPorson(0)/m/n/10 Τῶν γὰρ αὐτῶν κατασκευασθέντων ὁμοίωξ δείχομεν,
 []


Overfull \hbox (2.87563pt too wide) in paragraph at lines 767--767
\TU/GFSPorson(0)/m/n/10 ἀνάλογον, τῶν δὲ λοιπῶν ἑκατέραν <άμα ἐλάττονα
 []


Overfull \hbox (5.63701pt too wide) in paragraph at lines 767--767
\TU/GFSPorson(0)/m/n/10 >ὴ μὴ ἐλάττονα ὀρθῆξ, ἰσογώνια >έσται τὰ τρίγωνα
 []

File: Book06/fig07e.eps Graphic file (type eps)
<Book06/fig07e.eps>

Overfull \vbox (14.65388pt too high) detected at line 828
 []


Overfull \vbox (336.67122pt too high) detected at line 828
 []


Overfull \vbox (337.67496pt too high) detected at line 828
 []




Package fancyhdr Warning: \headheight is too small (0.0pt): 
(fancyhdr)                Make it at least 14.0pt, for example:
(fancyhdr)                \setlength{\headheight}{14.0pt}.
(fancyhdr)                You might also make \topmargin smaller:
(fancyhdr)                \addtolength{\topmargin}{-14.0pt}.

[249]


Package fancyhdr Warning: \headheight is too small (0.0pt): 
(fancyhdr)                Make it at least 14.0pt, for example:
(fancyhdr)                \setlength{\headheight}{14.0pt}.
(fancyhdr)                You might also make \topmargin smaller:
(fancyhdr)                \addtolength{\topmargin}{-14.0pt}.

[250]


Package fancyhdr Warning: \headheight is too small (0.0pt): 
(fancyhdr)                Make it at least 14.0pt, for example:
(fancyhdr)                \setlength{\headheight}{14.0pt}.
(fancyhdr)                You might also make \topmargin smaller:
(fancyhdr)                \addtolength{\topmargin}{-14.0pt}.

[251]
Underfull \hbox (badness 10000) in paragraph at lines 847--848

 []

File: Book06/fig08g.eps Graphic file (type eps)
<Book06/fig08g.eps>

Underfull \hbox (badness 10000) in paragraph at lines 886--887

 []


Underfull \hbox (badness 10000) in paragraph at lines 886--887

 []


Underfull \hbox (badness 10000) in paragraph at lines 886--887

 []


Underfull \hbox (badness 10000) in paragraph at lines 886--887

 []


Overfull \hbox (7.65004pt too wide) in paragraph at lines 895--895
\TU/GFSPorson(0)/m/n/10 κάθετοξ ἀθθῆ|, ἡ ἀθθεῖσα τῶν τῆξ βάσεωξ τμημάτων
 []

File: Book06/fig08e.eps Graphic file (type eps)
<Book06/fig08e.eps>

Underfull \hbox (badness 10000) in paragraph at lines 944--948

 []


Overfull \vbox (14.65388pt too high) detected at line 957
 []


Overfull \vbox (206.1837pt too high) detected at line 957
 []


Overfull \vbox (204.17621pt too high) detected at line 957
 []




Package fancyhdr Warning: \headheight is too small (0.0pt): 
(fancyhdr)                Make it at least 14.0pt, for example:
(fancyhdr)                \setlength{\headheight}{14.0pt}.
(fancyhdr)                You might also make \topmargin smaller:
(fancyhdr)                \addtolength{\topmargin}{-14.0pt}.

[252]
Overfull \hbox (2.3183pt too wide) in paragraph at lines 970--971
[]\TU/GFSPorson(0)/m/n/10 Τῆξ δοθείσηξ εὐθείαξ τὸ προσταθθὲν μέροξ ἀφελεῖν. 
 []

File: Book06/fig09g.eps Graphic file (type eps)
<Book06/fig09g.eps>
File: Book06/fig09e.eps Graphic file (type eps)
<Book06/fig09e.eps>

Overfull \vbox (14.65388pt too high) detected at line 1019
 []


Overfull \vbox (221.23996pt too high) detected at line 1019
 []


Overfull \vbox (221.23996pt too high) detected at line 1019
 []




Package fancyhdr Warning: \headheight is too small (0.0pt): 
(fancyhdr)                Make it at least 14.0pt, for example:
(fancyhdr)                \setlength{\headheight}{14.0pt}.
(fancyhdr)                You might also make \topmargin smaller:
(fancyhdr)                \addtolength{\topmargin}{-14.0pt}.

[253]
Overfull \hbox (13.45837pt too wide) in paragraph at lines 1032--1033
[]\TU/GFSPorson(0)/m/n/10 Τὴν δοθεῖσαν εὐθεῖαν >άτμητον τῆ| δοθείσῃ τετμημένῃ
 []


Underfull \hbox (badness 10000) in paragraph at lines 1038--1039

 []

File: Book06/fig10g.eps Graphic file (type eps)
<Book06/fig10g.eps>
File: Book06/fig10e.eps Graphic file (type eps)
<Book06/fig10e.eps>

Overfull \vbox (14.65388pt too high) detected at line 1091
 []


Overfull \vbox (313.58496pt too high) detected at line 1091
 []


Overfull \vbox (312.5812pt too high) detected at line 1091
 []




Package fancyhdr Warning: \headheight is too small (0.0pt): 
(fancyhdr)                Make it at least 14.0pt, for example:
(fancyhdr)                \setlength{\headheight}{14.0pt}.
(fancyhdr)                You might also make \topmargin smaller:
(fancyhdr)                \addtolength{\topmargin}{-14.0pt}.

[254]
Overfull \hbox (2.64096pt too wide) in paragraph at lines 1103--1104
[]\TU/GFSPorson(0)/m/n/10 Δύο δοθεισῶν εὐθειῶν τρίτην ἀνάλογον προσευρεῖν. 
 []


Underfull \hbox (badness 10000) in paragraph at lines 1110--1111

 []


Underfull \hbox (badness 10000) in paragraph at lines 1110--1111

 []


Underfull \hbox (badness 10000) in paragraph at lines 1110--1111

 []

File: Book06/fig11g.eps Graphic file (type eps)
<Book06/fig11g.eps>
File: Book06/fig11e.eps Graphic file (type eps)
<Book06/fig11e.eps>

Overfull \vbox (14.65388pt too high) detected at line 1148
 []


Overfull \vbox (322.61871pt too high) detected at line 1148
 []


Overfull \vbox (323.62245pt too high) detected at line 1148
 []




Package fancyhdr Warning: \headheight is too small (0.0pt): 
(fancyhdr)                Make it at least 14.0pt, for example:
(fancyhdr)                \setlength{\headheight}{14.0pt}.
(fancyhdr)                You might also make \topmargin smaller:
(fancyhdr)                \addtolength{\topmargin}{-14.0pt}.

[255]


Package fancyhdr Warning: \headheight is too small (0.0pt): 
(fancyhdr)                Make it at least 14.0pt, for example:
(fancyhdr)                \setlength{\headheight}{14.0pt}.
(fancyhdr)                You might also make \topmargin smaller:
(fancyhdr)                \addtolength{\topmargin}{-14.0pt}.

[256]
Overfull \hbox (25.62009pt too wide) in paragraph at lines 1160--1161
[]\TU/GFSPorson(0)/m/n/10 Τριῶν δοθεισῶν εὐθειῶν τετάρτην ἀνάλογον προσευρεῖν. 

 []


Underfull \hbox (badness 10000) in paragraph at lines 1160--1161

 []

File: Book06/fig12g.eps Graphic file (type eps)
<Book06/fig12g.eps>

Overfull \hbox (0.53893pt too wide) in paragraph at lines 1179--1179
[]\TU/GFSPorson(0)/m/n/10 Τριῶν >άρα δοθεισῶν εὐθειῶν τῶν Α, Β, Γ τετάρτη
 []


Overfull \hbox (0.53632pt too wide) in paragraph at lines 1179--1179
\TU/GFSPorson(0)/m/n/10 ἀνάλογον προσεύρηται ἡ ΘΖ; <όπερ >έδει ποιῆσαι. 
 []

File: Book06/fig12e.eps Graphic file (type eps)
<Book06/fig12e.eps>

Overfull \vbox (14.65388pt too high) detected at line 1207
 []


Overfull \vbox (301.53996pt too high) detected at line 1207
 []


Overfull \vbox (300.53622pt too high) detected at line 1207
 []




Package fancyhdr Warning: \headheight is too small (0.0pt): 
(fancyhdr)                Make it at least 14.0pt, for example:
(fancyhdr)                \setlength{\headheight}{14.0pt}.
(fancyhdr)                You might also make \topmargin smaller:
(fancyhdr)                \addtolength{\topmargin}{-14.0pt}.

[257]
Underfull \hbox (badness 10000) in paragraph at lines 1219--1220

 []

File: Book06/fig13g.eps Graphic file (type eps)
<Book06/fig13g.eps>

Overfull \hbox (0.18431pt too wide) in paragraph at lines 1238--1238
\TU/GFSPorson(0)/m/n/10 ἀνάλογον προσεύρηται ἡ ΔΒ; <όπερ >έδει ποιῆσαι. 
 []

File: Book06/fig13e.eps Graphic file (type eps)
<Book06/fig13e.eps>

Overfull \vbox (14.65388pt too high) detected at line 1266
 []


Overfull \vbox (161.01495pt too high) detected at line 1266
 []


Overfull \vbox (160.01122pt too high) detected at line 1266
 []




Package fancyhdr Warning: \headheight is too small (0.0pt): 
(fancyhdr)                Make it at least 14.0pt, for example:
(fancyhdr)                \setlength{\headheight}{14.0pt}.
(fancyhdr)                You might also make \topmargin smaller:
(fancyhdr)                \addtolength{\topmargin}{-14.0pt}.

[258]
Overfull \hbox (4.95097pt too wide) in paragraph at lines 1283--1284
[]\TU/GFSPorson(0)/m/n/10 Τῶν >ίσων τε καὶ >ίσογωνίων παραλληλογράμμων
 []


Underfull \hbox (badness 10000) in paragraph at lines 1290--1291

 []

File: Book06/fig14g.eps Graphic file (type eps)
<Book06/fig14g.eps>

Overfull \hbox (24.41743pt too wide) in paragraph at lines 1318--1318
[]\TU/GFSPorson(0)/m/n/10 Τῶν >άρα >ίσων τε καὶ ἰσογωνίων παραλληλογράμμων
 []

File: Book06/fig14e.eps Graphic file (type eps)
<Book06/fig14e.eps>

Overfull \vbox (14.65388pt too high) detected at line 1360
 []


Overfull \vbox (295.51747pt too high) detected at line 1360
 []


Overfull \vbox (295.51747pt too high) detected at line 1360
 []




Package fancyhdr Warning: \headheight is too small (0.0pt): 
(fancyhdr)                Make it at least 14.0pt, for example:
(fancyhdr)                \setlength{\headheight}{14.0pt}.
(fancyhdr)                You might also make \topmargin smaller:
(fancyhdr)                \addtolength{\topmargin}{-14.0pt}.

[259]
Underfull \hbox (badness 10000) in paragraph at lines 1381--1382

 []

File: Book06/fig15g.eps Graphic file (type eps)
<Book06/fig15g.eps>
File: Book06/fig15e.eps Graphic file (type eps)
<Book06/fig15e.eps>

Overfull \vbox (14.65388pt too high) detected at line 1470
 []


Overfull \vbox (295.51747pt too high) detected at line 1470
 []


Overfull \vbox (296.52121pt too high) detected at line 1470
 []




Package fancyhdr Warning: \headheight is too small (0.0pt): 
(fancyhdr)                Make it at least 14.0pt, for example:
(fancyhdr)                \setlength{\headheight}{14.0pt}.
(fancyhdr)                You might also make \topmargin smaller:
(fancyhdr)                \addtolength{\topmargin}{-14.0pt}.

[260]


Package fancyhdr Warning: \headheight is too small (0.0pt): 
(fancyhdr)                Make it at least 14.0pt, for example:
(fancyhdr)                \setlength{\headheight}{14.0pt}.
(fancyhdr)                You might also make \topmargin smaller:
(fancyhdr)                \addtolength{\topmargin}{-14.0pt}.

[261]


Package fancyhdr Warning: \headheight is too small (0.0pt): 
(fancyhdr)                Make it at least 14.0pt, for example:
(fancyhdr)                \setlength{\headheight}{14.0pt}.
(fancyhdr)                You might also make \topmargin smaller:
(fancyhdr)                \addtolength{\topmargin}{-14.0pt}.

[262]
Overfull \hbox (18.19873pt too wide) in paragraph at lines 1486--1487
\TU/GFSPorson(0)/m/n/10 >ίσον >ῆ| τῶ| ὑπὸ τῶν μέσων περιεθομένῳ ὀρθογωνίῳ,
 []


Underfull \hbox (badness 10000) in paragraph at lines 1486--1487

 []

File: Book06/fig16g.eps Graphic file (type eps)
<Book06/fig16g.eps>

Overfull \hbox (9.17395pt too wide) in paragraph at lines 1515--1516
[]\TU/GFSPorson(0)/m/n/10 Ἀλλὰ δὴ τὸ ὑπὸ τῶν ΑΒ, Ζ περιεχόμενον ὀρθογώνιον
 []


Overfull \hbox (4.2323pt too wide) in paragraph at lines 1533--1533
\TU/GFSPorson(0)/m/n/10 κ>ὰν τὸ ὑπὸ τῶν >άκρων περιεχόμενον ὀρθογώνιον
 []


Overfull \hbox (18.19873pt too wide) in paragraph at lines 1533--1533
\TU/GFSPorson(0)/m/n/10 >ίσον >ῆ| τῶ| ὑπὸ τῶν μέσων περιεθομένῳ ὀρθογωνίῳ,
 []

File: Book06/fig16e.eps Graphic file (type eps)
<Book06/fig16e.eps>

Overfull \vbox (14.65388pt too high) detected at line 1588
 []


Overfull \vbox (196.14622pt too high) detected at line 1588
 []


Overfull \vbox (197.14996pt too high) detected at line 1588
 []




Package fancyhdr Warning: \headheight is too small (0.0pt): 
(fancyhdr)                Make it at least 14.0pt, for example:
(fancyhdr)                \setlength{\headheight}{14.0pt}.
(fancyhdr)                You might also make \topmargin smaller:
(fancyhdr)                \addtolength{\topmargin}{-14.0pt}.

[263]
File: Book06/fig17g.eps Graphic file (type eps)
<Book06/fig17g.eps>
File: Book06/fig17e.eps Graphic file (type eps)
<Book06/fig17e.eps>

Overfull \vbox (14.65388pt too high) detected at line 1693
 []


Overfull \vbox (88.74495pt too high) detected at line 1693
 []


Overfull \vbox (87.74121pt too high) detected at line 1693
 []




Package fancyhdr Warning: \headheight is too small (0.0pt): 
(fancyhdr)                Make it at least 14.0pt, for example:
(fancyhdr)                \setlength{\headheight}{14.0pt}.
(fancyhdr)                You might also make \topmargin smaller:
(fancyhdr)                \addtolength{\topmargin}{-14.0pt}.

[264]
Underfull \hbox (badness 10000) in paragraph at lines 1710--1711

 []

File: Book06/fig18g.eps Graphic file (type eps)
<Book06/fig18g.eps>

Overfull \hbox (3.19095pt too wide) in paragraph at lines 1746--1746
\TU/GFSPorson(0)/m/n/10 κείμενον εὐθύγραμμον ἀναγέγραπται τὸ ΑΘ; <όπερ
 []

File: Book06/fig18e.eps Graphic file (type eps)
<Book06/fig18e.eps>

Overfull \vbox (14.65388pt too high) detected at line 1785
 []


Overfull \vbox (183.09747pt too high) detected at line 1785
 []


Overfull \vbox (183.09747pt too high) detected at line 1785
 []




Package fancyhdr Warning: \headheight is too small (0.0pt): 
(fancyhdr)                Make it at least 14.0pt, for example:
(fancyhdr)                \setlength{\headheight}{14.0pt}.
(fancyhdr)                You might also make \topmargin smaller:
(fancyhdr)                \addtolength{\topmargin}{-14.0pt}.

[265]


Package fancyhdr Warning: \headheight is too small (0.0pt): 
(fancyhdr)                Make it at least 14.0pt, for example:
(fancyhdr)                \setlength{\headheight}{14.0pt}.
(fancyhdr)                You might also make \topmargin smaller:
(fancyhdr)                \addtolength{\topmargin}{-14.0pt}.

[266]
File: Book06/fig19g.eps Graphic file (type eps)
<Book06/fig19g.eps>

Underfull \hbox (badness 10000) in paragraph at lines 1835--1836

 []


Underfull \hbox (badness 10000) in paragraph at lines 1835--1836

 []

File: Book06/fig19e.eps Graphic file (type eps)
<Book06/fig19e.eps>

Underfull \hbox (badness 10000) in paragraph at lines 1884--1887

 []


Overfull \vbox (14.65388pt too high) detected at line 1896
 []


Overfull \vbox (196.14621pt too high) detected at line 1896
 []


Overfull \vbox (197.14996pt too high) detected at line 1896
 []




Package fancyhdr Warning: \headheight is too small (0.0pt): 
(fancyhdr)                Make it at least 14.0pt, for example:
(fancyhdr)                \setlength{\headheight}{14.0pt}.
(fancyhdr)                You might also make \topmargin smaller:
(fancyhdr)                \addtolength{\topmargin}{-14.0pt}.

[267]
Underfull \hbox (badness 10000) in paragraph at lines 1919--1920

 []

File: Book06/fig20g.eps Graphic file (type eps)
<Book06/fig20g.eps>

Overfull \hbox (10.58197pt too wide) in paragraph at lines 1954--1955
\TU/GFSPorson(0)/m/n/10 τὰ ΖΗΛ, ΛΗΘ, ΛΘΚ, καὶ <ότι τὸ ΑΒΓΔΕ πολύγωνον
 []


Overfull \hbox (3.66766pt too wide) in paragraph at lines 1954--1955
\TU/GFSPorson(0)/m/n/10 >έθει >ήπερ ἡ ὁμόλογοξ πλευρὰ πρὸξ τὴν ὁμόλογον
 []


Overfull \hbox (3.22768pt too wide) in paragraph at lines 1996--1997
[]\TU/GFSPorson(0)/m/n/10 Τὰ >άρα <όμοια πολύγωνα ε>ίξ τε <όμοια τρίγωνα
 []


Underfull \hbox (badness 10000) in paragraph at lines 1996--1997

 []


Underfull \hbox (badness 10000) in paragraph at lines 1996--1997

 []


Underfull \hbox (badness 10000) in paragraph at lines 1996--1997

 []


Underfull \hbox (badness 10000) in paragraph at lines 1996--1997

 []


Underfull \hbox (badness 10000) in paragraph at lines 1996--1997

 []


Overfull \hbox (14.80092pt too wide) in paragraph at lines 2006--2006
\TU/GFSPorson(0)/m/n/10 τριγώνων; <ώστε καὶ καθόλου τὰ <όμοια εὐθύγραμμα
 []

File: Book06/fig20e.eps Graphic file (type eps)
<Book06/fig20e.eps>

Underfull \hbox (badness 10000) in paragraph at lines 2098--2104

 []


Underfull \hbox (badness 10000) in paragraph at lines 2109--2113

 []


Overfull \vbox (14.65388pt too high) detected at line 2114
 []


Overfull \vbox (241.31497pt too high) detected at line 2114
 []


Overfull \vbox (242.31871pt too high) detected at line 2114
 []




Package fancyhdr Warning: \headheight is too small (0.0pt): 
(fancyhdr)                Make it at least 14.0pt, for example:
(fancyhdr)                \setlength{\headheight}{14.0pt}.
(fancyhdr)                You might also make \topmargin smaller:
(fancyhdr)                \addtolength{\topmargin}{-14.0pt}.

[268]


Package fancyhdr Warning: \headheight is too small (0.0pt): 
(fancyhdr)                Make it at least 14.0pt, for example:
(fancyhdr)                \setlength{\headheight}{14.0pt}.
(fancyhdr)                You might also make \topmargin smaller:
(fancyhdr)                \addtolength{\topmargin}{-14.0pt}.

[269]


Package fancyhdr Warning: \headheight is too small (0.0pt): 
(fancyhdr)                Make it at least 14.0pt, for example:
(fancyhdr)                \setlength{\headheight}{14.0pt}.
(fancyhdr)                You might also make \topmargin smaller:
(fancyhdr)                \addtolength{\topmargin}{-14.0pt}.

[270]


Package fancyhdr Warning: \headheight is too small (0.0pt): 
(fancyhdr)                Make it at least 14.0pt, for example:
(fancyhdr)                \setlength{\headheight}{14.0pt}.
(fancyhdr)                You might also make \topmargin smaller:
(fancyhdr)                \addtolength{\topmargin}{-14.0pt}.

[271]
Underfull \hbox (badness 10000) in paragraph at lines 2126--2127

 []

File: Book06/fig21g.eps Graphic file (type eps)
<Book06/fig21g.eps>
File: Book06/fig21e.eps Graphic file (type eps)
<Book06/fig21e.eps>

Overfull \vbox (14.65388pt too high) detected at line 2165
 []


Overfull \vbox (293.50996pt too high) detected at line 2165
 []


Overfull \vbox (293.50996pt too high) detected at line 2165
 []




Package fancyhdr Warning: \headheight is too small (0.0pt): 
(fancyhdr)                Make it at least 14.0pt, for example:
(fancyhdr)                \setlength{\headheight}{14.0pt}.
(fancyhdr)                You might also make \topmargin smaller:
(fancyhdr)                \addtolength{\topmargin}{-14.0pt}.

[272]
Overfull \hbox (29.09645pt too wide) in paragraph at lines 2181--2182
\TU/GFSPorson(0)/m/n/10 αὐτῶν εὐθύγραμμα <όμοιά τε καὶ ὁμοίωξ ἀναγεγραμμένα
 []

File: Book06/fig22g.eps Graphic file (type eps)
<Book06/fig22g.eps>
File: Book06/fig22e.eps Graphic file (type eps)
<Book06/fig22e.eps>

Overfull \vbox (14.65388pt too high) detected at line 2279
 []


Overfull \vbox (371.80247pt too high) detected at line 2279
 []


Overfull \vbox (367.78746pt too high) detected at line 2279
 []




Package fancyhdr Warning: \headheight is too small (0.0pt): 
(fancyhdr)                Make it at least 14.0pt, for example:
(fancyhdr)                \setlength{\headheight}{14.0pt}.
(fancyhdr)                You might also make \topmargin smaller:
(fancyhdr)                \addtolength{\topmargin}{-14.0pt}.

[273]


Package fancyhdr Warning: \headheight is too small (0.0pt): 
(fancyhdr)                Make it at least 14.0pt, for example:
(fancyhdr)                \setlength{\headheight}{14.0pt}.
(fancyhdr)                You might also make \topmargin smaller:
(fancyhdr)                \addtolength{\topmargin}{-14.0pt}.

[274]
File: Book06/fig23g.eps Graphic file (type eps)
<Book06/fig23g.eps>

Overfull \hbox (13.42104pt too wide) in paragraph at lines 2335--2335
[]\TU/GFSPorson(0)/m/n/10 Τὰ >άρα ἰσογώνια παραλληλόγραμμα πρὸξ >άλληλα
 []

File: Book06/fig23e.eps Graphic file (type eps)
<Book06/fig23e.eps>

Overfull \vbox (14.65388pt too high) detected at line 2374
 []


Overfull \vbox (277.44997pt too high) detected at line 2374
 []


Overfull \vbox (278.4537pt too high) detected at line 2374
 []




Package fancyhdr Warning: \headheight is too small (0.0pt): 
(fancyhdr)                Make it at least 14.0pt, for example:
(fancyhdr)                \setlength{\headheight}{14.0pt}.
(fancyhdr)                You might also make \topmargin smaller:
(fancyhdr)                \addtolength{\topmargin}{-14.0pt}.

[275]


Package fancyhdr Warning: \headheight is too small (0.0pt): 
(fancyhdr)                Make it at least 14.0pt, for example:
(fancyhdr)                \setlength{\headheight}{14.0pt}.
(fancyhdr)                You might also make \topmargin smaller:
(fancyhdr)                \addtolength{\topmargin}{-14.0pt}.

[276]


Package fancyhdr Warning: \headheight is too small (0.0pt): 
(fancyhdr)                Make it at least 14.0pt, for example:
(fancyhdr)                \setlength{\headheight}{14.0pt}.
(fancyhdr)                You might also make \topmargin smaller:
(fancyhdr)                \addtolength{\topmargin}{-14.0pt}.

[277]
Overfull \hbox (2.64096pt too wide) in paragraph at lines 2388--2389
[]\TU/GFSPorson(0)/m/n/10 Παντὸξ παραλληλογράμμου τὰ περὶ τὴν διάμετρον
 []

File: Book06/fig24g.eps Graphic file (type eps)
<Book06/fig24g.eps>

Overfull \hbox (8.82556pt too wide) in paragraph at lines 2432--2433
\TU/GFSPorson(0)/m/n/10 παραλληλόγραμμον καὶ τῶ| ΚΘ παραλληλογράμμῳ
 []


Overfull \hbox (14.93427pt too wide) in paragraph at lines 2432--2433
\TU/GFSPorson(0)/m/n/10 παραλληλογράμμων τῶ| ΑΒΓΔ [παραλληλογράμμῳ]
 []


Overfull \hbox (18.36263pt too wide) in paragraph at lines 2432--2433
\TU/GFSPorson(0)/m/n/10 >άρα παραλληλόγραμμον τῶ| ΘΚ παραλληλογράμμῳ
 []

File: Book06/fig24e.eps Graphic file (type eps)
<Book06/fig24e.eps>

Overfull \vbox (14.65388pt too high) detected at line 2480
 []


Overfull \vbox (259.38246pt too high) detected at line 2480
 []


Overfull \vbox (260.3862pt too high) detected at line 2480
 []




Package fancyhdr Warning: \headheight is too small (0.0pt): 
(fancyhdr)                Make it at least 14.0pt, for example:
(fancyhdr)                \setlength{\headheight}{14.0pt}.
(fancyhdr)                You might also make \topmargin smaller:
(fancyhdr)                \addtolength{\topmargin}{-14.0pt}.

[278]


Package fancyhdr Warning: \headheight is too small (0.0pt): 
(fancyhdr)                Make it at least 14.0pt, for example:
(fancyhdr)                \setlength{\headheight}{14.0pt}.
(fancyhdr)                You might also make \topmargin smaller:
(fancyhdr)                \addtolength{\topmargin}{-14.0pt}.

[279]
Underfull \hbox (badness 10000) in paragraph at lines 2493--2494

 []

File: Book06/fig25g.eps Graphic file (type eps)
<Book06/fig25g.eps>

Overfull \hbox (1.06798pt too wide) in paragraph at lines 2501--2502
[]\TU/GFSPorson(0)/m/n/10 >’Εστω τὸ μὲν δοθὲν εὐθύγραμμον, <ῶ| δεῖ <όμοιον
 []


Overfull \hbox (7.69154pt too wide) in paragraph at lines 2527--2528
\TU/GFSPorson(0)/m/n/10 ΒΓ πρὸξ τὴν ΓΖ, ο<ύτωξ τὸ ΒΕ παραλληλόγραμμον
 []


Overfull \hbox (31.06299pt too wide) in paragraph at lines 2527--2528
\TU/GFSPorson(0)/m/n/10 ΒΕ παραλληλόγραμμον πρὸξ τὸ ΕΖ παραλληλόγραμμον;
 []

File: Book06/fig25e.eps Graphic file (type eps)
<Book06/fig25e.eps>

Overfull \vbox (14.65388pt too high) detected at line 2571
 []


Overfull \vbox (246.33372pt too high) detected at line 2571
 []


Overfull \vbox (246.33372pt too high) detected at line 2571
 []




Package fancyhdr Warning: \headheight is too small (0.0pt): 
(fancyhdr)                Make it at least 14.0pt, for example:
(fancyhdr)                \setlength{\headheight}{14.0pt}.
(fancyhdr)                You might also make \topmargin smaller:
(fancyhdr)                \addtolength{\topmargin}{-14.0pt}.

[280]
Overfull \hbox (1.26225pt too wide) in paragraph at lines 2585--2586
[]\TU/GFSPorson(0)/m/n/10 Ἐὰν ἀπὸ παραλληλογράμμου παραλληλόγραμμον
 []


Overfull \hbox (4.81166pt too wide) in paragraph at lines 2585--2586
\TU/GFSPorson(0)/m/n/10 ἀφαιρεθῆ| <όμοιόν τε τῶ| <όλῳ καὶ ὁμοίωξ κείμενον
 []


Overfull \hbox (11.38307pt too wide) in paragraph at lines 2585--2586
\TU/GFSPorson(0)/m/n/10 κοινὴν γωνίαν >έθον αὐτῶ|, περὶ τὴν αὐτὴν διάμετρόν
 []


Overfull \hbox (30.70103pt too wide) in paragraph at lines 2590--2591
[]\TU/GFSPorson(0)/m/n/10 Ἀπὸ γὰρ παραλληλογράμμου τοῦ ΑΒΓΔ παραλληλόγρα-
 []


Underfull \hbox (badness 10000) in paragraph at lines 2590--2591

 []

File: Book06/fig26g.eps Graphic file (type eps)
<Book06/fig26g.eps>

Overfull \hbox (1.64435pt too wide) in paragraph at lines 2597--2598
[]\TU/GFSPorson(0)/m/n/10 μὴ γάρ, ἀλλ> εἰ δυνατόν, >έστω [αὐτῶν] διάμετροξ
 []


Overfull \hbox (16.42769pt too wide) in paragraph at lines 2613--2613
[]\TU/GFSPorson(0)/m/n/10 Ἐὰν >άρα ἀπὸ παραλληλογράμμου παραλληλόγραμ-
 []

File: Book06/fig26e.eps Graphic file (type eps)
<Book06/fig26e.eps>

Overfull \vbox (14.65388pt too high) detected at line 2651
 []


Overfull \vbox (241.31497pt too high) detected at line 2651
 []


Overfull \vbox (242.31871pt too high) detected at line 2651
 []




Package fancyhdr Warning: \headheight is too small (0.0pt): 
(fancyhdr)                Make it at least 14.0pt, for example:
(fancyhdr)                \setlength{\headheight}{14.0pt}.
(fancyhdr)                You might also make \topmargin smaller:
(fancyhdr)                \addtolength{\topmargin}{-14.0pt}.

[281]


Package fancyhdr Warning: \headheight is too small (0.0pt): 
(fancyhdr)                Make it at least 14.0pt, for example:
(fancyhdr)                \setlength{\headheight}{14.0pt}.
(fancyhdr)                You might also make \topmargin smaller:
(fancyhdr)                \addtolength{\topmargin}{-14.0pt}.

[282]
Overfull \hbox (20.73642pt too wide) in paragraph at lines 2666--2667
[]\TU/GFSPorson(0)/m/n/10 Πάντων τῶν παρὰ τὴν αὐτὴν εὐθεῖαν παραβαλλομένων
 []


Overfull \hbox (60.03192pt too wide) in paragraph at lines 2666--2667
\TU/GFSPorson(0)/m/n/10 παραλληλογράμμων καὶ ἐλλειπόντων ε>ίδεσι παραλληλογράμ-

 []


Overfull \hbox (26.11139pt too wide) in paragraph at lines 2677--2678
\TU/GFSPorson(0)/m/n/10 παραλληλόγραμμον ἐλλεῖπον ε>ίδει παραλληλογράμμῳ
 []

File: Book06/fig27g.eps Graphic file (type eps)
<Book06/fig27g.eps>

Overfull \hbox (46.69292pt too wide) in paragraph at lines 2697--2697
[]\TU/GFSPorson(0)/m/n/10 Πάντων >άρα τῶν παρὰ τὴν αὐτὴν εὐθεῖαν παραβαλλομένων

 []


Overfull \hbox (73.584pt too wide) in paragraph at lines 2697--2697
\TU/GFSPorson(0)/m/n/10 παραλληλογράμμων καὶ ἐλλειπόντων ε>ίδεσι παραλληλογράμμ
οιξ
 []

File: Book06/fig27e.eps Graphic file (type eps)
<Book06/fig27e.eps>

Overfull \vbox (14.65388pt too high) detected at line 2744
 []


Overfull \vbox (241.31497pt too high) detected at line 2744
 []


Overfull \vbox (242.31871pt too high) detected at line 2744
 []




Package fancyhdr Warning: \headheight is too small (0.0pt): 
(fancyhdr)                Make it at least 14.0pt, for example:
(fancyhdr)                \setlength{\headheight}{14.0pt}.
(fancyhdr)                You might also make \topmargin smaller:
(fancyhdr)                \addtolength{\topmargin}{-14.0pt}.

[283]
Overfull \hbox (4.57332pt too wide) in paragraph at lines 2762--2763
[]\TU/GFSPorson(0)/m/n/10 Παρὰ τὴν δοθεῖσαν εὐθεῖαν τῶ| δοθέντι εὐθυγράμμῳ
 []


Overfull \hbox (0.78964pt too wide) in paragraph at lines 2762--2763
\TU/GFSPorson(0)/m/n/10 παραβαλεῖν] μὴ μεῖζον ε>ῖναι τοῦ ἀπὸ τῆξ ἡμισείαξ
 []


Overfull \hbox (16.775pt too wide) in paragraph at lines 2771--2772
\TU/GFSPorson(0)/m/n/10 εὐθύγραμμον, <ῶ| δεῖ >ίσον παρὰ τὴν ΑΒ παραβαλεῖν,
 []


Underfull \hbox (badness 10000) in paragraph at lines 2775--2776

 []


Underfull \hbox (badness 10000) in paragraph at lines 2775--2776

 []


Underfull \hbox (badness 10000) in paragraph at lines 2775--2776

 []

File: Book06/fig28g.eps Graphic file (type eps)
<Book06/fig28g.eps>

Overfull \hbox (12.79294pt too wide) in paragraph at lines 2818--2818
\TU/GFSPorson(0)/m/n/10 δοθέντι εὐθυγράμμῳ τῶ| Γ >ίσον παραλληλόγραμμον
 []


Overfull \hbox (29.73303pt too wide) in paragraph at lines 2818--2818
\TU/GFSPorson(0)/m/n/10 παραβέβληται τὸ ΣΤ ἐλλεῖπον ε>ίδει παραλληλογράμμῳ
 []

File: Book06/fig28e.eps Graphic file (type eps)
<Book06/fig28e.eps>

Overfull \vbox (14.65388pt too high) detected at line 2880
 []


Overfull \vbox (295.51747pt too high) detected at line 2880
 []


Overfull \vbox (313.58496pt too high) detected at line 2880
 []




Package fancyhdr Warning: \headheight is too small (0.0pt): 
(fancyhdr)                Make it at least 14.0pt, for example:
(fancyhdr)                \setlength{\headheight}{14.0pt}.
(fancyhdr)                You might also make \topmargin smaller:
(fancyhdr)                \addtolength{\topmargin}{-14.0pt}.

[284]


Package fancyhdr Warning: \headheight is too small (0.0pt): 
(fancyhdr)                Make it at least 14.0pt, for example:
(fancyhdr)                \setlength{\headheight}{14.0pt}.
(fancyhdr)                You might also make \topmargin smaller:
(fancyhdr)                \addtolength{\topmargin}{-14.0pt}.

[285]


Package fancyhdr Warning: \headheight is too small (0.0pt): 
(fancyhdr)                Make it at least 14.0pt, for example:
(fancyhdr)                \setlength{\headheight}{14.0pt}.
(fancyhdr)                You might also make \topmargin smaller:
(fancyhdr)                \addtolength{\topmargin}{-14.0pt}.

[286]
Overfull \hbox (4.57332pt too wide) in paragraph at lines 2902--2903
[]\TU/GFSPorson(0)/m/n/10 Παρὰ τὴν δοθεῖσαν εὐθεῖαν τῶ| δοθέντι εὐθυγράμμῳ
 []


Overfull \hbox (6.03629pt too wide) in paragraph at lines 2902--2903
\TU/GFSPorson(0)/m/n/10 >ίσον παραλληλόγραμμον παραβαλεῖν ὑπερβάλλον
 []


Underfull \hbox (badness 10000) in paragraph at lines 2902--2903

 []

File: Book06/fig29g.eps Graphic file (type eps)
<Book06/fig29g.eps>

Overfull \hbox (16.775pt too wide) in paragraph at lines 2912--2913
\TU/GFSPorson(0)/m/n/10 εὐθύγραμμον, <ῶ| δεῖ >ίσον παρὰ τὴν ΑΒ παραβαλεῖν,
 []


Overfull \hbox (6.4323pt too wide) in paragraph at lines 2912--2913
\TU/GFSPorson(0)/m/n/10 παραλληλόγραμμον παραβαλεῖν ὑπερβάλλον ε>ίδει
 []


Overfull \hbox (12.79294pt too wide) in paragraph at lines 2943--2943
\TU/GFSPorson(0)/m/n/10 δοθέντι εὐθυγράμμῳ τῶ| Γ >ίσον παραλληλόγραμμον
 []


Overfull \hbox (45.96913pt too wide) in paragraph at lines 2943--2943
\TU/GFSPorson(0)/m/n/10 παραβέβληται τὸ ΑΧ ὑπερβάλλον ε>ίδει παραλληλογράμμῳ
 []

File: Book06/fig29e.eps Graphic file (type eps)
<Book06/fig29e.eps>

Overfull \vbox (14.65388pt too high) detected at line 2990
 []


Overfull \vbox (328.6412pt too high) detected at line 2990
 []


Overfull \vbox (330.64871pt too high) detected at line 2990
 []




Package fancyhdr Warning: \headheight is too small (0.0pt): 
(fancyhdr)                Make it at least 14.0pt, for example:
(fancyhdr)                \setlength{\headheight}{14.0pt}.
(fancyhdr)                You might also make \topmargin smaller:
(fancyhdr)                \addtolength{\topmargin}{-14.0pt}.

[287]


Package fancyhdr Warning: \headheight is too small (0.0pt): 
(fancyhdr)                Make it at least 14.0pt, for example:
(fancyhdr)                \setlength{\headheight}{14.0pt}.
(fancyhdr)                You might also make \topmargin smaller:
(fancyhdr)                \addtolength{\topmargin}{-14.0pt}.

[288]
File: Book06/fig30g.eps Graphic file (type eps)
<Book06/fig30g.eps>
File: Book06/fig30e.eps Graphic file (type eps)
<Book06/fig30e.eps>

Overfull \vbox (14.65388pt too high) detected at line 3061
 []


Overfull \vbox (265.40495pt too high) detected at line 3061
 []


Overfull \vbox (264.40121pt too high) detected at line 3061
 []




Package fancyhdr Warning: \headheight is too small (0.0pt): 
(fancyhdr)                Make it at least 14.0pt, for example:
(fancyhdr)                \setlength{\headheight}{14.0pt}.
(fancyhdr)                You might also make \topmargin smaller:
(fancyhdr)                \addtolength{\topmargin}{-14.0pt}.

[289]
Overfull \hbox (43.98288pt too wide) in paragraph at lines 3078--3079
\TU/GFSPorson(0)/m/n/10 πλευρῶν ε>ίδεσι τοῖξ ὁμοίοιξ τε καὶ ὁμοίωξ ἀναγραφομένο
ιξ. 
 []

File: Book06/fig31g.eps Graphic file (type eps)
<Book06/fig31g.eps>
File: Book06/fig31e.eps Graphic file (type eps)
<Book06/fig31e.eps>

Underfull \hbox (badness 10000) in paragraph at lines 3149--3152

 []


Underfull \hbox (badness 10000) in paragraph at lines 3149--3152

 []


Overfull \vbox (14.65388pt too high) detected at line 3153
 []


Overfull \vbox (242.31871pt too high) detected at line 3153
 []


Overfull \vbox (242.31871pt too high) detected at line 3153
 []




Package fancyhdr Warning: \headheight is too small (0.0pt): 
(fancyhdr)                Make it at least 14.0pt, for example:
(fancyhdr)                \setlength{\headheight}{14.0pt}.
(fancyhdr)                You might also make \topmargin smaller:
(fancyhdr)                \addtolength{\topmargin}{-14.0pt}.

[290]
File: Book06/fig32g.eps Graphic file (type eps)
<Book06/fig32g.eps>
File: Book06/fig32e.eps Graphic file (type eps)
<Book06/fig32e.eps>

Overfull \vbox (14.65388pt too high) detected at line 3241
 []


Overfull \vbox (224.2512pt too high) detected at line 3241
 []


Overfull \vbox (223.24747pt too high) detected at line 3241
 []




Package fancyhdr Warning: \headheight is too small (0.0pt): 
(fancyhdr)                Make it at least 14.0pt, for example:
(fancyhdr)                \setlength{\headheight}{14.0pt}.
(fancyhdr)                You might also make \topmargin smaller:
(fancyhdr)                \addtolength{\topmargin}{-14.0pt}.

[291]
Overfull \hbox (13.7877pt too wide) in paragraph at lines 3255--3256
\TU/GFSPorson(0)/m/n/10 >έθουσι λόγον ταῖξ περιφερείαιξ, ἐφ> <ῶν βεβήκασιν,
 []


Overfull \hbox (4.15096pt too wide) in paragraph at lines 3262--3263
\TU/GFSPorson(0)/m/n/10 μὲν τοῖξ κέντροιξ αὐτῶν τοῖξ Η, Θ γωνίαι >έστωσαν
 []

File: Book06/fig33g.eps Graphic file (type eps)
<Book06/fig33g.eps>

Underfull \hbox (badness 10000) in paragraph at lines 3310--3314

 []

File: Book06/fig33e.eps Graphic file (type eps)
<Book06/fig33e.eps>

Overfull \vbox (14.65388pt too high) detected at line 3348
 []


Overfull \vbox (253.35997pt too high) detected at line 3348
 []


Overfull \vbox (253.35997pt too high) detected at line 3348
 []




Package fancyhdr Warning: \headheight is too small (0.0pt): 
(fancyhdr)                Make it at least 14.0pt, for example:
(fancyhdr)                \setlength{\headheight}{14.0pt}.
(fancyhdr)                You might also make \topmargin smaller:
(fancyhdr)                \addtolength{\topmargin}{-14.0pt}.

[292]


Package fancyhdr Warning: \headheight is too small (0.0pt): 
(fancyhdr)                Make it at least 14.0pt, for example:
(fancyhdr)                \setlength{\headheight}{14.0pt}.
(fancyhdr)                You might also make \topmargin smaller:
(fancyhdr)                \addtolength{\topmargin}{-14.0pt}.

[293])


Package fancyhdr Warning: \headheight is too small (0.0pt): 
(fancyhdr)                Make it at least 14.0pt, for example:
(fancyhdr)                \setlength{\headheight}{14.0pt}.
(fancyhdr)                You might also make \topmargin smaller:
(fancyhdr)                \addtolength{\topmargin}{-14.0pt}.

[294]
\openout2 = `Book07/Book7.aux'.

 (./Book07/Book7.tex

[295



]
Overfull \hbox (15.62602pt too wide) in paragraph at lines 55--56
[]\TU/GFSPorson(0)/m/n/10 11\TU/TimesNewRoman(0)/m/n/10 . \TU/GFSPorson(0)/m/n/
10 Πρῶτοξ ἀριθμόξ ἐστιν ὁ μονάδι μόνῃ μετρούμενοξ. 
 []


Overfull \hbox (20.30106pt too wide) in paragraph at lines 60--61
[]\TU/GFSPorson(0)/m/n/10 13\TU/TimesNewRoman(0)/m/n/10 . \TU/GFSPorson(0)/m/n/
10 Σύνθετοξ ἀριθμόξ ἐστιν ὁ ἀριθμῶ| τινι μετρούμενοξ. 
 []


Overfull \hbox (0.21396pt too wide) in paragraph at lines 71--73
\TU/GFSPorson(0)/m/n/10 πλευραὶ δὲ αὐτοῦ οἱ πολλαπλασιάσαντεξ ἀλλήλουξ
 []




Package fancyhdr Warning: \headheight is too small (0.0pt): 
(fancyhdr)                Make it at least 14.0pt, for example:
(fancyhdr)                \setlength{\headheight}{14.0pt}.
(fancyhdr)                You might also make \topmargin smaller:
(fancyhdr)                \addtolength{\topmargin}{-14.0pt}.

[296]
Overfull \hbox (1.66196pt too wide) in paragraph at lines 188--189
[]\TU/GFSPorson(0)/m/n/10 Δύο ἀριθμῶν ἀνίσων ἐκκειμένων, ἀνθυφαιρουμένου
 []


Underfull \hbox (badness 10000) in paragraph at lines 188--189

 []

File: Book07/fig01g.eps Graphic file (type eps)
<Book07/fig01g.eps>

Overfull \hbox (28.29573pt too wide) in paragraph at lines 196--197
[]\TU/GFSPorson(0)/m/n/10 Δύο γὰρ [ἀνίσων] ἀριθμῶν τῶν ΑΒ, ΓΔ ἀνθυφαιρουμένου
 []

File: Book07/fig01e.eps Graphic file (type eps)
<Book07/fig01e.eps>

Overfull \vbox (14.65388pt too high) detected at line 246
 []


Overfull \vbox (214.21371pt too high) detected at line 246
 []


Overfull \vbox (215.21745pt too high) detected at line 246
 []




Package fancyhdr Warning: \headheight is too small (0.0pt): 
(fancyhdr)                Make it at least 14.0pt, for example:
(fancyhdr)                \setlength{\headheight}{14.0pt}.
(fancyhdr)                You might also make \topmargin smaller:
(fancyhdr)                \addtolength{\topmargin}{-14.0pt}.

[297]
File: Book07/fig02g.eps Graphic file (type eps)
<Book07/fig02g.eps>

Underfull \hbox (badness 10000) in paragraph at lines 306--307

 []


Underfull \hbox (badness 10000) in paragraph at lines 306--307

 []


Underfull \hbox (badness 10000) in paragraph at lines 306--307

 []


Underfull \hbox (badness 10000) in paragraph at lines 306--307

 []


Underfull \hbox (badness 10000) in paragraph at lines 306--307

 []


Underfull \hbox (badness 10000) in paragraph at lines 306--307

 []

File: Book07/fig02e.eps Graphic file (type eps)
<Book07/fig02e.eps>

Underfull \hbox (badness 10000) in paragraph at lines 335--361

 []


Overfull \vbox (14.65388pt too high) detected at line 369
 []


Overfull \vbox (179.08246pt too high) detected at line 369
 []


Overfull \vbox (178.07872pt too high) detected at line 369
 []




Package fancyhdr Warning: \headheight is too small (0.0pt): 
(fancyhdr)                Make it at least 14.0pt, for example:
(fancyhdr)                \setlength{\headheight}{14.0pt}.
(fancyhdr)                You might also make \topmargin smaller:
(fancyhdr)                \addtolength{\topmargin}{-14.0pt}.

[298]


Package fancyhdr Warning: \headheight is too small (0.0pt): 
(fancyhdr)                Make it at least 14.0pt, for example:
(fancyhdr)                \setlength{\headheight}{14.0pt}.
(fancyhdr)                You might also make \topmargin smaller:
(fancyhdr)                \addtolength{\topmargin}{-14.0pt}.

[299]
Overfull \hbox (10.20935pt too wide) in paragraph at lines 381--382
[]\TU/GFSPorson(0)/m/n/10 Τριῶν ἀριθμῶν δοθέντων μὴ πρώτων πρὸξ ἀλλήλουξ
 []

File: Book07/fig03g.eps Graphic file (type eps)
<Book07/fig03g.eps>
File: Book07/fig03e.eps Graphic file (type eps)
<Book07/fig03e.eps>

Overfull \vbox (14.65388pt too high) detected at line 477
 []


Overfull \vbox (226.25871pt too high) detected at line 477
 []


Overfull \vbox (226.25871pt too high) detected at line 477
 []




Package fancyhdr Warning: \headheight is too small (0.0pt): 
(fancyhdr)                Make it at least 14.0pt, for example:
(fancyhdr)                \setlength{\headheight}{14.0pt}.
(fancyhdr)                You might also make \topmargin smaller:
(fancyhdr)                \addtolength{\topmargin}{-14.0pt}.

[300]
File: Book07/fig04g.eps Graphic file (type eps)
<Book07/fig04g.eps>

Underfull \hbox (badness 10000) in paragraph at lines 526--529

 []

File: Book07/fig04e.eps Graphic file (type eps)
<Book07/fig04e.eps>

Overfull \vbox (14.65388pt too high) detected at line 543
 []


Overfull \vbox (221.23996pt too high) detected at line 543
 []


Overfull \vbox (226.25871pt too high) detected at line 543
 []




Package fancyhdr Warning: \headheight is too small (0.0pt): 
(fancyhdr)                Make it at least 14.0pt, for example:
(fancyhdr)                \setlength{\headheight}{14.0pt}.
(fancyhdr)                You might also make \topmargin smaller:
(fancyhdr)                \addtolength{\topmargin}{-14.0pt}.

[301]
Underfull \hbox (badness 10000) in paragraph at lines 556--557

 []

File: Book07/fig05g.eps Graphic file (type eps)
<Book07/fig05g.eps>
File: Book07/fig05e.eps Graphic file (type eps)
<Book07/fig05e.eps>

Overfull \vbox (14.65388pt too high) detected at line 608
 []


Overfull \vbox (210.19872pt too high) detected at line 608
 []


Overfull \vbox (215.21745pt too high) detected at line 608
 []




Package fancyhdr Warning: \headheight is too small (0.0pt): 
(fancyhdr)                Make it at least 14.0pt, for example:
(fancyhdr)                \setlength{\headheight}{14.0pt}.
(fancyhdr)                You might also make \topmargin smaller:
(fancyhdr)                \addtolength{\topmargin}{-14.0pt}.

[302]


Package fancyhdr Warning: \headheight is too small (0.0pt): 
(fancyhdr)                Make it at least 14.0pt, for example:
(fancyhdr)                \setlength{\headheight}{14.0pt}.
(fancyhdr)                You might also make \topmargin smaller:
(fancyhdr)                \addtolength{\topmargin}{-14.0pt}.

[303]
Underfull \hbox (badness 10000) in paragraph at lines 625--626

 []

File: Book07/fig06g.eps Graphic file (type eps)
<Book07/fig06g.eps>
File: Book07/fig06e.eps Graphic file (type eps)
<Book07/fig06e.eps>

Overfull \vbox (14.65388pt too high) detected at line 678
 []


Overfull \vbox (221.23996pt too high) detected at line 678
 []


Overfull \vbox (226.25871pt too high) detected at line 678
 []




Package fancyhdr Warning: \headheight is too small (0.0pt): 
(fancyhdr)                Make it at least 14.0pt, for example:
(fancyhdr)                \setlength{\headheight}{14.0pt}.
(fancyhdr)                You might also make \topmargin smaller:
(fancyhdr)                \addtolength{\topmargin}{-14.0pt}.

[304]
File: Book07/fig07g.eps Graphic file (type eps)
<Book07/fig07g.eps>
File: Book07/fig07e.eps Graphic file (type eps)
<Book07/fig07e.eps>

Overfull \vbox (14.65388pt too high) detected at line 751
 []


Overfull \vbox (85.7337pt too high) detected at line 751
 []


Overfull \vbox (84.72997pt too high) detected at line 751
 []




Package fancyhdr Warning: \headheight is too small (0.0pt): 
(fancyhdr)                Make it at least 14.0pt, for example:
(fancyhdr)                \setlength{\headheight}{14.0pt}.
(fancyhdr)                You might also make \topmargin smaller:
(fancyhdr)                \addtolength{\topmargin}{-14.0pt}.

[305]
Underfull \hbox (badness 10000) in paragraph at lines 768--769

 []

File: Book07/fig08g.eps Graphic file (type eps)
<Book07/fig08g.eps>
File: Book07/fig08e.eps Graphic file (type eps)
<Book07/fig08e.eps>

Overfull \hbox (1.45576pt too wide) in paragraph at lines 821--839
[]\TU/TimesNewRoman(0)/m/n/10 For let $\OML/cmm/m/it/10 GH$ \TU/TimesNewRoman(0
)/m/n/10 be laid down equal to $\OML/cmm/m/it/10 AB$\TU/TimesNewRoman(0)/m/n/10
 . Thus, which(ever)
 []


Overfull \vbox (14.65388pt too high) detected at line 840
 []


Overfull \vbox (139.9362pt too high) detected at line 840
 []


Overfull \vbox (138.93246pt too high) detected at line 840
 []




Package fancyhdr Warning: \headheight is too small (0.0pt): 
(fancyhdr)                Make it at least 14.0pt, for example:
(fancyhdr)                \setlength{\headheight}{14.0pt}.
(fancyhdr)                You might also make \topmargin smaller:
(fancyhdr)                \addtolength{\topmargin}{-14.0pt}.

[306]
File: Book07/fig09g.eps Graphic file (type eps)
<Book07/fig09g.eps>
File: Book07/fig09e.eps Graphic file (type eps)
<Book07/fig09e.eps>

Overfull \vbox (14.65388pt too high) detected at line 916
 []


Overfull \vbox (250.34872pt too high) detected at line 916
 []


Overfull \vbox (246.33371pt too high) detected at line 916
 []




Package fancyhdr Warning: \headheight is too small (0.0pt): 
(fancyhdr)                Make it at least 14.0pt, for example:
(fancyhdr)                \setlength{\headheight}{14.0pt}.
(fancyhdr)                You might also make \topmargin smaller:
(fancyhdr)                \addtolength{\topmargin}{-14.0pt}.

[307]
File: Book07/fig10g.eps Graphic file (type eps)
<Book07/fig10g.eps>
File: Book07/fig10e.eps Graphic file (type eps)
<Book07/fig10e.eps>

Overfull \vbox (14.65388pt too high) detected at line 995
 []


Overfull \vbox (244.32622pt too high) detected at line 995
 []


Overfull \vbox (239.30746pt too high) detected at line 995
 []




Package fancyhdr Warning: \headheight is too small (0.0pt): 
(fancyhdr)                Make it at least 14.0pt, for example:
(fancyhdr)                \setlength{\headheight}{14.0pt}.
(fancyhdr)                You might also make \topmargin smaller:
(fancyhdr)                \addtolength{\topmargin}{-14.0pt}.

[308]
Underfull \hbox (badness 10000) in paragraph at lines 1015--1016

 []


Underfull \hbox (badness 10000) in paragraph at lines 1015--1016

 []

File: Book07/fig11g.eps Graphic file (type eps)
<Book07/fig11g.eps>
File: Book07/fig11e.eps Graphic file (type eps)
<Book07/fig11e.eps>

Overfull \vbox (14.65388pt too high) detected at line 1049
 []


Overfull \vbox (268.41621pt too high) detected at line 1049
 []


Overfull \vbox (268.41621pt too high) detected at line 1049
 []




Package fancyhdr Warning: \headheight is too small (0.0pt): 
(fancyhdr)                Make it at least 14.0pt, for example:
(fancyhdr)                \setlength{\headheight}{14.0pt}.
(fancyhdr)                You might also make \topmargin smaller:
(fancyhdr)                \addtolength{\topmargin}{-14.0pt}.

[309]


Package fancyhdr Warning: \headheight is too small (0.0pt): 
(fancyhdr)                Make it at least 14.0pt, for example:
(fancyhdr)                \setlength{\headheight}{14.0pt}.
(fancyhdr)                You might also make \topmargin smaller:
(fancyhdr)                \addtolength{\topmargin}{-14.0pt}.

[310]
Underfull \hbox (badness 10000) in paragraph at lines 1066--1067

 []

File: Book07/fig12g.eps Graphic file (type eps)
<Book07/fig12g.eps>
File: Book07/fig12e.eps Graphic file (type eps)
<Book07/fig12e.eps>

Overfull \vbox (14.65388pt too high) detected at line 1103
 []


Overfull \vbox (239.30746pt too high) detected at line 1103
 []


Overfull \vbox (244.32622pt too high) detected at line 1103
 []




Package fancyhdr Warning: \headheight is too small (0.0pt): 
(fancyhdr)                Make it at least 14.0pt, for example:
(fancyhdr)                \setlength{\headheight}{14.0pt}.
(fancyhdr)                You might also make \topmargin smaller:
(fancyhdr)                \addtolength{\topmargin}{-14.0pt}.

[311]
Overfull \hbox (9.43169pt too wide) in paragraph at lines 1118--1119
[]\TU/GFSPorson(0)/m/n/10 Ἐὰν τέσσαρεξ ἀριθμοὶ ἀνάλογον >ῶσιν, καὶ ἐναλλὰχ
 []

File: Book07/fig12g.eps Graphic file (type eps)
<Book07/fig12g.eps>
File: Book07/fig12e.eps Graphic file (type eps)
<Book07/fig12e.eps>

Overfull \vbox (14.65388pt too high) detected at line 1157
 []


Overfull \vbox (244.32622pt too high) detected at line 1157
 []


Overfull \vbox (239.30746pt too high) detected at line 1157
 []




Package fancyhdr Warning: \headheight is too small (0.0pt): 
(fancyhdr)                Make it at least 14.0pt, for example:
(fancyhdr)                \setlength{\headheight}{14.0pt}.
(fancyhdr)                You might also make \topmargin smaller:
(fancyhdr)                \addtolength{\topmargin}{-14.0pt}.

[312]
Underfull \hbox (badness 10000) in paragraph at lines 1174--1175

 []

File: Book07/fig14g.eps Graphic file (type eps)
<Book07/fig14g.eps>

Overfull \hbox (8.51537pt too wide) in paragraph at lines 1184--1185
\TU/GFSPorson(0)/m/n/10 >άλλοι αὐτοῖξ >ίσοι τὸ πλῆθοξ σύνδυο λαμβανόμενοι
 []

File: Book07/fig14e.eps Graphic file (type eps)
<Book07/fig14e.eps>

Overfull \vbox (14.65388pt too high) detected at line 1221
 []


Overfull \vbox (87.74121pt too high) detected at line 1221
 []


Overfull \vbox (88.74495pt too high) detected at line 1221
 []




Package fancyhdr Warning: \headheight is too small (0.0pt): 
(fancyhdr)                Make it at least 14.0pt, for example:
(fancyhdr)                \setlength{\headheight}{14.0pt}.
(fancyhdr)                You might also make \topmargin smaller:
(fancyhdr)                \addtolength{\topmargin}{-14.0pt}.

[313]
Underfull \hbox (badness 10000) in paragraph at lines 1237--1238

 []

File: Book07/fig15g.eps Graphic file (type eps)
<Book07/fig15g.eps>
File: Book07/fig15e.eps Graphic file (type eps)
<Book07/fig15e.eps>

Overfull \vbox (14.65388pt too high) detected at line 1298
 []


Overfull \vbox (88.74495pt too high) detected at line 1298
 []


Overfull \vbox (87.74121pt too high) detected at line 1298
 []




Package fancyhdr Warning: \headheight is too small (0.0pt): 
(fancyhdr)                Make it at least 14.0pt, for example:
(fancyhdr)                \setlength{\headheight}{14.0pt}.
(fancyhdr)                You might also make \topmargin smaller:
(fancyhdr)                \addtolength{\topmargin}{-14.0pt}.

[314]
Overfull \hbox (2.216pt too wide) in paragraph at lines 1313--1314
\TU/GFSPorson(0)/m/n/10 ποιῶσί τιναξ, οἱ γενόμενοι ἐχ αὐτῶν >ίσοι ἀλλήλοιξ
 []


Underfull \hbox (badness 10000) in paragraph at lines 1313--1314

 []

File: Book07/fig16g.eps Graphic file (type eps)
<Book07/fig16g.eps>
File: Book07/fig16e.eps Graphic file (type eps)
<Book07/fig16e.eps>

Overfull \vbox (14.65388pt too high) detected at line 1359
 []


Overfull \vbox (160.01122pt too high) detected at line 1359
 []


Overfull \vbox (161.01495pt too high) detected at line 1359
 []




Package fancyhdr Warning: \headheight is too small (0.0pt): 
(fancyhdr)                Make it at least 14.0pt, for example:
(fancyhdr)                \setlength{\headheight}{14.0pt}.
(fancyhdr)                You might also make \topmargin smaller:
(fancyhdr)                \addtolength{\topmargin}{-14.0pt}.

[315]
File: Book07/fig17g.eps Graphic file (type eps)
<Book07/fig17g.eps>

Overfull \hbox (31.99438pt too wide) in paragraph at lines 1381--1382
[]\TU/GFSPorson(0)/m/n/10 Ἀριθμὸξ γὰρ ὁ Α δύο ἀριθμοὺξ τοὺξ Β, Γ πολλαπλασιάσαξ

 []

File: Book07/fig17e.eps Graphic file (type eps)
<Book07/fig17e.eps>

Overfull \vbox (14.65388pt too high) detected at line 1417
 []


Overfull \vbox (124.87996pt too high) detected at line 1417
 []


Overfull \vbox (123.87622pt too high) detected at line 1417
 []




Package fancyhdr Warning: \headheight is too small (0.0pt): 
(fancyhdr)                Make it at least 14.0pt, for example:
(fancyhdr)                \setlength{\headheight}{14.0pt}.
(fancyhdr)                You might also make \topmargin smaller:
(fancyhdr)                \addtolength{\topmargin}{-14.0pt}.

[316]
Overfull \hbox (1.89296pt too wide) in paragraph at lines 1433--1434
[]\TU/GFSPorson(0)/m/n/10 Ἐὰν δύο ἀριθμοὶ ἀριθμόν τινα πολλαπλασιάσαντεξ
 []

File: Book07/fig18g.eps Graphic file (type eps)
<Book07/fig18g.eps>
File: Book07/fig18e.eps Graphic file (type eps)
<Book07/fig18e.eps>

Overfull \vbox (14.65388pt too high) detected at line 1470
 []


Overfull \vbox (161.01495pt too high) detected at line 1470
 []


Overfull \vbox (160.01122pt too high) detected at line 1470
 []




Package fancyhdr Warning: \headheight is too small (0.0pt): 
(fancyhdr)                Make it at least 14.0pt, for example:
(fancyhdr)                \setlength{\headheight}{14.0pt}.
(fancyhdr)                You might also make \topmargin smaller:
(fancyhdr)                \addtolength{\topmargin}{-14.0pt}.

[317]
File: Book07/fig19g.eps Graphic file (type eps)
<Book07/fig19g.eps>
File: Book07/fig19e.eps Graphic file (type eps)
<Book07/fig19e.eps>

Overfull \vbox (14.65388pt too high) detected at line 1564
 []


Overfull \vbox (278.45372pt too high) detected at line 1564
 []


Overfull \vbox (279.45746pt too high) detected at line 1564
 []




Package fancyhdr Warning: \headheight is too small (0.0pt): 
(fancyhdr)                Make it at least 14.0pt, for example:
(fancyhdr)                \setlength{\headheight}{14.0pt}.
(fancyhdr)                You might also make \topmargin smaller:
(fancyhdr)                \addtolength{\topmargin}{-14.0pt}.

[318]


Package fancyhdr Warning: \headheight is too small (0.0pt): 
(fancyhdr)                Make it at least 14.0pt, for example:
(fancyhdr)                \setlength{\headheight}{14.0pt}.
(fancyhdr)                You might also make \topmargin smaller:
(fancyhdr)                \addtolength{\topmargin}{-14.0pt}.

[319]
Underfull \hbox (badness 10000) in paragraph at lines 1585--1586

 []

File: Book07/fig20g.eps Graphic file (type eps)
<Book07/fig20g.eps>
File: Book07/fig20e.eps Graphic file (type eps)
<Book07/fig20e.eps>

Overfull \vbox (14.65388pt too high) detected at line 1647
 []


Overfull \vbox (225.25496pt too high) detected at line 1647
 []


Overfull \vbox (220.23622pt too high) detected at line 1647
 []




Package fancyhdr Warning: \headheight is too small (0.0pt): 
(fancyhdr)                Make it at least 14.0pt, for example:
(fancyhdr)                \setlength{\headheight}{14.0pt}.
(fancyhdr)                You might also make \topmargin smaller:
(fancyhdr)                \addtolength{\topmargin}{-14.0pt}.

[320]
Underfull \hbox (badness 10000) in paragraph at lines 1668--1669

 []


Underfull \hbox (badness 10000) in paragraph at lines 1668--1669

 []

File: Book07/fig21g.eps Graphic file (type eps)
<Book07/fig21g.eps>
File: Book07/fig21e.eps Graphic file (type eps)
<Book07/fig21e.eps>

Overfull \vbox (14.65388pt too high) detected at line 1721
 []


Overfull \vbox (202.16872pt too high) detected at line 1721
 []


Overfull \vbox (207.18745pt too high) detected at line 1721
 []




Package fancyhdr Warning: \headheight is too small (0.0pt): 
(fancyhdr)                Make it at least 14.0pt, for example:
(fancyhdr)                \setlength{\headheight}{14.0pt}.
(fancyhdr)                You might also make \topmargin smaller:
(fancyhdr)                \addtolength{\topmargin}{-14.0pt}.

[321]
File: Book07/fig22g.eps Graphic file (type eps)
<Book07/fig22g.eps>
File: Book07/fig22e.eps Graphic file (type eps)
<Book07/fig22e.eps>

Overfull \vbox (14.65388pt too high) detected at line 1784
 []


Overfull \vbox (161.01495pt too high) detected at line 1784
 []


Overfull \vbox (160.01122pt too high) detected at line 1784
 []




Package fancyhdr Warning: \headheight is too small (0.0pt): 
(fancyhdr)                Make it at least 14.0pt, for example:
(fancyhdr)                \setlength{\headheight}{14.0pt}.
(fancyhdr)                You might also make \topmargin smaller:
(fancyhdr)                \addtolength{\topmargin}{-14.0pt}.

[322]
File: Book07/fig23g.eps Graphic file (type eps)
<Book07/fig23g.eps>
File: Book07/fig23e.eps Graphic file (type eps)
<Book07/fig23e.eps>

Overfull \vbox (14.65388pt too high) detected at line 1834
 []


Overfull \vbox (221.23996pt too high) detected at line 1834
 []


Overfull \vbox (226.25871pt too high) detected at line 1834
 []




Package fancyhdr Warning: \headheight is too small (0.0pt): 
(fancyhdr)                Make it at least 14.0pt, for example:
(fancyhdr)                \setlength{\headheight}{14.0pt}.
(fancyhdr)                You might also make \topmargin smaller:
(fancyhdr)                \addtolength{\topmargin}{-14.0pt}.

[323]
Underfull \hbox (badness 10000) in paragraph at lines 1847--1848

 []

File: Book07/fig24g.eps Graphic file (type eps)
<Book07/fig24g.eps>

Overfull \hbox (1.05482pt too wide) in paragraph at lines 1854--1855
\TU/GFSPorson(0)/m/n/10 πρῶτοι >έστωσαν, καὶ ὁ Α τὸν Β πολλαπλασιάσαξ
 []

File: Book07/fig24e.eps Graphic file (type eps)
<Book07/fig24e.eps>

Overfull \vbox (14.65388pt too high) detected at line 1918
 []


Overfull \vbox (238.30371pt too high) detected at line 1918
 []


Overfull \vbox (243.32245pt too high) detected at line 1918
 []




Package fancyhdr Warning: \headheight is too small (0.0pt): 
(fancyhdr)                Make it at least 14.0pt, for example:
(fancyhdr)                \setlength{\headheight}{14.0pt}.
(fancyhdr)                You might also make \topmargin smaller:
(fancyhdr)                \addtolength{\topmargin}{-14.0pt}.

[324]


Package fancyhdr Warning: \headheight is too small (0.0pt): 
(fancyhdr)                Make it at least 14.0pt, for example:
(fancyhdr)                \setlength{\headheight}{14.0pt}.
(fancyhdr)                You might also make \topmargin smaller:
(fancyhdr)                \addtolength{\topmargin}{-14.0pt}.

[325]
Underfull \hbox (badness 10000) in paragraph at lines 1935--1936

 []

File: Book07/fig25g.eps Graphic file (type eps)
<Book07/fig25g.eps>
File: Book07/fig25e.eps Graphic file (type eps)
<Book07/fig25e.eps>

Overfull \vbox (14.65388pt too high) detected at line 1971
 []


Overfull \vbox (202.16872pt too high) detected at line 1971
 []


Overfull \vbox (207.18745pt too high) detected at line 1971
 []




Package fancyhdr Warning: \headheight is too small (0.0pt): 
(fancyhdr)                Make it at least 14.0pt, for example:
(fancyhdr)                \setlength{\headheight}{14.0pt}.
(fancyhdr)                You might also make \topmargin smaller:
(fancyhdr)                \addtolength{\topmargin}{-14.0pt}.

[326]
File: Book07/fig26g.eps Graphic file (type eps)
<Book07/fig26g.eps>
File: Book07/fig26e.eps Graphic file (type eps)
<Book07/fig26e.eps>

Overfull \vbox (14.65388pt too high) detected at line 2029
 []


Overfull \vbox (123.87622pt too high) detected at line 2029
 []


Overfull \vbox (124.87996pt too high) detected at line 2029
 []




Package fancyhdr Warning: \headheight is too small (0.0pt): 
(fancyhdr)                Make it at least 14.0pt, for example:
(fancyhdr)                \setlength{\headheight}{14.0pt}.
(fancyhdr)                You might also make \topmargin smaller:
(fancyhdr)                \addtolength{\topmargin}{-14.0pt}.

[327]
Overfull \hbox (5.07196pt too wide) in paragraph at lines 2045--2046
\TU/GFSPorson(0)/m/n/10 πολλαπλασιάσαντεξ ποιῶσί τιναξ, κἀκεῖνοι πρῶτοι
 []


Overfull \hbox (5.2627pt too wide) in paragraph at lines 2045--2046
\TU/GFSPorson(0)/m/n/10 πρὸξ ἀλλήλουξ >έσονται [καὶ ἀεὶ περὶ τοὺξ >άκρουξ
 []

File: Book07/fig27g.eps Graphic file (type eps)
<Book07/fig27g.eps>
File: Book07/fig27e.eps Graphic file (type eps)
<Book07/fig27e.eps>

Overfull \vbox (14.65388pt too high) detected at line 2102
 []


Overfull \vbox (225.25496pt too high) detected at line 2102
 []


Overfull \vbox (220.23622pt too high) detected at line 2102
 []




Package fancyhdr Warning: \headheight is too small (0.0pt): 
(fancyhdr)                Make it at least 14.0pt, for example:
(fancyhdr)                \setlength{\headheight}{14.0pt}.
(fancyhdr)                You might also make \topmargin smaller:
(fancyhdr)                \addtolength{\topmargin}{-14.0pt}.

[328]
File: Book07/fig28g.eps Graphic file (type eps)
<Book07/fig28g.eps>

Overfull \hbox (0.48499pt too wide) in paragraph at lines 2127--2128
\TU/GFSPorson(0)/m/n/10 ἀλλήλουξ οἱ ΑΒ, ΒΓ; λέγω, <ότι καὶ συναμφότεροξ
 []

File: Book07/fig28e.eps Graphic file (type eps)
<Book07/fig28e.eps>

Overfull \vbox (14.65388pt too high) detected at line 2183
 []


Overfull \vbox (69.67372pt too high) detected at line 2183
 []


Overfull \vbox (70.67746pt too high) detected at line 2183
 []




Package fancyhdr Warning: \headheight is too small (0.0pt): 
(fancyhdr)                Make it at least 14.0pt, for example:
(fancyhdr)                \setlength{\headheight}{14.0pt}.
(fancyhdr)                You might also make \topmargin smaller:
(fancyhdr)                \addtolength{\topmargin}{-14.0pt}.

[329]
Overfull \hbox (4.43222pt too wide) in paragraph at lines 2198--2199
[]\TU/GFSPorson(0)/m/n/10 >’Εστω πρῶτοξ ἀριθμὸξ ὁ Α καὶ τὸν Β μὴ μετρείτω;
 []

File: Book07/fig29g.eps Graphic file (type eps)
<Book07/fig29g.eps>
File: Book07/fig29e.eps Graphic file (type eps)
<Book07/fig29e.eps>

Overfull \vbox (14.65388pt too high) detected at line 2232
 []


Overfull \vbox (88.74495pt too high) detected at line 2232
 []


Overfull \vbox (87.74121pt too high) detected at line 2232
 []


Underfull \hbox (badness 10000) in paragraph at lines 2246--2247

 []

File: Book07/fig30g.eps Graphic file (type eps)
<Book07/fig30g.eps>
File: Book07/fig30e.eps Graphic file (type eps)
<Book07/fig30e.eps>

Overfull \vbox (14.65388pt too high) detected at line 2301
 []


Overfull \vbox (161.01495pt too high) detected at line 2301
 []


Overfull \vbox (160.01122pt too high) detected at line 2301
 []




Package fancyhdr Warning: \headheight is too small (0.0pt): 
(fancyhdr)                Make it at least 14.0pt, for example:
(fancyhdr)                \setlength{\headheight}{14.0pt}.
(fancyhdr)                You might also make \topmargin smaller:
(fancyhdr)                \addtolength{\topmargin}{-14.0pt}.

[330]
File: Book07/fig31g.eps Graphic file (type eps)
<Book07/fig31g.eps>

Overfull \hbox (11.52081pt too wide) in paragraph at lines 2333--2334
\TU/GFSPorson(0)/m/n/10 εἰ δὲ σύνθετοξ, μετρήσει τιξ αὐτὸν ἀριθμόξ. μετρείτω,
 []


Overfull \hbox (12.26971pt too wide) in paragraph at lines 2333--2334
\TU/GFSPorson(0)/m/n/10 ἐστίν; <όπερ ἐστὶν ἀδύνατον ἐν ἀριθμοῖξ. ληφθήσεταί
 []

File: Book07/fig31e.eps Graphic file (type eps)
<Book07/fig31e.eps>

Overfull \vbox (14.65388pt too high) detected at line 2368
 []


Overfull \vbox (88.74495pt too high) detected at line 2368
 []


Overfull \vbox (87.74121pt too high) detected at line 2368
 []




Package fancyhdr Warning: \headheight is too small (0.0pt): 
(fancyhdr)                Make it at least 14.0pt, for example:
(fancyhdr)                \setlength{\headheight}{14.0pt}.
(fancyhdr)                You might also make \topmargin smaller:
(fancyhdr)                \addtolength{\topmargin}{-14.0pt}.

[331]
File: Book07/fig32g.eps Graphic file (type eps)
<Book07/fig32g.eps>
File: Book07/fig32e.eps Graphic file (type eps)
<Book07/fig32e.eps>

Overfull \vbox (14.65388pt too high) detected at line 2417
 []


Overfull \vbox (16.47496pt too high) detected at line 2417
 []


Overfull \vbox (15.4712pt too high) detected at line 2417
 []


Overfull \hbox (10.341pt too wide) in paragraph at lines 2430--2431
[]\TU/GFSPorson(0)/m/n/10 Ἀριθμῶν δοθέντων ὁποσωνοῦν εὑρεῖν τοὺξ ἐλαθίστο-
 []


Underfull \hbox (badness 10000) in paragraph at lines 2437--2438

 []

File: Book07/fig33g.eps Graphic file (type eps)
<Book07/fig33g.eps>
File: Book07/fig33e.eps Graphic file (type eps)
<Book07/fig33e.eps>

Underfull \hbox (badness 10000) in paragraph at lines 2485--2515

 []


Underfull \hbox (badness 10000) in paragraph at lines 2485--2515

 []


Overfull \vbox (14.65388pt too high) detected at line 2516
 []


Overfull \vbox (238.30371pt too high) detected at line 2516
 []


Overfull \vbox (243.32245pt too high) detected at line 2516
 []




Package fancyhdr Warning: \headheight is too small (0.0pt): 
(fancyhdr)                Make it at least 14.0pt, for example:
(fancyhdr)                \setlength{\headheight}{14.0pt}.
(fancyhdr)                You might also make \topmargin smaller:
(fancyhdr)                \addtolength{\topmargin}{-14.0pt}.

[332]


Package fancyhdr Warning: \headheight is too small (0.0pt): 
(fancyhdr)                Make it at least 14.0pt, for example:
(fancyhdr)                \setlength{\headheight}{14.0pt}.
(fancyhdr)                You might also make \topmargin smaller:
(fancyhdr)                \addtolength{\topmargin}{-14.0pt}.

[333]
File: Book07/fig34g.eps Graphic file (type eps)
<Book07/fig34g.eps>

Underfull \hbox (badness 10000) in paragraph at lines 2555--2556

 []


Underfull \hbox (badness 10000) in paragraph at lines 2555--2556

 []


Underfull \hbox (badness 10000) in paragraph at lines 2555--2556

 []


Underfull \hbox (badness 10000) in paragraph at lines 2555--2556

 []


Underfull \hbox (badness 10000) in paragraph at lines 2555--2556

 []

File: Book07/fig34ag.eps Graphic file (type eps)
<Book07/fig34ag.eps>
File: Book07/fig34e.eps Graphic file (type eps)
<Book07/fig34e.eps>
File: Book07/fig34ae.eps Graphic file (type eps)
<Book07/fig34ae.eps>

Overfull \vbox (14.65388pt too high) detected at line 2649
 []


Overfull \vbox (124.87996pt too high) detected at line 2649
 []


Overfull \vbox (123.87622pt too high) detected at line 2649
 []


Overfull \vbox (160.01122pt too high) detected at line 2649
 []


Overfull \vbox (161.01495pt too high) detected at line 2649
 []




Package fancyhdr Warning: \headheight is too small (0.0pt): 
(fancyhdr)                Make it at least 14.0pt, for example:
(fancyhdr)                \setlength{\headheight}{14.0pt}.
(fancyhdr)                You might also make \topmargin smaller:
(fancyhdr)                \addtolength{\topmargin}{-14.0pt}.

[334]


Package fancyhdr Warning: \headheight is too small (0.0pt): 
(fancyhdr)                Make it at least 14.0pt, for example:
(fancyhdr)                \setlength{\headheight}{14.0pt}.
(fancyhdr)                You might also make \topmargin smaller:
(fancyhdr)                \addtolength{\topmargin}{-14.0pt}.

[335]
Underfull \hbox (badness 10000) in paragraph at lines 2662--2663

 []

File: Book07/fig35g.eps Graphic file (type eps)
<Book07/fig35g.eps>
File: Book07/fig35e.eps Graphic file (type eps)
<Book07/fig35e.eps>

Overfull \vbox (14.65388pt too high) detected at line 2700
 []


Overfull \vbox (105.80872pt too high) detected at line 2700
 []


Overfull \vbox (106.81245pt too high) detected at line 2700
 []




Package fancyhdr Warning: \headheight is too small (0.0pt): 
(fancyhdr)                Make it at least 14.0pt, for example:
(fancyhdr)                \setlength{\headheight}{14.0pt}.
(fancyhdr)                You might also make \topmargin smaller:
(fancyhdr)                \addtolength{\topmargin}{-14.0pt}.

[336]
File: Book07/fig36g.eps Graphic file (type eps)
<Book07/fig36g.eps>

Overfull \hbox (18.10602pt too wide) in paragraph at lines 2731--2732
[]\TU/GFSPorson(0)/m/n/10 Εἰλήφθω γὰρ ὑπὸ δύο τῶν Α, Β ἐλάθιστοξ μετρούμενοξ
 []

File: Book07/fig36e.eps Graphic file (type eps)
<Book07/fig36e.eps>

Overfull \vbox (14.65388pt too high) detected at line 2798
 []


Overfull \vbox (197.14996pt too high) detected at line 2798
 []


Overfull \vbox (196.14622pt too high) detected at line 2798
 []




Package fancyhdr Warning: \headheight is too small (0.0pt): 
(fancyhdr)                Make it at least 14.0pt, for example:
(fancyhdr)                \setlength{\headheight}{14.0pt}.
(fancyhdr)                You might also make \topmargin smaller:
(fancyhdr)                \addtolength{\topmargin}{-14.0pt}.

[337]
Underfull \hbox (badness 10000) in paragraph at lines 2811--2812

 []

File: Book07/fig37g.eps Graphic file (type eps)
<Book07/fig37g.eps>

Overfull \hbox (9.27924pt too wide) in paragraph at lines 2817--2818
[]\TU/GFSPorson(0)/m/n/10 Ἀριθμὸξ γάρ ὁ Α ὑπό τινοξ ἀριθμοῦ τοῦ Β μετρείσθω;
 []

File: Book07/fig37e.eps Graphic file (type eps)
<Book07/fig37e.eps>

Overfull \vbox (14.65388pt too high) detected at line 2855
 []


Overfull \vbox (124.87996pt too high) detected at line 2855
 []


Overfull \vbox (123.87622pt too high) detected at line 2855
 []

File: Book07/fig38g.eps Graphic file (type eps)
<Book07/fig38g.eps>
File: Book07/fig38e.eps Graphic file (type eps)
<Book07/fig38e.eps>

Underfull \hbox (badness 10000) in paragraph at lines 2899--2905

 []


Overfull \vbox (14.65388pt too high) detected at line 2906
 []


Overfull \vbox (124.87996pt too high) detected at line 2906
 []


Overfull \vbox (123.87622pt too high) detected at line 2906
 []




Package fancyhdr Warning: \headheight is too small (0.0pt): 
(fancyhdr)                Make it at least 14.0pt, for example:
(fancyhdr)                \setlength{\headheight}{14.0pt}.
(fancyhdr)                You might also make \topmargin smaller:
(fancyhdr)                \addtolength{\topmargin}{-14.0pt}.

[338]
Underfull \hbox (badness 10000) in paragraph at lines 2918--2919

 []

File: Book07/fig39g.eps Graphic file (type eps)
<Book07/fig39g.eps>

Underfull \hbox (badness 10000) in paragraph at lines 2946--2948

 []

File: Book07/fig39e.eps Graphic file (type eps)
<Book07/fig39e.eps>

Overfull \vbox (14.65388pt too high) detected at line 2966
 []


Overfull \vbox (242.31871pt too high) detected at line 2966
 []


Overfull \vbox (248.3412pt too high) detected at line 2966
 []




Package fancyhdr Warning: \headheight is too small (0.0pt): 
(fancyhdr)                Make it at least 14.0pt, for example:
(fancyhdr)                \setlength{\headheight}{14.0pt}.
(fancyhdr)                You might also make \topmargin smaller:
(fancyhdr)                \addtolength{\topmargin}{-14.0pt}.

[339]


Package fancyhdr Warning: \headheight is too small (0.0pt): 
(fancyhdr)                Make it at least 14.0pt, for example:
(fancyhdr)                \setlength{\headheight}{14.0pt}.
(fancyhdr)                You might also make \topmargin smaller:
(fancyhdr)                \addtolength{\topmargin}{-14.0pt}.

[340])
Underfull \hbox (badness 10000) in paragraph at lines 2970--122

 []



[341]
\openout2 = `Book08/Book8.aux'.

 (./Book08/Book8.tex

[342



]
Underfull \hbox (badness 10000) in paragraph at lines 33--34

 []

File: Book08/fig01g.eps Graphic file (type eps)
<Book08/fig01g.eps>
File: Book08/fig01e.eps Graphic file (type eps)
<Book08/fig01e.eps>

Overfull \vbox (14.65388pt too high) detected at line 93
 []


Overfull \vbox (123.87622pt too high) detected at line 93
 []


Overfull \vbox (124.87996pt too high) detected at line 93
 []


Overfull \hbox (3.01129pt too wide) in paragraph at lines 106--107
[]\TU/GFSPorson(0)/m/n/10 Αριθμοὺξ εὑρεῖν ἑχῆξ ἀνάλογον ἐλαθίστουξ, <όσουξ
 []


Overfull \hbox (38.25705pt too wide) in paragraph at lines 117--118
\TU/GFSPorson(0)/m/n/10 πολλαπλασιάσαξ τὸν Γ ποιείτω, τὸν δὲ Β πολλαπλασιάσαξ
 []


Overfull \hbox (6.85922pt too wide) in paragraph at lines 117--118
\TU/GFSPorson(0)/m/n/10 τὸν Δ ποιείτω, καὶ >έτι ὁ Β ἑαυτὸν πολλαπλασιάσαξ
 []


Overfull \hbox (29.46332pt too wide) in paragraph at lines 117--118
\TU/GFSPorson(0)/m/n/10 τὸν Ε ποιείτω, καὶ >έτι ὁ Α τοὺξ Γ, Δ, Ε πολλαπλασιάσαξ

 []


Overfull \hbox (4.48586pt too wide) in paragraph at lines 117--118
\TU/GFSPorson(0)/m/n/10 τοὺξ Ζ, Η, Θ ποιείτω, ὁ δὲ Β τὸν Ε πολλαπλασιάσαξ
 []

File: Book08/fig02g.eps Graphic file (type eps)
<Book08/fig02g.eps>

Underfull \hbox (badness 10000) in paragraph at lines 152--153

 []

File: Book08/fig02e.eps Graphic file (type eps)
<Book08/fig02e.eps>

Underfull \hbox (badness 10000) in paragraph at lines 182--208

 []


Underfull \hbox (badness 10000) in paragraph at lines 182--208

 []


Overfull \vbox (14.65388pt too high) detected at line 216
 []


Overfull \vbox (232.28122pt too high) detected at line 216
 []


Overfull \vbox (233.28496pt too high) detected at line 216
 []




Package fancyhdr Warning: \headheight is too small (0.0pt): 
(fancyhdr)                Make it at least 14.0pt, for example:
(fancyhdr)                \setlength{\headheight}{14.0pt}.
(fancyhdr)                You might also make \topmargin smaller:
(fancyhdr)                \addtolength{\topmargin}{-14.0pt}.

[343]


Package fancyhdr Warning: \headheight is too small (0.0pt): 
(fancyhdr)                Make it at least 14.0pt, for example:
(fancyhdr)                \setlength{\headheight}{14.0pt}.
(fancyhdr)                You might also make \topmargin smaller:
(fancyhdr)                \addtolength{\topmargin}{-14.0pt}.

[344]
Underfull \hbox (badness 10000) in paragraph at lines 230--231

 []

File: Book08/fig03g.eps Graphic file (type eps)
<Book08/fig03g.eps>
File: Book08/fig03e.eps Graphic file (type eps)
<Book08/fig03e.eps>

Overfull \vbox (14.65388pt too high) detected at line 298
 []


Overfull \vbox (287.48746pt too high) detected at line 298
 []


Overfull \vbox (287.48746pt too high) detected at line 298
 []




Package fancyhdr Warning: \headheight is too small (0.0pt): 
(fancyhdr)                Make it at least 14.0pt, for example:
(fancyhdr)                \setlength{\headheight}{14.0pt}.
(fancyhdr)                You might also make \topmargin smaller:
(fancyhdr)                \addtolength{\topmargin}{-14.0pt}.

[345]
Overfull \hbox (4.92897pt too wide) in paragraph at lines 311--312
[]\TU/GFSPorson(0)/m/n/10 Λόγων δοθέντων ὁποσωνοῦν ἐν ἐλαθίστοιξ ἀριθμοῖξ
 []


Underfull \hbox (badness 10000) in paragraph at lines 311--312

 []

File: Book08/fig04g.eps Graphic file (type eps)
<Book08/fig04g.eps>

Overfull \hbox (5.31033pt too wide) in paragraph at lines 320--321
[]\TU/GFSPorson(0)/m/n/10 >’Εστωσαν οἱ δοθέντεξ λόγοι ἐν ἐλαθίστοιξ ἀριθμοῖξ
 []


Overfull \hbox (7.17195pt too wide) in paragraph at lines 340--341
[]\TU/GFSPorson(0)/m/n/10 Εἰλήφθω γὰρ ὁ ὑπὸ τῶν Β, Γ ἐλάθιστοξ μετρούμενοξ
 []


Underfull \hbox (badness 10000) in paragraph at lines 340--341

 []


Underfull \hbox (badness 10000) in paragraph at lines 340--341

 []


Underfull \hbox (badness 10000) in paragraph at lines 340--341

 []


Underfull \hbox (badness 10000) in paragraph at lines 340--341

 []


Underfull \hbox (badness 10000) in paragraph at lines 340--341

 []

File: Book08/fig04ag.eps Graphic file (type eps)
<Book08/fig04ag.eps>
File: Book08/fig04e.eps Graphic file (type eps)
<Book08/fig04e.eps>
File: Book08/fig04ae.eps Graphic file (type eps)
<Book08/fig04ae.eps>

Overfull \vbox (14.65388pt too high) detected at line 462
 []


Overfull \vbox (250.34871pt too high) detected at line 462
 []


Overfull \vbox (251.35246pt too high) detected at line 462
 []


Overfull \vbox (394.88872pt too high) detected at line 462
 []


Overfull \vbox (395.89246pt too high) detected at line 462
 []




Package fancyhdr Warning: \headheight is too small (0.0pt): 
(fancyhdr)                Make it at least 14.0pt, for example:
(fancyhdr)                \setlength{\headheight}{14.0pt}.
(fancyhdr)                You might also make \topmargin smaller:
(fancyhdr)                \addtolength{\topmargin}{-14.0pt}.

[346]


Package fancyhdr Warning: \headheight is too small (0.0pt): 
(fancyhdr)                Make it at least 14.0pt, for example:
(fancyhdr)                \setlength{\headheight}{14.0pt}.
(fancyhdr)                You might also make \topmargin smaller:
(fancyhdr)                \addtolength{\topmargin}{-14.0pt}.

[347]


Package fancyhdr Warning: \headheight is too small (0.0pt): 
(fancyhdr)                Make it at least 14.0pt, for example:
(fancyhdr)                \setlength{\headheight}{14.0pt}.
(fancyhdr)                You might also make \topmargin smaller:
(fancyhdr)                \addtolength{\topmargin}{-14.0pt}.

[348]


Package fancyhdr Warning: \headheight is too small (0.0pt): 
(fancyhdr)                Make it at least 14.0pt, for example:
(fancyhdr)                \setlength{\headheight}{14.0pt}.
(fancyhdr)                You might also make \topmargin smaller:
(fancyhdr)                \addtolength{\topmargin}{-14.0pt}.

[349]


Package fancyhdr Warning: \headheight is too small (0.0pt): 
(fancyhdr)                Make it at least 14.0pt, for example:
(fancyhdr)                \setlength{\headheight}{14.0pt}.
(fancyhdr)                You might also make \topmargin smaller:
(fancyhdr)                \addtolength{\topmargin}{-14.0pt}.

[350]
File: Book08/fig05g.eps Graphic file (type eps)
<Book08/fig05g.eps>
File: Book08/fig05e.eps Graphic file (type eps)
<Book08/fig05e.eps>

Overfull \vbox (14.65388pt too high) detected at line 535
 []


Overfull \vbox (323.62245pt too high) detected at line 535
 []


Overfull \vbox (322.61871pt too high) detected at line 535
 []




Package fancyhdr Warning: \headheight is too small (0.0pt): 
(fancyhdr)                Make it at least 14.0pt, for example:
(fancyhdr)                \setlength{\headheight}{14.0pt}.
(fancyhdr)                You might also make \topmargin smaller:
(fancyhdr)                \addtolength{\topmargin}{-14.0pt}.

[351]
Underfull \hbox (badness 10000) in paragraph at lines 553--554

 []


Underfull \hbox (badness 10000) in paragraph at lines 553--554

 []

File: Book08/fig06g.eps Graphic file (type eps)
<Book08/fig06g.eps>
File: Book08/fig06e.eps Graphic file (type eps)
<Book08/fig06e.eps>

Overfull \vbox (14.65388pt too high) detected at line 604
 []


Overfull \vbox (287.48746pt too high) detected at line 604
 []


Overfull \vbox (286.48372pt too high) detected at line 604
 []




Package fancyhdr Warning: \headheight is too small (0.0pt): 
(fancyhdr)                Make it at least 14.0pt, for example:
(fancyhdr)                \setlength{\headheight}{14.0pt}.
(fancyhdr)                You might also make \topmargin smaller:
(fancyhdr)                \addtolength{\topmargin}{-14.0pt}.

[352]
Underfull \hbox (badness 10000) in paragraph at lines 617--618

 []

File: Book08/fig07g.eps Graphic file (type eps)
<Book08/fig07g.eps>
File: Book08/fig07e.eps Graphic file (type eps)
<Book08/fig07e.eps>

Overfull \vbox (14.65388pt too high) detected at line 646
 []


Overfull \vbox (123.87622pt too high) detected at line 646
 []


Overfull \vbox (124.87996pt too high) detected at line 646
 []




Package fancyhdr Warning: \headheight is too small (0.0pt): 
(fancyhdr)                Make it at least 14.0pt, for example:
(fancyhdr)                \setlength{\headheight}{14.0pt}.
(fancyhdr)                You might also make \topmargin smaller:
(fancyhdr)                \addtolength{\topmargin}{-14.0pt}.

[353]
Overfull \hbox (5.52667pt too wide) in paragraph at lines 660--661
[]\TU/GFSPorson(0)/m/n/10 Ἐὰν δύο ἀριθμῶν μεταχὺ κατὰ τὸ συνεθὲξ ἀνάλογον
 []


Overfull \hbox (22.37743pt too wide) in paragraph at lines 660--661
\TU/GFSPorson(0)/m/n/10 [αὐτοῖξ] μεταχὺ κατὰ τὸ συνὲθεξ ἀνάλογον ἐμπεσοῦνται 
 []

File: Book08/fig08g.eps Graphic file (type eps)
<Book08/fig08g.eps>
File: Book08/fig08e.eps Graphic file (type eps)
<Book08/fig08e.eps>

Overfull \vbox (14.65388pt too high) detected at line 733
 []


Overfull \vbox (287.48746pt too high) detected at line 733
 []


Overfull \vbox (286.48372pt too high) detected at line 733
 []




Package fancyhdr Warning: \headheight is too small (0.0pt): 
(fancyhdr)                Make it at least 14.0pt, for example:
(fancyhdr)                \setlength{\headheight}{14.0pt}.
(fancyhdr)                You might also make \topmargin smaller:
(fancyhdr)                \addtolength{\topmargin}{-14.0pt}.

[354]


Package fancyhdr Warning: \headheight is too small (0.0pt): 
(fancyhdr)                Make it at least 14.0pt, for example:
(fancyhdr)                \setlength{\headheight}{14.0pt}.
(fancyhdr)                You might also make \topmargin smaller:
(fancyhdr)                \addtolength{\topmargin}{-14.0pt}.

[355]
File: Book08/fig09g.eps Graphic file (type eps)
<Book08/fig09g.eps>
File: Book08/fig09e.eps Graphic file (type eps)
<Book08/fig09e.eps>

Overfull \vbox (14.65388pt too high) detected at line 842
 []


Overfull \vbox (268.41621pt too high) detected at line 842
 []


Overfull \vbox (269.41995pt too high) detected at line 842
 []




Package fancyhdr Warning: \headheight is too small (0.0pt): 
(fancyhdr)                Make it at least 14.0pt, for example:
(fancyhdr)                \setlength{\headheight}{14.0pt}.
(fancyhdr)                You might also make \topmargin smaller:
(fancyhdr)                \addtolength{\topmargin}{-14.0pt}.

[356]


Package fancyhdr Warning: \headheight is too small (0.0pt): 
(fancyhdr)                Make it at least 14.0pt, for example:
(fancyhdr)                \setlength{\headheight}{14.0pt}.
(fancyhdr)                You might also make \topmargin smaller:
(fancyhdr)                \addtolength{\topmargin}{-14.0pt}.

[357]
Overfull \hbox (5.35431pt too wide) in paragraph at lines 858--859
\TU/GFSPorson(0)/m/n/10 τὸ συνεθὲξ ἀνάλογον ἐμπίπτουσιν ἀριθμοί, τοσοῦτοι
 []

File: Book08/fig10g.eps Graphic file (type eps)
<Book08/fig10g.eps>

Underfull \hbox (badness 10000) in paragraph at lines 920--923

 []

File: Book08/fig10e.eps Graphic file (type eps)
<Book08/fig10e.eps>

Overfull \vbox (14.65388pt too high) detected at line 960
 []


Overfull \vbox (250.34872pt too high) detected at line 960
 []


Overfull \vbox (250.34871pt too high) detected at line 960
 []




Package fancyhdr Warning: \headheight is too small (0.0pt): 
(fancyhdr)                Make it at least 14.0pt, for example:
(fancyhdr)                \setlength{\headheight}{14.0pt}.
(fancyhdr)                You might also make \topmargin smaller:
(fancyhdr)                \addtolength{\topmargin}{-14.0pt}.

[358]
Overfull \hbox (17.63406pt too wide) in paragraph at lines 974--975
\TU/GFSPorson(0)/m/n/10 ἐστιν ἀριθμόξ, καὶ ὁ τετράγωνοξ πρὸξ τὸν τετράγωνον
 []


Underfull \hbox (badness 10000) in paragraph at lines 974--975

 []

File: Book08/fig11g.eps Graphic file (type eps)
<Book08/fig11g.eps>
File: Book08/fig11e.eps Graphic file (type eps)
<Book08/fig11e.eps>

Overfull \vbox (14.65388pt too high) detected at line 1032
 []


Overfull \vbox (124.87996pt too high) detected at line 1032
 []


Overfull \vbox (123.87622pt too high) detected at line 1032
 []




Package fancyhdr Warning: \headheight is too small (0.0pt): 
(fancyhdr)                Make it at least 14.0pt, for example:
(fancyhdr)                \setlength{\headheight}{14.0pt}.
(fancyhdr)                You might also make \topmargin smaller:
(fancyhdr)                \addtolength{\topmargin}{-14.0pt}.

[359]
Underfull \hbox (badness 10000) in paragraph at lines 1053--1054

 []

File: Book08/fig12g.eps Graphic file (type eps)
<Book08/fig12g.eps>
File: Book08/fig12e.eps Graphic file (type eps)
<Book08/fig12e.eps>

Overfull \vbox (14.65388pt too high) detected at line 1133
 []


Overfull \vbox (161.01495pt too high) detected at line 1133
 []


Overfull \vbox (160.01122pt too high) detected at line 1133
 []




Package fancyhdr Warning: \headheight is too small (0.0pt): 
(fancyhdr)                Make it at least 14.0pt, for example:
(fancyhdr)                \setlength{\headheight}{14.0pt}.
(fancyhdr)                You might also make \topmargin smaller:
(fancyhdr)                \addtolength{\topmargin}{-14.0pt}.

[360]


Package fancyhdr Warning: \headheight is too small (0.0pt): 
(fancyhdr)                Make it at least 14.0pt, for example:
(fancyhdr)                \setlength{\headheight}{14.0pt}.
(fancyhdr)                You might also make \topmargin smaller:
(fancyhdr)                \addtolength{\topmargin}{-14.0pt}.

[361]
Underfull \hbox (badness 10000) in paragraph at lines 1158--1159

 []


Underfull \hbox (badness 10000) in paragraph at lines 1158--1159

 []

File: Book08/fig13g.eps Graphic file (type eps)
<Book08/fig13g.eps>

Overfull \hbox (16.9133pt too wide) in paragraph at lines 1167--1168
\TU/GFSPorson(0)/m/n/10 ποιείτω, ἑκάτεροξ δὲ τῶν Α, Β τὸν Λ πολλαπλασιάσαξ
 []

File: Book08/fig13e.eps Graphic file (type eps)
<Book08/fig13e.eps>

Overfull \vbox (14.65388pt too high) detected at line 1211
 []


Overfull \vbox (340.68622pt too high) detected at line 1211
 []


Overfull \vbox (337.67496pt too high) detected at line 1211
 []




Package fancyhdr Warning: \headheight is too small (0.0pt): 
(fancyhdr)                Make it at least 14.0pt, for example:
(fancyhdr)                \setlength{\headheight}{14.0pt}.
(fancyhdr)                You might also make \topmargin smaller:
(fancyhdr)                \addtolength{\topmargin}{-14.0pt}.

[362]
Overfull \hbox (1.28061pt too wide) in paragraph at lines 1226--1227
[]\TU/GFSPorson(0)/m/n/10 Ἐὰν τετράγωνοξ τετράγωνον μετρῆ|, καὶ ἡ πλευρὰ
 []


Overfull \hbox (1.46762pt too wide) in paragraph at lines 1226--1227
\TU/GFSPorson(0)/m/n/10 πλευρὰν μετρῆ|, καὶ ὁ τετράγωνοξ τὸν τετράγωνον
 []


Underfull \hbox (badness 10000) in paragraph at lines 1230--1231

 []


Underfull \hbox (badness 10000) in paragraph at lines 1230--1231

 []

File: Book08/fig14g.eps Graphic file (type eps)
<Book08/fig14g.eps>

Overfull \hbox (10.213pt too wide) in paragraph at lines 1248--1249
[]\TU/GFSPorson(0)/m/n/10 Τῶν γὰρ αὐτῶν κατασκευασθέντων ὁμοίωξ δείχομεν,
 []


Overfull \hbox (19.11906pt too wide) in paragraph at lines 1252--1252
\TU/GFSPorson(0)/m/n/10 τὴν πλευρὰν μετρῆ|, καὶ ὁ τετράγωνοξ τὸν τετράγωνον
 []

File: Book08/fig14e.eps Graphic file (type eps)
<Book08/fig14e.eps>

Overfull \vbox (14.65388pt too high) detected at line 1291
 []


Overfull \vbox (106.81245pt too high) detected at line 1291
 []


Overfull \vbox (105.80872pt too high) detected at line 1291
 []




Package fancyhdr Warning: \headheight is too small (0.0pt): 
(fancyhdr)                Make it at least 14.0pt, for example:
(fancyhdr)                \setlength{\headheight}{14.0pt}.
(fancyhdr)                You might also make \topmargin smaller:
(fancyhdr)                \addtolength{\topmargin}{-14.0pt}.

[363]
Underfull \hbox (badness 10000) in paragraph at lines 1316--1317

 []


Underfull \hbox (badness 10000) in paragraph at lines 1316--1317

 []

File: Book08/fig15g.eps Graphic file (type eps)
<Book08/fig15g.eps>

Underfull \hbox (badness 10000) in paragraph at lines 1343--1350

 []

File: Book08/fig15e.eps Graphic file (type eps)
<Book08/fig15e.eps>

Overfull \vbox (14.65388pt too high) detected at line 1360
 []


Overfull \vbox (196.14621pt too high) detected at line 1360
 []


Overfull \vbox (197.14996pt too high) detected at line 1360
 []




Package fancyhdr Warning: \headheight is too small (0.0pt): 
(fancyhdr)                Make it at least 14.0pt, for example:
(fancyhdr)                \setlength{\headheight}{14.0pt}.
(fancyhdr)                You might also make \topmargin smaller:
(fancyhdr)                \addtolength{\topmargin}{-14.0pt}.

[364]
Underfull \hbox (badness 10000) in paragraph at lines 1374--1375

 []


Underfull \hbox (badness 10000) in paragraph at lines 1374--1375

 []

File: Book08/fig16g.eps Graphic file (type eps)
<Book08/fig16g.eps>
File: Book08/fig16e.eps Graphic file (type eps)
<Book08/fig16e.eps>

Overfull \vbox (14.65388pt too high) detected at line 1419
 []


Overfull \vbox (52.60995pt too high) detected at line 1419
 []


Overfull \vbox (51.60622pt too high) detected at line 1419
 []




Package fancyhdr Warning: \headheight is too small (0.0pt): 
(fancyhdr)                Make it at least 14.0pt, for example:
(fancyhdr)                \setlength{\headheight}{14.0pt}.
(fancyhdr)                You might also make \topmargin smaller:
(fancyhdr)                \addtolength{\topmargin}{-14.0pt}.

[365]
Underfull \hbox (badness 10000) in paragraph at lines 1433--1434

 []


Underfull \hbox (badness 10000) in paragraph at lines 1433--1434

 []

File: Book08/fig16g.eps Graphic file (type eps)
<Book08/fig16g.eps>
File: Book08/fig16e.eps Graphic file (type eps)
<Book08/fig16e.eps>

Overfull \vbox (14.65388pt too high) detected at line 1479
 []


Overfull \vbox (52.60995pt too high) detected at line 1479
 []


Overfull \vbox (51.60622pt too high) detected at line 1479
 []


Overfull \hbox (5.54134pt too wide) in paragraph at lines 1494--1495
[]\TU/GFSPorson(0)/m/n/10 Δύο ὁμοίων ἐπιπέδων ἀριθμῶν ε<ῖξ μέσοξ ἀνάλογόν
 []


Underfull \hbox (badness 10000) in paragraph at lines 1494--1495

 []


Underfull \hbox (badness 10000) in paragraph at lines 1494--1495

 []

File: Book08/fig18g.eps Graphic file (type eps)
<Book08/fig18g.eps>
File: Book08/fig18e.eps Graphic file (type eps)
<Book08/fig18e.eps>

Overfull \vbox (14.65388pt too high) detected at line 1582
 []


Overfull \vbox (141.94371pt too high) detected at line 1582
 []


Overfull \vbox (142.94745pt too high) detected at line 1582
 []




Package fancyhdr Warning: \headheight is too small (0.0pt): 
(fancyhdr)                Make it at least 14.0pt, for example:
(fancyhdr)                \setlength{\headheight}{14.0pt}.
(fancyhdr)                You might also make \topmargin smaller:
(fancyhdr)                \addtolength{\topmargin}{-14.0pt}.

[366]


Package fancyhdr Warning: \headheight is too small (0.0pt): 
(fancyhdr)                Make it at least 14.0pt, for example:
(fancyhdr)                \setlength{\headheight}{14.0pt}.
(fancyhdr)                You might also make \topmargin smaller:
(fancyhdr)                \addtolength{\topmargin}{-14.0pt}.

[367]
File: Book08/fig19g.eps Graphic file (type eps)
<Book08/fig19g.eps>
File: Book08/fig19e.eps Graphic file (type eps)
<Book08/fig19e.eps>

Overfull \vbox (14.65388pt too high) detected at line 1720
 []


Overfull \vbox (323.62245pt too high) detected at line 1720
 []


Overfull \vbox (323.62247pt too high) detected at line 1720
 []




Package fancyhdr Warning: \headheight is too small (0.0pt): 
(fancyhdr)                Make it at least 14.0pt, for example:
(fancyhdr)                \setlength{\headheight}{14.0pt}.
(fancyhdr)                You might also make \topmargin smaller:
(fancyhdr)                \addtolength{\topmargin}{-14.0pt}.

[368]


Package fancyhdr Warning: \headheight is too small (0.0pt): 
(fancyhdr)                Make it at least 14.0pt, for example:
(fancyhdr)                \setlength{\headheight}{14.0pt}.
(fancyhdr)                You might also make \topmargin smaller:
(fancyhdr)                \addtolength{\topmargin}{-14.0pt}.

[369]
Underfull \hbox (badness 10000) in paragraph at lines 1736--1737

 []

File: Book08/fig20g.eps Graphic file (type eps)
<Book08/fig20g.eps>
File: Book08/fig20e.eps Graphic file (type eps)
<Book08/fig20e.eps>

Overfull \vbox (14.65388pt too high) detected at line 1795
 []


Overfull \vbox (142.94745pt too high) detected at line 1795
 []


Overfull \vbox (141.94371pt too high) detected at line 1795
 []




Package fancyhdr Warning: \headheight is too small (0.0pt): 
(fancyhdr)                Make it at least 14.0pt, for example:
(fancyhdr)                \setlength{\headheight}{14.0pt}.
(fancyhdr)                You might also make \topmargin smaller:
(fancyhdr)                \addtolength{\topmargin}{-14.0pt}.

[370]
Underfull \hbox (badness 10000) in paragraph at lines 1842--1843

 []


Underfull \hbox (badness 10000) in paragraph at lines 1842--1843

 []


Underfull \hbox (badness 10000) in paragraph at lines 1842--1843

 []


Underfull \hbox (badness 10000) in paragraph at lines 1842--1843

 []

File: Book08/fig21g.eps Graphic file (type eps)
<Book08/fig21g.eps>
File: Book08/fig21e.eps Graphic file (type eps)
<Book08/fig21e.eps>

Overfull \vbox (14.65388pt too high) detected at line 1908
 []


Overfull \vbox (251.35246pt too high) detected at line 1908
 []


Overfull \vbox (251.35246pt too high) detected at line 1908
 []




Package fancyhdr Warning: \headheight is too small (0.0pt): 
(fancyhdr)                Make it at least 14.0pt, for example:
(fancyhdr)                \setlength{\headheight}{14.0pt}.
(fancyhdr)                You might also make \topmargin smaller:
(fancyhdr)                \addtolength{\topmargin}{-14.0pt}.

[371]


Package fancyhdr Warning: \headheight is too small (0.0pt): 
(fancyhdr)                Make it at least 14.0pt, for example:
(fancyhdr)                \setlength{\headheight}{14.0pt}.
(fancyhdr)                You might also make \topmargin smaller:
(fancyhdr)                \addtolength{\topmargin}{-14.0pt}.

[372]
File: Book08/fig22g.eps Graphic file (type eps)
<Book08/fig22g.eps>
File: Book08/fig22e.eps Graphic file (type eps)
<Book08/fig22e.eps>

Overfull \vbox (14.65388pt too high) detected at line 1954
 []


Overfull \vbox (87.74121pt too high) detected at line 1954
 []


Overfull \vbox (88.74495pt too high) detected at line 1954
 []

File: Book08/fig23g.eps Graphic file (type eps)
<Book08/fig23g.eps>
File: Book08/fig23e.eps Graphic file (type eps)
<Book08/fig23e.eps>

Overfull \vbox (14.65388pt too high) detected at line 1997
 []


Overfull \vbox (124.87996pt too high) detected at line 1997
 []


Overfull \vbox (123.87622pt too high) detected at line 1997
 []




Package fancyhdr Warning: \headheight is too small (0.0pt): 
(fancyhdr)                Make it at least 14.0pt, for example:
(fancyhdr)                \setlength{\headheight}{14.0pt}.
(fancyhdr)                You might also make \topmargin smaller:
(fancyhdr)                \addtolength{\topmargin}{-14.0pt}.

[373]
Overfull \hbox (7.51398pt too wide) in paragraph at lines 2011--2012
\TU/GFSPorson(0)/m/n/10 <ὸν τετράγωνοξ ἀριθμὸξ πρὸξ τετράγωνον ἀριθμόν,
 []

File: Book08/fig24g.eps Graphic file (type eps)
<Book08/fig24g.eps>
File: Book08/fig24e.eps Graphic file (type eps)
<Book08/fig24e.eps>

Overfull \vbox (14.65388pt too high) detected at line 2051
 []


Overfull \vbox (51.60622pt too high) detected at line 2051
 []


Overfull \vbox (52.60995pt too high) detected at line 2051
 []

File: Book08/fig25g.eps Graphic file (type eps)
<Book08/fig25g.eps>
File: Book08/fig25e.eps Graphic file (type eps)
<Book08/fig25e.eps>

Overfull \vbox (14.65388pt too high) detected at line 2110
 []


Overfull \vbox (124.87996pt too high) detected at line 2110
 []


Overfull \vbox (123.87622pt too high) detected at line 2110
 []




Package fancyhdr Warning: \headheight is too small (0.0pt): 
(fancyhdr)                Make it at least 14.0pt, for example:
(fancyhdr)                \setlength{\headheight}{14.0pt}.
(fancyhdr)                You might also make \topmargin smaller:
(fancyhdr)                \addtolength{\topmargin}{-14.0pt}.

[374]
Overfull \hbox (11.47034pt too wide) in paragraph at lines 2124--2125
\TU/GFSPorson(0)/m/n/10 >έθουσιν, <ὸν τετράγωνοξ ἀριθμὸξ πρὸξ τετράγωνον
 []


Underfull \hbox (badness 10000) in paragraph at lines 2124--2125

 []

File: Book08/fig26g.eps Graphic file (type eps)
<Book08/fig26g.eps>

Overfull \hbox (9.50868pt too wide) in paragraph at lines 2141--2141
\TU/GFSPorson(0)/m/n/10 ἐμπιπτέτω καὶ >έστω ὁ Γ, καὶ εἰλήφθωσαν ἐλάθιστοι
 []

File: Book08/fig26e.eps Graphic file (type eps)
<Book08/fig26e.eps>

Overfull \vbox (14.65388pt too high) detected at line 2166
 []


Overfull \vbox (87.74121pt too high) detected at line 2166
 []


Overfull \vbox (88.74495pt too high) detected at line 2166
 []

File: Book08/fig27g.eps Graphic file (type eps)
<Book08/fig27g.eps>
File: Book08/fig27e.eps Graphic file (type eps)
<Book08/fig27e.eps>

Overfull \vbox (14.65388pt too high) detected at line 2219
 []


Overfull \vbox (124.87996pt too high) detected at line 2219
 []


Overfull \vbox (123.87622pt too high) detected at line 2219
 []




Package fancyhdr Warning: \headheight is too small (0.0pt): 
(fancyhdr)                Make it at least 14.0pt, for example:
(fancyhdr)                \setlength{\headheight}{14.0pt}.
(fancyhdr)                You might also make \topmargin smaller:
(fancyhdr)                \addtolength{\topmargin}{-14.0pt}.

[375])


Package fancyhdr Warning: \headheight is too small (0.0pt): 
(fancyhdr)                Make it at least 14.0pt, for example:
(fancyhdr)                \setlength{\headheight}{14.0pt}.
(fancyhdr)                You might also make \topmargin smaller:
(fancyhdr)                \addtolength{\topmargin}{-14.0pt}.

[376]
\openout2 = `Book09/Book9.aux'.

 (./Book09/Book9.tex

[377



]
Overfull \hbox (19.06406pt too wide) in paragraph at lines 33--34
[]\TU/GFSPorson(0)/m/n/10 Ἐὰν δύο <όμοιοι ἐπίπεδοι ἀριθμοὶ πολλαπλασιάσαντεξ
 []


Underfull \hbox (badness 10000) in paragraph at lines 33--34

 []

File: Book09/fig01g.eps Graphic file (type eps)
<Book09/fig01g.eps>

Underfull \hbox (badness 10000) in paragraph at lines 56--57

 []

File: Book09/fig01e.eps Graphic file (type eps)
<Book09/fig01e.eps>

Overfull \vbox (14.65388pt too high) detected at line 73
 []


Overfull \vbox (124.87996pt too high) detected at line 73
 []


Overfull \vbox (123.87622pt too high) detected at line 73
 []


Overfull \hbox (4.01231pt too wide) in paragraph at lines 86--87
\TU/GFSPorson(0)/m/n/10 ποιῶσι τετράγωνον, <όμοιοι ἐπίπεδοί εἰσιν ἀριθμοί. 
 []

File: Book09/fig02g.eps Graphic file (type eps)
<Book09/fig02g.eps>
File: Book09/fig02e.eps Graphic file (type eps)
<Book09/fig02e.eps>

Overfull \vbox (14.65388pt too high) detected at line 129
 []


Overfull \vbox (124.87996pt too high) detected at line 129
 []


Overfull \vbox (123.87622pt too high) detected at line 129
 []




Package fancyhdr Warning: \headheight is too small (0.0pt): 
(fancyhdr)                Make it at least 14.0pt, for example:
(fancyhdr)                \setlength{\headheight}{14.0pt}.
(fancyhdr)                You might also make \topmargin smaller:
(fancyhdr)                \addtolength{\topmargin}{-14.0pt}.

[378]
File: Book09/fig03g.eps Graphic file (type eps)
<Book09/fig03g.eps>
File: Book09/fig03e.eps Graphic file (type eps)
<Book09/fig03e.eps>

Overfull \vbox (14.65388pt too high) detected at line 210
 []


Overfull \vbox (124.87996pt too high) detected at line 210
 []


Overfull \vbox (123.87622pt too high) detected at line 210
 []




Package fancyhdr Warning: \headheight is too small (0.0pt): 
(fancyhdr)                Make it at least 14.0pt, for example:
(fancyhdr)                \setlength{\headheight}{14.0pt}.
(fancyhdr)                You might also make \topmargin smaller:
(fancyhdr)                \addtolength{\topmargin}{-14.0pt}.

[379]
Overfull \hbox (7.99797pt too wide) in paragraph at lines 223--224
[]\TU/GFSPorson(0)/m/n/10 Ἐὰν κύβοξ ἀριθμὸξ κύβον ἀριθμὸν πολλαπλασιάσαξ
 []

File: Book09/fig04g.eps Graphic file (type eps)
<Book09/fig04g.eps>
File: Book09/fig04e.eps Graphic file (type eps)
<Book09/fig04e.eps>

Overfull \vbox (14.65388pt too high) detected at line 260
 []


Overfull \vbox (124.87996pt too high) detected at line 260
 []


Overfull \vbox (123.87622pt too high) detected at line 260
 []


Overfull \hbox (0.62793pt too wide) in paragraph at lines 273--274
[]\TU/GFSPorson(0)/m/n/10 Ἐὰν κύβοξ ἀριθμὸξ ἀριθμόν τινα πολλαπλασιάσαξ
 []


Overfull \hbox (4.25063pt too wide) in paragraph at lines 273--274
\TU/GFSPorson(0)/m/n/10 κύβον ποιῆ|, καὶ ὁ πολλαπλασιασθεὶξ κύβοξ >έσται. 
 []


Underfull \hbox (badness 10000) in paragraph at lines 273--274

 []

File: Book09/fig05g.eps Graphic file (type eps)
<Book09/fig05g.eps>
File: Book09/fig05e.eps Graphic file (type eps)
<Book09/fig05e.eps>

Overfull \vbox (14.65388pt too high) detected at line 312
 []


Overfull \vbox (124.87996pt too high) detected at line 312
 []


Overfull \vbox (123.87622pt too high) detected at line 312
 []




Package fancyhdr Warning: \headheight is too small (0.0pt): 
(fancyhdr)                Make it at least 14.0pt, for example:
(fancyhdr)                \setlength{\headheight}{14.0pt}.
(fancyhdr)                You might also make \topmargin smaller:
(fancyhdr)                \addtolength{\topmargin}{-14.0pt}.

[380]
Overfull \hbox (1.91493pt too wide) in paragraph at lines 325--326
[]\TU/GFSPorson(0)/m/n/10 Ἐὰν ἀριθμὸξ ἑαυτὸν πολλαπλασιάσαξ κύβον ποιῆ|,
 []

File: Book09/fig06g.eps Graphic file (type eps)
<Book09/fig06g.eps>
File: Book09/fig06e.eps Graphic file (type eps)
<Book09/fig06e.eps>

Overfull \vbox (14.65388pt too high) detected at line 379
 []


Overfull \vbox (88.74495pt too high) detected at line 379
 []


Overfull \vbox (87.74121pt too high) detected at line 379
 []


Overfull \hbox (3.00395pt too wide) in paragraph at lines 392--393
[]\TU/GFSPorson(0)/m/n/10 Ἐὰν σύνθετοξ ἀριθμὸξ ἀριθμόν τινα πολλαπλασιά-
 []


Underfull \hbox (badness 10000) in paragraph at lines 392--393

 []

File: Book09/fig07g.eps Graphic file (type eps)
<Book09/fig07g.eps>
File: Book09/fig07e.eps Graphic file (type eps)
<Book09/fig07e.eps>

Overfull \vbox (14.65388pt too high) detected at line 432
 []


Overfull \vbox (161.01495pt too high) detected at line 432
 []


Overfull \vbox (160.01122pt too high) detected at line 432
 []




Package fancyhdr Warning: \headheight is too small (0.0pt): 
(fancyhdr)                Make it at least 14.0pt, for example:
(fancyhdr)                \setlength{\headheight}{14.0pt}.
(fancyhdr)                You might also make \topmargin smaller:
(fancyhdr)                \addtolength{\topmargin}{-14.0pt}.

[381]
Overfull \hbox (6.08032pt too wide) in paragraph at lines 448--449
[]\TU/GFSPorson(0)/m/n/10 Ἐὰν ἀπὸ μονάδοξ ὁποσοιοῦν ἀριθμοὶ ἑχῆξ ἀνάλογον
 []


Overfull \hbox (6.21237pt too wide) in paragraph at lines 448--449
\TU/GFSPorson(0)/m/n/10 κύβοξ καὶ οἱ δύο διαλείποντεξ πάντεξ, ὁ δὲ <έβδομοξ
 []


Overfull \hbox (17.74771pt too wide) in paragraph at lines 448--449
\TU/GFSPorson(0)/m/n/10 κύβοξ <άμα καὶ τετράγωνοξ καὶ οἱ πέντε διαλείποντεξ. 
 []


Underfull \hbox (badness 10000) in paragraph at lines 448--449

 []


Underfull \hbox (badness 10000) in paragraph at lines 448--449

 []


Underfull \hbox (badness 10000) in paragraph at lines 448--449

 []

File: Book09/fig08g.eps Graphic file (type eps)
<Book09/fig08g.eps>
File: Book09/fig08e.eps Graphic file (type eps)
<Book09/fig08e.eps>

Overfull \vbox (14.65388pt too high) detected at line 521
 []


Overfull \vbox (197.14996pt too high) detected at line 521
 []


Overfull \vbox (196.14621pt too high) detected at line 521
 []




Package fancyhdr Warning: \headheight is too small (0.0pt): 
(fancyhdr)                Make it at least 14.0pt, for example:
(fancyhdr)                \setlength{\headheight}{14.0pt}.
(fancyhdr)                You might also make \topmargin smaller:
(fancyhdr)                \addtolength{\topmargin}{-14.0pt}.

[382]
Underfull \hbox (badness 10000) in paragraph at lines 536--537

 []

File: Book09/fig08g.eps Graphic file (type eps)
<Book09/fig08g.eps>

Overfull \hbox (17.29303pt too wide) in paragraph at lines 543--544
[]\TU/GFSPorson(0)/m/n/10 >’Εστωσαν ἀπὸ μονάδοξ ἑχῆξ ἀνάλογον ὁσοιδηποτοῦν
 []

File: Book09/fig08e.eps Graphic file (type eps)
<Book09/fig08e.eps>

Overfull \vbox (14.65388pt too high) detected at line 611
 []


Overfull \vbox (196.14621pt too high) detected at line 611
 []


Overfull \vbox (197.14996pt too high) detected at line 611
 []




Package fancyhdr Warning: \headheight is too small (0.0pt): 
(fancyhdr)                Make it at least 14.0pt, for example:
(fancyhdr)                \setlength{\headheight}{14.0pt}.
(fancyhdr)                You might also make \topmargin smaller:
(fancyhdr)                \addtolength{\topmargin}{-14.0pt}.

[383]


Package fancyhdr Warning: \headheight is too small (0.0pt): 
(fancyhdr)                Make it at least 14.0pt, for example:
(fancyhdr)                \setlength{\headheight}{14.0pt}.
(fancyhdr)                You might also make \topmargin smaller:
(fancyhdr)                \addtolength{\topmargin}{-14.0pt}.

[384]
Overfull \hbox (9.01733pt too wide) in paragraph at lines 627--628
[]\TU/GFSPorson(0)/m/n/10 Ἐὰν ἀπὸ μονάδοξ ὁποσοιοῦν ἀριθμοὶ [ἑχῆξ] ἀνάλογ-
 []


Overfull \hbox (3.2647pt too wide) in paragraph at lines 627--628
\TU/GFSPorson(0)/m/n/10 ον >ῶσιν, ὁ δὲ μετὰ τὴν μονάδα μὴ >ῆ| τετράγωνοξ,
 []


Overfull \hbox (4.99864pt too wide) in paragraph at lines 627--628
\TU/GFSPorson(0)/m/n/10 τρίτου ἀπὸ τῆξ μονάδοξ καὶ τῶν <ένα διαλειπόντων
 []


Underfull \hbox (badness 10000) in paragraph at lines 627--628

 []


Underfull \hbox (badness 10000) in paragraph at lines 627--628

 []


Underfull \hbox (badness 10000) in paragraph at lines 627--628

 []

File: Book09/fig08g.eps Graphic file (type eps)
<Book09/fig08g.eps>

Overfull \hbox (17.29303pt too wide) in paragraph at lines 635--636
[]\TU/GFSPorson(0)/m/n/10 >’Εστωσαν ἀπὸ μονάδοξ ἑχῆξ ἀνάλογον ὁσοιδηποτοῦν
 []


Overfull \hbox (9.74945pt too wide) in paragraph at lines 644--645
\TU/GFSPorson(0)/m/n/10 ἐπίπεδοί εἰσιν. καί ἐστι τετράγωνοξ ὁ Β; τετράγωνοξ
 []


Overfull \hbox (7.69366pt too wide) in paragraph at lines 644--645
\TU/GFSPorson(0)/m/n/10 τρίτου ἀπὸ τῆξ μονάδοξ καὶ τῶν <ένα διαλειπόντων. 
 []

File: Book09/fig08e.eps Graphic file (type eps)
<Book09/fig08e.eps>

Overfull \vbox (14.65388pt too high) detected at line 701
 []


Overfull \vbox (196.14621pt too high) detected at line 701
 []


Overfull \vbox (197.14996pt too high) detected at line 701
 []




Package fancyhdr Warning: \headheight is too small (0.0pt): 
(fancyhdr)                Make it at least 14.0pt, for example:
(fancyhdr)                \setlength{\headheight}{14.0pt}.
(fancyhdr)                You might also make \topmargin smaller:
(fancyhdr)                \addtolength{\topmargin}{-14.0pt}.

[385]


Package fancyhdr Warning: \headheight is too small (0.0pt): 
(fancyhdr)                Make it at least 14.0pt, for example:
(fancyhdr)                \setlength{\headheight}{14.0pt}.
(fancyhdr)                You might also make \topmargin smaller:
(fancyhdr)                \addtolength{\topmargin}{-14.0pt}.

[386]
Overfull \hbox (6.08032pt too wide) in paragraph at lines 714--715
[]\TU/GFSPorson(0)/m/n/10 Ἐὰν ἀπὸ μονάδοξ ὁποσοιοῦν ἀριθμοὶ ἑχῆξ ἀνάλογον
 []


Underfull \hbox (badness 10000) in paragraph at lines 714--715

 []

File: Book09/fig11g.eps Graphic file (type eps)
<Book09/fig11g.eps>

Underfull \hbox (badness 10000) in paragraph at lines 727--728

 []


Underfull \hbox (badness 10000) in paragraph at lines 727--728

 []


Underfull \hbox (badness 10000) in paragraph at lines 727--728

 []

File: Book09/fig11e.eps Graphic file (type eps)
<Book09/fig11e.eps>

Underfull \hbox (badness 10000) in paragraph at lines 752--757

 []


Overfull \vbox (14.65388pt too high) detected at line 765
 []


Overfull \vbox (161.01495pt too high) detected at line 765
 []


Overfull \vbox (160.01122pt too high) detected at line 765
 []


Overfull \hbox (6.08032pt too wide) in paragraph at lines 779--780
[]\TU/GFSPorson(0)/m/n/10 Ἐὰν ἀπὸ μονάδοξ ὁποσοιοῦν ἀριθμοὶ ἑχῆξ ἀνάλογον
 []


Underfull \hbox (badness 10000) in paragraph at lines 779--780

 []

File: Book09/fig12g.eps Graphic file (type eps)
<Book09/fig12g.eps>
File: Book09/fig12e.eps Graphic file (type eps)
<Book09/fig12e.eps>

Overfull \vbox (14.65388pt too high) detected at line 872
 []


Overfull \vbox (124.87996pt too high) detected at line 872
 []


Overfull \vbox (120.86496pt too high) detected at line 872
 []




Package fancyhdr Warning: \headheight is too small (0.0pt): 
(fancyhdr)                Make it at least 14.0pt, for example:
(fancyhdr)                \setlength{\headheight}{14.0pt}.
(fancyhdr)                You might also make \topmargin smaller:
(fancyhdr)                \addtolength{\topmargin}{-14.0pt}.

[387]


Package fancyhdr Warning: \headheight is too small (0.0pt): 
(fancyhdr)                Make it at least 14.0pt, for example:
(fancyhdr)                \setlength{\headheight}{14.0pt}.
(fancyhdr)                You might also make \topmargin smaller:
(fancyhdr)                \addtolength{\topmargin}{-14.0pt}.

[388]
Overfull \hbox (6.08032pt too wide) in paragraph at lines 887--888
[]\TU/GFSPorson(0)/m/n/10 Ἐὰν ἀπὸ μονάδοξ ὁποσοιοῦν ἀριθμοὶ ἑχῆξ ἀνάλογον
 []


Overfull \hbox (1.7243pt too wide) in paragraph at lines 887--888
\TU/GFSPorson(0)/m/n/10 παρὲχ τῶν ὑπαρθόντων ἐν τοῖξ ἀνάλογον ἀριθμοῖξ. 
 []


Underfull \hbox (badness 10000) in paragraph at lines 892--893

 []


Underfull \hbox (badness 10000) in paragraph at lines 892--893

 []

File: Book09/fig13g.eps Graphic file (type eps)
<Book09/fig13g.eps>
File: Book09/fig13e.eps Graphic file (type eps)
<Book09/fig13e.eps>

Overfull \vbox (14.65388pt too high) detected at line 1002
 []


Overfull \vbox (123.87622pt too high) detected at line 1002
 []


Overfull \vbox (124.87996pt too high) detected at line 1002
 []




Package fancyhdr Warning: \headheight is too small (0.0pt): 
(fancyhdr)                Make it at least 14.0pt, for example:
(fancyhdr)                \setlength{\headheight}{14.0pt}.
(fancyhdr)                You might also make \topmargin smaller:
(fancyhdr)                \addtolength{\topmargin}{-14.0pt}.

[389]


Package fancyhdr Warning: \headheight is too small (0.0pt): 
(fancyhdr)                Make it at least 14.0pt, for example:
(fancyhdr)                \setlength{\headheight}{14.0pt}.
(fancyhdr)                You might also make \topmargin smaller:
(fancyhdr)                \addtolength{\topmargin}{-14.0pt}.

[390]
File: Book09/fig14g.eps Graphic file (type eps)
<Book09/fig14g.eps>
File: Book09/fig14e.eps Graphic file (type eps)
<Book09/fig14e.eps>

Overfull \vbox (14.65388pt too high) detected at line 1063
 []


Overfull \vbox (87.74121pt too high) detected at line 1063
 []


Overfull \vbox (88.74495pt too high) detected at line 1063
 []




Package fancyhdr Warning: \headheight is too small (0.0pt): 
(fancyhdr)                Make it at least 14.0pt, for example:
(fancyhdr)                \setlength{\headheight}{14.0pt}.
(fancyhdr)                You might also make \topmargin smaller:
(fancyhdr)                \addtolength{\topmargin}{-14.0pt}.

[391]
Overfull \hbox (2.077pt too wide) in paragraph at lines 1077--1078
\TU/GFSPorson(0)/m/n/10 τῶν τὸν αὐτὸν λόγον ἐθόντων αὐτοῖξ, δύο ὁποιοιοῦν
 []


Underfull \hbox (badness 10000) in paragraph at lines 1077--1078

 []

File: Book09/fig15g.eps Graphic file (type eps)
<Book09/fig15g.eps>

Overfull \hbox (30.0568pt too wide) in paragraph at lines 1121--1121
\TU/GFSPorson(0)/m/n/10 ἀριθμοὶ πρῶτοι πρὸξ ἀλλήλουξ >ῶσιν, καὶ συναμφότεροξ
 []

File: Book09/fig15e.eps Graphic file (type eps)
<Book09/fig15e.eps>

Overfull \vbox (14.65388pt too high) detected at line 1175
 []


Overfull \vbox (106.81245pt too high) detected at line 1175
 []


Overfull \vbox (105.80872pt too high) detected at line 1175
 []




Package fancyhdr Warning: \headheight is too small (0.0pt): 
(fancyhdr)                Make it at least 14.0pt, for example:
(fancyhdr)                \setlength{\headheight}{14.0pt}.
(fancyhdr)                You might also make \topmargin smaller:
(fancyhdr)                \addtolength{\topmargin}{-14.0pt}.

[392]
File: Book09/fig16g.eps Graphic file (type eps)
<Book09/fig16g.eps>
File: Book09/fig16e.eps Graphic file (type eps)
<Book09/fig16e.eps>

Overfull \vbox (14.65388pt too high) detected at line 1232
 []


Overfull \vbox (88.74495pt too high) detected at line 1232
 []


Overfull \vbox (87.74121pt too high) detected at line 1232
 []


Underfull \hbox (badness 10000) in paragraph at lines 1251--1252

 []

File: Book09/fig17g.eps Graphic file (type eps)
<Book09/fig17g.eps>
File: Book09/fig17e.eps Graphic file (type eps)
<Book09/fig17e.eps>

Overfull \vbox (14.65388pt too high) detected at line 1298
 []


Overfull \vbox (160.01122pt too high) detected at line 1298
 []


Overfull \vbox (161.01495pt too high) detected at line 1298
 []




Package fancyhdr Warning: \headheight is too small (0.0pt): 
(fancyhdr)                Make it at least 14.0pt, for example:
(fancyhdr)                \setlength{\headheight}{14.0pt}.
(fancyhdr)                You might also make \topmargin smaller:
(fancyhdr)                \addtolength{\topmargin}{-14.0pt}.

[393]


Package fancyhdr Warning: \headheight is too small (0.0pt): 
(fancyhdr)                Make it at least 14.0pt, for example:
(fancyhdr)                \setlength{\headheight}{14.0pt}.
(fancyhdr)                You might also make \topmargin smaller:
(fancyhdr)                \addtolength{\topmargin}{-14.0pt}.

[394]
File: Book09/fig18g.eps Graphic file (type eps)
<Book09/fig18g.eps>
File: Book09/fig18e.eps Graphic file (type eps)
<Book09/fig18e.eps>

Overfull \vbox (14.65388pt too high) detected at line 1377
 []


Overfull \vbox (52.60995pt too high) detected at line 1377
 []


Overfull \vbox (51.60622pt too high) detected at line 1377
 []


Overfull \hbox (10.43301pt too wide) in paragraph at lines 1390--1391
\TU/GFSPorson(0)/m/n/10 δυνατόν ἐστιν αὐτοῖξ τέταρτον ἀνάλογον προσευρεῖν. 
 []

File: Book09/fig19g.eps Graphic file (type eps)
<Book09/fig19g.eps>

Overfull \hbox (3.54929pt too wide) in paragraph at lines 1430--1431
[]\TU/GFSPorson(0)/m/n/10 Ἀλλά δὴ πάλιν >έστωσαν οἱ Α, Β, Γ ἑχῆξ ἀνάλογον,
 []


Overfull \hbox (6.21268pt too wide) in paragraph at lines 1430--1431
\TU/GFSPorson(0)/m/n/10 λέγω, <ότι δυνατόν ἐστιν αὐτοῖξ τέταρτον ἀνάλογον
 []


Overfull \hbox (1.31606pt too wide) in paragraph at lines 1443--1443
\TU/GFSPorson(0)/m/n/10 προσευρεῖν ἀριθμόν. εἰ γὰρ δυνατόν, προσευρήσθω
 []

File: Book09/fig19e.eps Graphic file (type eps)
<Book09/fig19e.eps>

Overfull \vbox (14.65388pt too high) detected at line 1506
 []


Overfull \vbox (161.01495pt too high) detected at line 1506
 []


Overfull \vbox (160.01122pt too high) detected at line 1506
 []




Package fancyhdr Warning: \headheight is too small (0.0pt): 
(fancyhdr)                Make it at least 14.0pt, for example:
(fancyhdr)                \setlength{\headheight}{14.0pt}.
(fancyhdr)                You might also make \topmargin smaller:
(fancyhdr)                \addtolength{\topmargin}{-14.0pt}.

[395]


Package fancyhdr Warning: \headheight is too small (0.0pt): 
(fancyhdr)                Make it at least 14.0pt, for example:
(fancyhdr)                \setlength{\headheight}{14.0pt}.
(fancyhdr)                You might also make \topmargin smaller:
(fancyhdr)                \addtolength{\topmargin}{-14.0pt}.

[396]
Overfull \hbox (21.37776pt too wide) in paragraph at lines 1527--1528
[]\TU/GFSPorson(0)/m/n/10 Οἱ πρῶτοι ἀριθμοὶ πλείουξ εἰσὶ παντὸξ τοῦ προτεθέντοξ

 []

File: Book09/fig20g.eps Graphic file (type eps)
<Book09/fig20g.eps>
File: Book09/fig20e.eps Graphic file (type eps)
<Book09/fig20e.eps>

Overfull \vbox (14.65388pt too high) detected at line 1577
 []


Overfull \vbox (139.9362pt too high) detected at line 1577
 []


Overfull \vbox (138.93246pt too high) detected at line 1577
 []




Package fancyhdr Warning: \headheight is too small (0.0pt): 
(fancyhdr)                Make it at least 14.0pt, for example:
(fancyhdr)                \setlength{\headheight}{14.0pt}.
(fancyhdr)                You might also make \topmargin smaller:
(fancyhdr)                \addtolength{\topmargin}{-14.0pt}.

[397]
File: Book09/fig21g.eps Graphic file (type eps)
<Book09/fig21g.eps>
File: Book09/fig21e.eps Graphic file (type eps)
<Book09/fig21e.eps>

Overfull \vbox (14.65388pt too high) detected at line 1619
 []


Overfull \vbox (31.5312pt too high) detected at line 1619
 []


Overfull \vbox (30.52747pt too high) detected at line 1619
 []


Underfull \hbox (badness 10000) in paragraph at lines 1632--1633

 []

File: Book09/fig21g.eps Graphic file (type eps)
<Book09/fig21g.eps>

Overfull \hbox (1.81961pt too wide) in paragraph at lines 1639--1640
[]\TU/GFSPorson(0)/m/n/10 Συγκείσθωσαν γὰρ περισσοὶ ἀριθμοὶ ὁσοιδηποτοῦν
 []


Overfull \hbox (8.14833pt too wide) in paragraph at lines 1645--1645
\TU/GFSPorson(0)/m/n/10 ἐστιν, ἀφαιρεθείσηξ μονάδοξ ἀφ> ἑκάστου <έκαστοξ
 []


Overfull \hbox (14.53328pt too wide) in paragraph at lines 1645--1645
\TU/GFSPorson(0)/m/n/10 τῶν λοιπῶν >άρτιοξ >έσται; <ώστε καὶ ὁ συγκείμενοξ
 []

File: Book09/fig21e.eps Graphic file (type eps)
<Book09/fig21e.eps>

Overfull \vbox (14.65388pt too high) detected at line 1664
 []


Overfull \vbox (30.52747pt too high) detected at line 1664
 []


Overfull \vbox (31.5312pt too high) detected at line 1664
 []


Underfull \hbox (badness 10000) in paragraph at lines 1677--1678

 []

File: Book09/fig23g.eps Graphic file (type eps)
<Book09/fig23g.eps>
File: Book09/fig23e.eps Graphic file (type eps)
<Book09/fig23e.eps>

Overfull \vbox (14.65388pt too high) detected at line 1710
 []


Overfull \vbox (30.52747pt too high) detected at line 1710
 []


Overfull \vbox (31.5312pt too high) detected at line 1710
 []




Package fancyhdr Warning: \headheight is too small (0.0pt): 
(fancyhdr)                Make it at least 14.0pt, for example:
(fancyhdr)                \setlength{\headheight}{14.0pt}.
(fancyhdr)                You might also make \topmargin smaller:
(fancyhdr)                \addtolength{\topmargin}{-14.0pt}.

[398]
File: Book09/fig24g.eps Graphic file (type eps)
<Book09/fig24g.eps>
File: Book09/fig24e.eps Graphic file (type eps)
<Book09/fig24e.eps>

Overfull \vbox (14.65388pt too high) detected at line 1752
 []


Overfull \vbox (31.5312pt too high) detected at line 1752
 []


Overfull \vbox (30.52747pt too high) detected at line 1752
 []

File: Book09/fig25g.eps Graphic file (type eps)
<Book09/fig25g.eps>
File: Book09/fig25e.eps Graphic file (type eps)
<Book09/fig25e.eps>

Overfull \vbox (14.65388pt too high) detected at line 1795
 []


Overfull \vbox (31.5312pt too high) detected at line 1795
 []


Overfull \vbox (30.52747pt too high) detected at line 1795
 []

File: Book09/fig26g.eps Graphic file (type eps)
<Book09/fig26g.eps>
File: Book09/fig26e.eps Graphic file (type eps)
<Book09/fig26e.eps>

Overfull \vbox (14.65388pt too high) detected at line 1838
 []


Overfull \vbox (31.5312pt too high) detected at line 1838
 []


Overfull \vbox (30.52747pt too high) detected at line 1838
 []




Package fancyhdr Warning: \headheight is too small (0.0pt): 
(fancyhdr)                Make it at least 14.0pt, for example:
(fancyhdr)                \setlength{\headheight}{14.0pt}.
(fancyhdr)                You might also make \topmargin smaller:
(fancyhdr)                \addtolength{\topmargin}{-14.0pt}.

[399]
File: Book09/fig27g.eps Graphic file (type eps)
<Book09/fig27g.eps>
File: Book09/fig27e.eps Graphic file (type eps)
<Book09/fig27e.eps>

Overfull \vbox (14.65388pt too high) detected at line 1882
 []


Overfull \vbox (31.5312pt too high) detected at line 1882
 []


Overfull \vbox (30.52747pt too high) detected at line 1882
 []

File: Book09/fig28g.eps Graphic file (type eps)
<Book09/fig28g.eps>

Overfull \hbox (37.32205pt too wide) in paragraph at lines 1901--1902
[]\TU/GFSPorson(0)/m/n/10 Περισσὸξ γὰρ ἀριθμὸξ ὁ Α >άρτιον τὸν Β πολλαπλασιάσαξ

 []

File: Book09/fig28e.eps Graphic file (type eps)
<Book09/fig28e.eps>

Overfull \vbox (14.65388pt too high) detected at line 1927
 []


Overfull \vbox (88.74495pt too high) detected at line 1927
 []


Overfull \vbox (87.74121pt too high) detected at line 1927
 []


Overfull \hbox (31.62611pt too wide) in paragraph at lines 1940--1941
[]\TU/GFSPorson(0)/m/n/10 Ἐὰν περισσὸξ ἀριθμὸξ περισσὸν ἀριθμὸν πολλαπλασιάσ-
 []

File: Book09/fig28g.eps Graphic file (type eps)
<Book09/fig28g.eps>

Overfull \hbox (42.05208pt too wide) in paragraph at lines 1947--1948
[]\TU/GFSPorson(0)/m/n/10 Περισσὸξ γὰρ ἀριθμὸξ ὁ Α περισσὸν τὸν Β πολλαπλασιάσα
ξ
 []

File: Book09/fig28e.eps Graphic file (type eps)
<Book09/fig28e.eps>

Overfull \vbox (14.65388pt too high) detected at line 1972
 []


Overfull \vbox (88.74495pt too high) detected at line 1972
 []


Overfull \vbox (87.74121pt too high) detected at line 1972
 []




Package fancyhdr Warning: \headheight is too small (0.0pt): 
(fancyhdr)                Make it at least 14.0pt, for example:
(fancyhdr)                \setlength{\headheight}{14.0pt}.
(fancyhdr)                You might also make \topmargin smaller:
(fancyhdr)                \addtolength{\topmargin}{-14.0pt}.

[400]
File: Book09/fig30g.eps Graphic file (type eps)
<Book09/fig30g.eps>

Overfull \hbox (3.33186pt too wide) in paragraph at lines 1991--1992
[]\TU/GFSPorson(0)/m/n/10 Περισσὸξ γὰρ ἀριθμὸξ ὁ Α >άρτιον τὸν Β μετρείτω;
 []

File: Book09/fig30e.eps Graphic file (type eps)
<Book09/fig30e.eps>

Overfull \vbox (14.65388pt too high) detected at line 2025
 []


Overfull \vbox (88.74495pt too high) detected at line 2025
 []


Overfull \vbox (87.74121pt too high) detected at line 2025
 []

File: Book09/fig31g.eps Graphic file (type eps)
<Book09/fig31g.eps>
File: Book09/fig31e.eps Graphic file (type eps)
<Book09/fig31e.eps>

Overfull \vbox (14.65388pt too high) detected at line 2079
 []


Overfull \vbox (123.87622pt too high) detected at line 2079
 []


Overfull \vbox (124.87996pt too high) detected at line 2079
 []




Package fancyhdr Warning: \headheight is too small (0.0pt): 
(fancyhdr)                Make it at least 14.0pt, for example:
(fancyhdr)                \setlength{\headheight}{14.0pt}.
(fancyhdr)                You might also make \topmargin smaller:
(fancyhdr)                \addtolength{\topmargin}{-14.0pt}.

[401]
Overfull \hbox (13.58603pt too wide) in paragraph at lines 2092--2093
[]\TU/GFSPorson(0)/m/n/10 Τῶν ἀπὸ δύαδοξ διπλασιαζομένων ἀριθμων <έκαστοξ
 []

File: Book09/fig32g.eps Graphic file (type eps)
<Book09/fig32g.eps>

Overfull \hbox (26.02235pt too wide) in paragraph at lines 2098--2099
[]\TU/GFSPorson(0)/m/n/10 Ἀπὸ γὰρ δύαδοξ τῆξ Α δεδιπλασιάσθωσαν ὁσοιδηποτοῦν
 []

File: Book09/fig32e.eps Graphic file (type eps)
<Book09/fig32e.eps>

Overfull \vbox (14.65388pt too high) detected at line 2134
 []


Overfull \vbox (124.87996pt too high) detected at line 2134
 []


Overfull \vbox (123.87622pt too high) detected at line 2134
 []




Package fancyhdr Warning: \headheight is too small (0.0pt): 
(fancyhdr)                Make it at least 14.0pt, for example:
(fancyhdr)                \setlength{\headheight}{14.0pt}.
(fancyhdr)                You might also make \topmargin smaller:
(fancyhdr)                \addtolength{\topmargin}{-14.0pt}.

[402]
File: Book09/fig33g.eps Graphic file (type eps)
<Book09/fig33g.eps>
File: Book09/fig33e.eps Graphic file (type eps)
<Book09/fig33e.eps>

Overfull \vbox (14.65388pt too high) detected at line 2184
 []


Overfull \vbox (16.47496pt too high) detected at line 2184
 []


Overfull \vbox (15.47122pt too high) detected at line 2184
 []


Overfull \hbox (8.55936pt too wide) in paragraph at lines 2198--2199
[]\TU/GFSPorson(0)/m/n/10 Ἐὰν ἀριθμὸξ μήτε τῶν ἀπὸ δυάδοξ διπλασιαζομένων
 []

File: Book09/fig33g.eps Graphic file (type eps)
<Book09/fig33g.eps>

Overfull \hbox (24.73207pt too wide) in paragraph at lines 2205--2206
[]\TU/GFSPorson(0)/m/n/10 Ἀριθμὸξ γὰρ ὁ Α μήτε τῶν ἀπὸ δυάδοξ διπλασιαζομένων
 []

File: Book09/fig33e.eps Graphic file (type eps)
<Book09/fig33e.eps>

Overfull \vbox (14.65388pt too high) detected at line 2244
 []


Overfull \vbox (16.47496pt too high) detected at line 2244
 []


Overfull \vbox (15.47122pt too high) detected at line 2244
 []




Package fancyhdr Warning: \headheight is too small (0.0pt): 
(fancyhdr)                Make it at least 14.0pt, for example:
(fancyhdr)                \setlength{\headheight}{14.0pt}.
(fancyhdr)                You might also make \topmargin smaller:
(fancyhdr)                \addtolength{\topmargin}{-14.0pt}.

[403]
Underfull \hbox (badness 10000) in paragraph at lines 2258--2259

 []

File: Book09/fig35g.eps Graphic file (type eps)
<Book09/fig35g.eps>

Overfull \hbox (5.73564pt too wide) in paragraph at lines 2264--2265
[]\TU/GFSPorson(0)/m/n/10 >’Εστωσαν ὁποσοιδηποτοῦν ἀριθμοὶ ἑχῆξ ἀνάλογον
 []

File: Book09/fig35e.eps Graphic file (type eps)
<Book09/fig35e.eps>

Overfull \vbox (14.65388pt too high) detected at line 2313
 []


Overfull \vbox (176.07121pt too high) detected at line 2313
 []


Overfull \vbox (175.06747pt too high) detected at line 2313
 []




Package fancyhdr Warning: \headheight is too small (0.0pt): 
(fancyhdr)                Make it at least 14.0pt, for example:
(fancyhdr)                \setlength{\headheight}{14.0pt}.
(fancyhdr)                You might also make \topmargin smaller:
(fancyhdr)                \addtolength{\topmargin}{-14.0pt}.

[404]
Overfull \hbox (8.29134pt too wide) in paragraph at lines 2331--2332
[]\TU/GFSPorson(0)/m/n/10 Ἐὰν ἀπὸ μονάδοξ ὁποσοιοῦν ἀριθμοὶ ἑχῆξ ἐκτεθῶσιν
 []


Underfull \hbox (badness 10000) in paragraph at lines 2337--2338

 []

File: Book09/fig36g.eps Graphic file (type eps)
<Book09/fig36g.eps>
File: Book09/fig36e.eps Graphic file (type eps)
<Book09/fig36e.eps>

Overfull \vbox (14.65388pt too high) detected at line 2360
 []


Overfull \vbox (123.87622pt too high) detected at line 2360
 []


Overfull \vbox (124.87996pt too high) detected at line 2360
 []


Underfull \hbox (badness 10000) in paragraph at lines 2360--2361

 []

File: Book09/fig36ag.eps Graphic file (type eps)
<Book09/fig36ag.eps>
File: Book09/fig36ae.eps Graphic file (type eps)
<Book09/fig36ae.eps>

Overfull \vbox (268.41621pt too high) detected at line 2479
 []


Overfull \vbox (272.43121pt too high) detected at line 2479
 []




Package fancyhdr Warning: \headheight is too small (0.0pt): 
(fancyhdr)                Make it at least 14.0pt, for example:
(fancyhdr)                \setlength{\headheight}{14.0pt}.
(fancyhdr)                You might also make \topmargin smaller:
(fancyhdr)                \addtolength{\topmargin}{-14.0pt}.

[405]


Package fancyhdr Warning: \headheight is too small (0.0pt): 
(fancyhdr)                Make it at least 14.0pt, for example:
(fancyhdr)                \setlength{\headheight}{14.0pt}.
(fancyhdr)                You might also make \topmargin smaller:
(fancyhdr)                \addtolength{\topmargin}{-14.0pt}.

[406])


Package fancyhdr Warning: \headheight is too small (0.0pt): 
(fancyhdr)                Make it at least 14.0pt, for example:
(fancyhdr)                \setlength{\headheight}{14.0pt}.
(fancyhdr)                You might also make \topmargin smaller:
(fancyhdr)                \addtolength{\topmargin}{-14.0pt}.

[407]
\openout2 = `Book10/Book10.aux'.

 (./Book10/Book10.tex
File: Book10/front.eps Graphic file (type eps)
<Book10/front.eps>


[408



]
Overfull \hbox (3.09065pt too wide) in paragraph at lines 38--42
\TU/GFSPorson(0)/m/n/10 ἀσύμμετροι δέ, <όταν τοῖξ ἀπ> αὐτῶν τετραγώνοιξ
 []


Overfull \hbox (15.593pt too wide) in paragraph at lines 43--49
[]\TU/GFSPorson(0)/m/n/10 3\TU/TimesNewRoman(0)/m/n/10 . \TU/GFSPorson(0)/m/n/1
0 Τούτων ὑποκειμένων δείκνυται, <ότι τῆ| προτεθείσῃ
 []


Overfull \hbox (10.759pt too wide) in paragraph at lines 43--49
\TU/GFSPorson(0)/m/n/10 εὐθείᾳ ὑπάρθουσιν εὐθεῖαι πλήθει >άπειροι σύμμετροί
 []


Overfull \hbox (8.32933pt too wide) in paragraph at lines 50--54
[]\TU/GFSPorson(0)/m/n/10 4\TU/TimesNewRoman(0)/m/n/10 . \TU/GFSPorson(0)/m/n/1
0 Καὶ τὸ μὲν ἀπὸ τῆξ προτεθείσηξ εὐθείαξ τετράγω-
 []


Overfull \hbox (12.74373pt too wide) in paragraph at lines 83--97
[]$ \TU/TimesNewRoman(0)/m/n/8 To be more exact, straight-lines can either be c
ommensurable in square only, incommensurable in length only, or commenusrable/i
ncommensurable
 []


Underfull \hbox (badness 10000) in paragraph at lines 115--116

 []


Underfull \hbox (badness 10000) in paragraph at lines 115--116

 []


Underfull \hbox (badness 10000) in paragraph at lines 115--116

 []


Underfull \hbox (badness 10000) in paragraph at lines 115--116

 []

File: Book10/fig001g.eps Graphic file (type eps)
<Book10/fig001g.eps>

Overfull \hbox (15.86568pt too wide) in paragraph at lines 135--136
[]\TU/GFSPorson(0)/m/n/10 >’Εστωσαν ο>ῦν αἱ ΑΚ, ΚΘ, ΘΒ διαιρέσειξ ἰσοπληθεῖξ
 []

File: Book10/fig001e.eps Graphic file (type eps)
<Book10/fig001e.eps>

Overfull \vbox (14.65388pt too high) detected at line 175
 []


Overfull \vbox (128.89497pt too high) detected at line 175
 []


Overfull \vbox (129.89871pt too high) detected at line 175
 []




Package fancyhdr Warning: \headheight is too small (0.0pt): 
(fancyhdr)                Make it at least 14.0pt, for example:
(fancyhdr)                \setlength{\headheight}{14.0pt}.
(fancyhdr)                You might also make \topmargin smaller:
(fancyhdr)                \addtolength{\topmargin}{-14.0pt}.

[409]
Overfull \hbox (25.65309pt too wide) in paragraph at lines 190--191
[]\TU/GFSPorson(0)/m/n/10 Ἐὰν δύο μεγεθῶν [ἐκκειμένων] ἀνίσων ἀνθυφαιρουμένου
 []


Overfull \hbox (19.54076pt too wide) in paragraph at lines 190--191
\TU/GFSPorson(0)/m/n/10 ἀεὶ τοῦ ἐλάσσονοξ ἀπὸ τοῦ μείζονοξ τὸ καταλειπόμενον
 []


Underfull \hbox (badness 10000) in paragraph at lines 190--191

 []

File: Book10/fig002g.eps Graphic file (type eps)
<Book10/fig002g.eps>
File: Book10/fig002e.eps Graphic file (type eps)
<Book10/fig002e.eps>

Overfull \vbox (14.65388pt too high) detected at line 244
 []


Overfull \vbox (124.87996pt too high) detected at line 244
 []


Overfull \vbox (123.87622pt too high) detected at line 244
 []




Package fancyhdr Warning: \headheight is too small (0.0pt): 
(fancyhdr)                Make it at least 14.0pt, for example:
(fancyhdr)                \setlength{\headheight}{14.0pt}.
(fancyhdr)                You might also make \topmargin smaller:
(fancyhdr)                \addtolength{\topmargin}{-14.0pt}.

[410]
File: Book10/fig003g.eps Graphic file (type eps)
<Book10/fig003g.eps>

Overfull \hbox (19.1851pt too wide) in paragraph at lines 278--279
\TU/GFSPorson(0)/m/n/10 ἀεὶ τοῦ ἐλάσσονοξ ἀπὸ τοῦ μείζονοξ, τὸ περιλειπόμενον
 []


Underfull \hbox (badness 10000) in paragraph at lines 297--298

 []


Underfull \hbox (badness 10000) in paragraph at lines 297--298

 []


Underfull \hbox (badness 10000) in paragraph at lines 297--298

 []


Underfull \hbox (badness 10000) in paragraph at lines 297--298

 []


Underfull \hbox (badness 10000) in paragraph at lines 297--298

 []


Underfull \hbox (badness 10000) in paragraph at lines 297--298

 []


Underfull \hbox (badness 10000) in paragraph at lines 297--298

 []

File: Book10/fig003e.eps Graphic file (type eps)
<Book10/fig003e.eps>

Underfull \hbox (badness 10000) in paragraph at lines 348--350

 []


Overfull \vbox (14.65388pt too high) detected at line 357
 []


Overfull \vbox (124.87996pt too high) detected at line 357
 []


Overfull \vbox (123.87622pt too high) detected at line 357
 []




Package fancyhdr Warning: \headheight is too small (0.0pt): 
(fancyhdr)                Make it at least 14.0pt, for example:
(fancyhdr)                \setlength{\headheight}{14.0pt}.
(fancyhdr)                You might also make \topmargin smaller:
(fancyhdr)                \addtolength{\topmargin}{-14.0pt}.

[411]


Package fancyhdr Warning: \headheight is too small (0.0pt): 
(fancyhdr)                Make it at least 14.0pt, for example:
(fancyhdr)                \setlength{\headheight}{14.0pt}.
(fancyhdr)                You might also make \topmargin smaller:
(fancyhdr)                \addtolength{\topmargin}{-14.0pt}.

[412]
File: Book10/fig004g.eps Graphic file (type eps)
<Book10/fig004g.eps>

Underfull \hbox (badness 10000) in paragraph at lines 406--407

 []


Underfull \hbox (badness 10000) in paragraph at lines 406--407

 []


Underfull \hbox (badness 10000) in paragraph at lines 406--407

 []


Underfull \hbox (badness 10000) in paragraph at lines 406--407

 []


Underfull \hbox (badness 10000) in paragraph at lines 406--407

 []


Underfull \hbox (badness 10000) in paragraph at lines 406--407

 []


Underfull \hbox (badness 10000) in paragraph at lines 406--407

 []


Underfull \hbox (badness 10000) in paragraph at lines 406--407

 []


Underfull \hbox (badness 10000) in paragraph at lines 406--407

 []


Underfull \hbox (badness 10000) in paragraph at lines 406--407

 []

File: Book10/fig004e.eps Graphic file (type eps)
<Book10/fig004e.eps>

Underfull \hbox (badness 10000) in paragraph at lines 464--467

 []


Overfull \vbox (14.65388pt too high) detected at line 478
 []


Overfull \vbox (142.94745pt too high) detected at line 478
 []


Overfull \vbox (141.94371pt too high) detected at line 478
 []




Package fancyhdr Warning: \headheight is too small (0.0pt): 
(fancyhdr)                Make it at least 14.0pt, for example:
(fancyhdr)                \setlength{\headheight}{14.0pt}.
(fancyhdr)                You might also make \topmargin smaller:
(fancyhdr)                \addtolength{\topmargin}{-14.0pt}.

[413]
File: Book10/fig005g.eps Graphic file (type eps)
<Book10/fig005g.eps>
File: Book10/fig005e.eps Graphic file (type eps)
<Book10/fig005e.eps>

Overfull \vbox (14.65388pt too high) detected at line 554
 []


Overfull \vbox (84.72995pt too high) detected at line 554
 []


Overfull \vbox (83.72621pt too high) detected at line 554
 []




Package fancyhdr Warning: \headheight is too small (0.0pt): 
(fancyhdr)                Make it at least 14.0pt, for example:
(fancyhdr)                \setlength{\headheight}{14.0pt}.
(fancyhdr)                You might also make \topmargin smaller:
(fancyhdr)                \addtolength{\topmargin}{-14.0pt}.

[414]
Underfull \hbox (badness 10000) in paragraph at lines 568--569

 []

File: Book10/fig006g.eps Graphic file (type eps)
<Book10/fig006g.eps>

Underfull \hbox (badness 10000) in paragraph at lines 601--602

 []

File: Book10/fig006e.eps Graphic file (type eps)
<Book10/fig006e.eps>

Underfull \hbox (badness 10000) in paragraph at lines 654--655

 []


Overfull \vbox (14.65388pt too high) detected at line 670
 []


Overfull \vbox (87.74121pt too high) detected at line 670
 []


Overfull \vbox (88.74495pt too high) detected at line 670
 []




Package fancyhdr Warning: \headheight is too small (0.0pt): 
(fancyhdr)                Make it at least 14.0pt, for example:
(fancyhdr)                \setlength{\headheight}{14.0pt}.
(fancyhdr)                You might also make \topmargin smaller:
(fancyhdr)                \addtolength{\topmargin}{-14.0pt}.

[415]
Underfull \hbox (badness 10000) in paragraph at lines 686--687

 []

File: Book10/fig007g.eps Graphic file (type eps)
<Book10/fig007g.eps>
File: Book10/fig007e.eps Graphic file (type eps)
<Book10/fig007e.eps>

Overfull \vbox (14.65388pt too high) detected at line 719
 []


Overfull \vbox (52.60995pt too high) detected at line 719
 []


Overfull \vbox (51.60622pt too high) detected at line 719
 []


Underfull \hbox (badness 10000) in paragraph at lines 732--733

 []

File: Book10/fig007g.eps Graphic file (type eps)
<Book10/fig007g.eps>
File: Book10/fig007e.eps Graphic file (type eps)
<Book10/fig007e.eps>

Underfull \hbox (badness 10000) in paragraph at lines 766--766

 []


Underfull \hbox (badness 10000) in paragraph at lines 766--766

 []


Overfull \vbox (14.65388pt too high) detected at line 767
 []


Overfull \vbox (51.60622pt too high) detected at line 767
 []


Overfull \vbox (52.60995pt too high) detected at line 767
 []




Package fancyhdr Warning: \headheight is too small (0.0pt): 
(fancyhdr)                Make it at least 14.0pt, for example:
(fancyhdr)                \setlength{\headheight}{14.0pt}.
(fancyhdr)                You might also make \topmargin smaller:
(fancyhdr)                \addtolength{\topmargin}{-14.0pt}.

[416]
Overfull \hbox (15.11992pt too wide) in paragraph at lines 787--788
\TU/GFSPorson(0)/m/n/10 ἀριθμὸξ πρὸξ τετράγωνον ἀριθμόν; καὶ τὰ τετράγωνα
 []


Overfull \hbox (6.79167pt too wide) in paragraph at lines 787--788
\TU/GFSPorson(0)/m/n/10 ἀριθμὸξ πρὸξ τετράγωνον ἀριθμόν, καὶ τὰξ πλευρὰξ
 []


Underfull \hbox (badness 10000) in paragraph at lines 787--788

 []

File: Book10/fig009g.eps Graphic file (type eps)
<Book10/fig009g.eps>

Overfull \hbox (6.27364pt too wide) in paragraph at lines 814--815
\TU/GFSPorson(0)/m/n/10 πρὸξ τὸ ἀπὸ τῆξ Β, ο<ύτωξ ὁ ἀπὸ τοῦ Γ τετράγωνοξ
 []


Underfull \hbox (badness 10000) in paragraph at lines 847--848

 []


Underfull \hbox (badness 10000) in paragraph at lines 847--848

 []


Underfull \hbox (badness 10000) in paragraph at lines 847--848

 []

File: Book10/fig009e.eps Graphic file (type eps)
<Book10/fig009e.eps>

Underfull \hbox (badness 10000) in paragraph at lines 926--928

 []


Overfull \vbox (14.65388pt too high) detected at line 937
 []


Overfull \vbox (51.60622pt too high) detected at line 937
 []


Overfull \vbox (52.60995pt too high) detected at line 937
 []




Package fancyhdr Warning: \headheight is too small (0.0pt): 
(fancyhdr)                Make it at least 14.0pt, for example:
(fancyhdr)                \setlength{\headheight}{14.0pt}.
(fancyhdr)                You might also make \topmargin smaller:
(fancyhdr)                \addtolength{\topmargin}{-14.0pt}.

[417]


Package fancyhdr Warning: \headheight is too small (0.0pt): 
(fancyhdr)                Make it at least 14.0pt, for example:
(fancyhdr)                \setlength{\headheight}{14.0pt}.
(fancyhdr)                You might also make \topmargin smaller:
(fancyhdr)                \addtolength{\topmargin}{-14.0pt}.

[418]
Underfull \hbox (badness 10000) in paragraph at lines 953--954

 []

File: Book10/fig010g.eps Graphic file (type eps)
<Book10/fig010g.eps>
File: Book10/fig010e.eps Graphic file (type eps)
<Book10/fig010e.eps>

Overfull \vbox (14.65388pt too high) detected at line 1018
 []


Overfull \vbox (160.01122pt too high) detected at line 1018
 []


Overfull \vbox (161.01495pt too high) detected at line 1018
 []




Package fancyhdr Warning: \headheight is too small (0.0pt): 
(fancyhdr)                Make it at least 14.0pt, for example:
(fancyhdr)                \setlength{\headheight}{14.0pt}.
(fancyhdr)                You might also make \topmargin smaller:
(fancyhdr)                \addtolength{\topmargin}{-14.0pt}.

[419]
Underfull \hbox (badness 10000) in paragraph at lines 1034--1035

 []

File: Book10/fig011g.eps Graphic file (type eps)
<Book10/fig011g.eps>
File: Book10/fig011e.eps Graphic file (type eps)
<Book10/fig011e.eps>

Overfull \vbox (14.65388pt too high) detected at line 1086
 []


Overfull \vbox (51.60622pt too high) detected at line 1086
 []


Overfull \vbox (52.60995pt too high) detected at line 1086
 []




Package fancyhdr Warning: \headheight is too small (0.0pt): 
(fancyhdr)                Make it at least 14.0pt, for example:
(fancyhdr)                \setlength{\headheight}{14.0pt}.
(fancyhdr)                You might also make \topmargin smaller:
(fancyhdr)                \addtolength{\topmargin}{-14.0pt}.

[420]
Underfull \hbox (badness 10000) in paragraph at lines 1110--1111

 []


Underfull \hbox (badness 10000) in paragraph at lines 1110--1111

 []


Underfull \hbox (badness 10000) in paragraph at lines 1110--1111

 []

File: Book10/fig012g.eps Graphic file (type eps)
<Book10/fig012g.eps>
File: Book10/fig012e.eps Graphic file (type eps)
<Book10/fig012e.eps>

Underfull \hbox (badness 3271) in paragraph at lines 1157--1158
[]\TU/TimesNewRoman(0)/m/n/10 Thus, (magnitudes) commensurable with the same
 []


Overfull \vbox (14.65388pt too high) detected at line 1159
 []


Overfull \vbox (160.01122pt too high) detected at line 1159
 []


Overfull \vbox (161.01495pt too high) detected at line 1159
 []




Package fancyhdr Warning: \headheight is too small (0.0pt): 
(fancyhdr)                Make it at least 14.0pt, for example:
(fancyhdr)                \setlength{\headheight}{14.0pt}.
(fancyhdr)                You might also make \topmargin smaller:
(fancyhdr)                \addtolength{\topmargin}{-14.0pt}.

[421]
Underfull \hbox (badness 10000) in paragraph at lines 1173--1174

 []

File: Book10/fig013g.eps Graphic file (type eps)
<Book10/fig013g.eps>
File: Book10/fig013e.eps Graphic file (type eps)
<Book10/fig013e.eps>

Overfull \vbox (14.65388pt too high) detected at line 1212
 []


Overfull \vbox (88.74495pt too high) detected at line 1212
 []


Overfull \vbox (87.74121pt too high) detected at line 1212
 []


Underfull \hbox (badness 10000) in paragraph at lines 1224--1225

 []

File: Book10/fig013ag.eps Graphic file (type eps)
<Book10/fig013ag.eps>
File: Book10/fig013ae.eps Graphic file (type eps)
<Book10/fig013ae.eps>

Overfull \vbox (155.99622pt too high) detected at line 1272
 []


Overfull \vbox (155.99622pt too high) detected at line 1272
 []




Package fancyhdr Warning: \headheight is too small (0.0pt): 
(fancyhdr)                Make it at least 14.0pt, for example:
(fancyhdr)                \setlength{\headheight}{14.0pt}.
(fancyhdr)                You might also make \topmargin smaller:
(fancyhdr)                \addtolength{\topmargin}{-14.0pt}.

[422]
Underfull \hbox (badness 10000) in paragraph at lines 1299--1300

 []


Underfull \hbox (badness 10000) in paragraph at lines 1299--1300

 []


Underfull \hbox (badness 10000) in paragraph at lines 1299--1300

 []


Underfull \hbox (badness 10000) in paragraph at lines 1299--1300

 []


Underfull \hbox (badness 10000) in paragraph at lines 1299--1300

 []


Underfull \hbox (badness 10000) in paragraph at lines 1299--1300

 []

File: Book10/fig014g.eps Graphic file (type eps)
<Book10/fig014g.eps>
File: Book10/fig014e.eps Graphic file (type eps)
<Book10/fig014e.eps>

Overfull \vbox (14.65388pt too high) detected at line 1362
 []


Overfull \vbox (226.25871pt too high) detected at line 1362
 []


Overfull \vbox (226.25871pt too high) detected at line 1362
 []




Package fancyhdr Warning: \headheight is too small (0.0pt): 
(fancyhdr)                Make it at least 14.0pt, for example:
(fancyhdr)                \setlength{\headheight}{14.0pt}.
(fancyhdr)                You might also make \topmargin smaller:
(fancyhdr)                \addtolength{\topmargin}{-14.0pt}.

[423]
Underfull \hbox (badness 10000) in paragraph at lines 1379--1380

 []


Underfull \hbox (badness 10000) in paragraph at lines 1379--1380

 []


Underfull \hbox (badness 10000) in paragraph at lines 1379--1380

 []

File: Book10/fig015g.eps Graphic file (type eps)
<Book10/fig015g.eps>
File: Book10/fig015e.eps Graphic file (type eps)
<Book10/fig015e.eps>

Overfull \vbox (14.65388pt too high) detected at line 1434
 []


Overfull \vbox (69.67372pt too high) detected at line 1434
 []


Overfull \vbox (70.67746pt too high) detected at line 1434
 []




Package fancyhdr Warning: \headheight is too small (0.0pt): 
(fancyhdr)                Make it at least 14.0pt, for example:
(fancyhdr)                \setlength{\headheight}{14.0pt}.
(fancyhdr)                You might also make \topmargin smaller:
(fancyhdr)                \addtolength{\topmargin}{-14.0pt}.

[424]
Underfull \hbox (badness 10000) in paragraph at lines 1448--1449

 []


Underfull \hbox (badness 10000) in paragraph at lines 1448--1449

 []

File: Book10/fig015g.eps Graphic file (type eps)
<Book10/fig015g.eps>
File: Book10/fig015e.eps Graphic file (type eps)
<Book10/fig015e.eps>

Overfull \vbox (14.65388pt too high) detected at line 1518
 []


Overfull \vbox (69.67372pt too high) detected at line 1518
 []


Overfull \vbox (70.67746pt too high) detected at line 1518
 []




Package fancyhdr Warning: \headheight is too small (0.0pt): 
(fancyhdr)                Make it at least 14.0pt, for example:
(fancyhdr)                \setlength{\headheight}{14.0pt}.
(fancyhdr)                You might also make \topmargin smaller:
(fancyhdr)                \addtolength{\topmargin}{-14.0pt}.

[425]
Overfull \hbox (14.92802pt too wide) in paragraph at lines 1531--1532
[]\TU/GFSPorson(0)/m/n/10 Ἐὰν παρά τινα εὐθεῖαν παραβληθῆ| παραλληλόγραμ-
 []


Overfull \hbox (10.04404pt too wide) in paragraph at lines 1531--1532
\TU/GFSPorson(0)/m/n/10 >ίσον ἐστὶ τῶ| ὑπὸ τῶν ἐκ τῆξ παραβολήξ γενομένων
 []


Underfull \hbox (badness 10000) in paragraph at lines 1531--1532

 []

File: Book10/fig016ag.eps Graphic file (type eps)
<Book10/fig016ag.eps>

Overfull \hbox (53.90752pt too wide) in paragraph at lines 1538--1539
[]\TU/GFSPorson(0)/m/n/10 Παρὰ γὰρ εὐθεῖαν τὴν ΑΒ παραβεβλήσθω παραλληλόγραμμον

 []

File: Book10/fig016ae.eps Graphic file (type eps)
<Book10/fig016ae.eps>

Overfull \vbox (151.9812pt too high) detected at line 1566
 []


Overfull \vbox (150.97746pt too high) detected at line 1566
 []




Package fancyhdr Warning: \headheight is too small (0.0pt): 
(fancyhdr)                Make it at least 14.0pt, for example:
(fancyhdr)                \setlength{\headheight}{14.0pt}.
(fancyhdr)                You might also make \topmargin smaller:
(fancyhdr)                \addtolength{\topmargin}{-14.0pt}.

[426]
Overfull \hbox (4.19458pt too wide) in paragraph at lines 1594--1595
\TU/GFSPorson(0)/m/n/10 τῆξ Α, >ίσον παρὰ τὴν ΒΓ παραβεβλήσθω ἐλλεῖπον
 []


Underfull \hbox (badness 10000) in paragraph at lines 1594--1595

 []


Underfull \hbox (badness 10000) in paragraph at lines 1594--1595

 []


Underfull \hbox (badness 10000) in paragraph at lines 1594--1595

 []


Underfull \hbox (badness 10000) in paragraph at lines 1594--1595

 []


Underfull \hbox (badness 10000) in paragraph at lines 1594--1595

 []


Underfull \hbox (badness 10000) in paragraph at lines 1594--1595

 []


Underfull \hbox (badness 10000) in paragraph at lines 1594--1595

 []


Underfull \hbox (badness 10000) in paragraph at lines 1594--1595

 []

File: Book10/fig017g.eps Graphic file (type eps)
<Book10/fig017g.eps>

Overfull \hbox (10.213pt too wide) in paragraph at lines 1638--1639
[]\TU/GFSPorson(0)/m/n/10 Τῶν γὰρ αὐτῶν κατασκευασθέντων ὁμοίωξ δείχομεν,
 []

File: Book10/fig017e.eps Graphic file (type eps)
<Book10/fig017e.eps>

Overfull \vbox (14.65388pt too high) detected at line 1709
 []


Overfull \vbox (123.87622pt too high) detected at line 1709
 []


Overfull \vbox (124.87996pt too high) detected at line 1709
 []




Package fancyhdr Warning: \headheight is too small (0.0pt): 
(fancyhdr)                Make it at least 14.0pt, for example:
(fancyhdr)                \setlength{\headheight}{14.0pt}.
(fancyhdr)                You might also make \topmargin smaller:
(fancyhdr)                \addtolength{\topmargin}{-14.0pt}.

[427]
Overfull \hbox (10.24934pt too wide) in paragraph at lines 1730--1731
\TU/GFSPorson(0)/m/n/10 τῆξ ἐλάσσονοξ μεῖζον δυνήσεται τῶ| ἀπὸ ἀσυμμέτρου
 []


Overfull \hbox (12.29904pt too wide) in paragraph at lines 1730--1731
\TU/GFSPorson(0)/m/n/10 δύνηται τῶ| ἀπὸ ἀσυμμέτρου ἑαυτῆ|, τῶ| δὲ τετράρτῳ
 []


Overfull \hbox (21.7444pt too wide) in paragraph at lines 1730--1731
\TU/GFSPorson(0)/m/n/10 παραβληθῆ| ἐλλεῖπον ε>ίδει τετραγώνῳ, εἰξ ἀσύμμετρα
 []


Overfull \hbox (9.61655pt too wide) in paragraph at lines 1737--1738
\TU/GFSPorson(0)/m/n/10 ἐλάσσονοξ τῆξ Α >ίσον παρὰ τὴν ΒΓ παραβεβλήσθω
 []


Underfull \hbox (badness 10000) in paragraph at lines 1737--1738

 []


Underfull \hbox (badness 10000) in paragraph at lines 1737--1738

 []


Underfull \hbox (badness 10000) in paragraph at lines 1737--1738

 []


Underfull \hbox (badness 10000) in paragraph at lines 1737--1738

 []


Underfull \hbox (badness 10000) in paragraph at lines 1737--1738

 []


Underfull \hbox (badness 10000) in paragraph at lines 1737--1738

 []


Underfull \hbox (badness 10000) in paragraph at lines 1737--1738

 []

File: Book10/fig018g.eps Graphic file (type eps)
<Book10/fig018g.eps>

Overfull \hbox (10.213pt too wide) in paragraph at lines 1764--1765
[]\TU/GFSPorson(0)/m/n/10 Τῶν γὰρ αὐτῶν κατασκευασθέντων ὁμοίωξ δείχομεν,
 []


Overfull \hbox (6.76862pt too wide) in paragraph at lines 1764--1765
\TU/GFSPorson(0)/m/n/10 ΒΖ, ΔΓ ἀσύμμετρόξ ἐστιν ἡ ΒΓ. ἀλλὰ συναμφότεροξ
 []

File: Book10/fig018e.eps Graphic file (type eps)
<Book10/fig018e.eps>

Overfull \vbox (14.65388pt too high) detected at line 1821
 []


Overfull \vbox (87.74121pt too high) detected at line 1821
 []


Overfull \vbox (88.74495pt too high) detected at line 1821
 []




Package fancyhdr Warning: \headheight is too small (0.0pt): 
(fancyhdr)                Make it at least 14.0pt, for example:
(fancyhdr)                \setlength{\headheight}{14.0pt}.
(fancyhdr)                You might also make \topmargin smaller:
(fancyhdr)                \addtolength{\topmargin}{-14.0pt}.

[428]


Package fancyhdr Warning: \headheight is too small (0.0pt): 
(fancyhdr)                Make it at least 14.0pt, for example:
(fancyhdr)                \setlength{\headheight}{14.0pt}.
(fancyhdr)                You might also make \topmargin smaller:
(fancyhdr)                \addtolength{\topmargin}{-14.0pt}.

[429]
Overfull \hbox (19.72443pt too wide) in paragraph at lines 1835--1836
[]\TU/GFSPorson(0)/m/n/10 Τὸ ὑπὸ <ρητῶν μήκει συμμέτρων εὐθειῶν περιεχόμενον
 []


Underfull \hbox (badness 10000) in paragraph at lines 1839--1840

 []

File: Book10/fig019g.eps Graphic file (type eps)
<Book10/fig019g.eps>
File: Book10/fig019e.eps Graphic file (type eps)
<Book10/fig019e.eps>

Overfull \vbox (14.65388pt too high) detected at line 1876
 []


Overfull \vbox (268.41621pt too high) detected at line 1876
 []


Overfull \vbox (269.41995pt too high) detected at line 1876
 []




Package fancyhdr Warning: \headheight is too small (0.0pt): 
(fancyhdr)                Make it at least 14.0pt, for example:
(fancyhdr)                \setlength{\headheight}{14.0pt}.
(fancyhdr)                You might also make \topmargin smaller:
(fancyhdr)                \addtolength{\topmargin}{-14.0pt}.

[430]
Overfull \hbox (19.3721pt too wide) in paragraph at lines 1888--1889
\TU/GFSPorson(0)/m/n/10 ποιεῖ <ρητὴν καὶ σύμμετρον τῆ|, παρ> <ὴν παράκειται,
 []


Underfull \hbox (badness 10000) in paragraph at lines 1888--1889

 []


Underfull \hbox (badness 10000) in paragraph at lines 1888--1889

 []

File: Book10/fig020g.eps Graphic file (type eps)
<Book10/fig020g.eps>

Overfull \hbox (25.926pt too wide) in paragraph at lines 1894--1895
[]\TU/GFSPorson(0)/m/n/10 <Ρητὸν γὰρ τὸ ΑΓ παρὰ <ρητὴν τὴν ΑΒ παραβεβλήσθω
 []

File: Book10/fig020e.eps Graphic file (type eps)
<Book10/fig020e.eps>

Overfull \vbox (14.65388pt too high) detected at line 1931
 []


Overfull \vbox (340.68622pt too high) detected at line 1931
 []


Overfull \vbox (341.68996pt too high) detected at line 1931
 []




Package fancyhdr Warning: \headheight is too small (0.0pt): 
(fancyhdr)                Make it at least 14.0pt, for example:
(fancyhdr)                \setlength{\headheight}{14.0pt}.
(fancyhdr)                You might also make \topmargin smaller:
(fancyhdr)                \addtolength{\topmargin}{-14.0pt}.

[431]


Package fancyhdr Warning: \headheight is too small (0.0pt): 
(fancyhdr)                Make it at least 14.0pt, for example:
(fancyhdr)                \setlength{\headheight}{14.0pt}.
(fancyhdr)                You might also make \topmargin smaller:
(fancyhdr)                \addtolength{\topmargin}{-14.0pt}.

[432]
File: Book10/fig020g.eps Graphic file (type eps)
<Book10/fig020g.eps>
File: Book10/fig020e.eps Graphic file (type eps)
<Book10/fig020e.eps>

Overfull \vbox (14.65388pt too high) detected at line 1984
 []


Overfull \vbox (341.68996pt too high) detected at line 1984
 []


Overfull \vbox (340.68622pt too high) detected at line 1984
 []




Package fancyhdr Warning: \headheight is too small (0.0pt): 
(fancyhdr)                Make it at least 14.0pt, for example:
(fancyhdr)                \setlength{\headheight}{14.0pt}.
(fancyhdr)                You might also make \topmargin smaller:
(fancyhdr)                \addtolength{\topmargin}{-14.0pt}.

[433]
Underfull \hbox (badness 10000) in paragraph at lines 1999--2000

 []

File: Book10/fig021ag.eps Graphic file (type eps)
<Book10/fig021ag.eps>
File: Book10/fig021ae.eps Graphic file (type eps)
<Book10/fig021ae.eps>

Overfull \vbox (132.90997pt too high) detected at line 2040
 []


Overfull \vbox (133.91371pt too high) detected at line 2040
 []




Package fancyhdr Warning: \headheight is too small (0.0pt): 
(fancyhdr)                Make it at least 14.0pt, for example:
(fancyhdr)                \setlength{\headheight}{14.0pt}.
(fancyhdr)                You might also make \topmargin smaller:
(fancyhdr)                \addtolength{\topmargin}{-14.0pt}.

[434]
Underfull \hbox (badness 10000) in paragraph at lines 2058--2059

 []


Underfull \hbox (badness 10000) in paragraph at lines 2058--2059

 []


Underfull \hbox (badness 10000) in paragraph at lines 2058--2059

 []

File: Book10/fig022g.eps Graphic file (type eps)
<Book10/fig022g.eps>

Overfull \hbox (18.7011pt too wide) in paragraph at lines 2087--2087
[]\TU/GFSPorson(0)/m/n/10 Ἐπεὶ γὰρ μέση ἐστὶν ἡ Α, δύναται θωρίον περιεχόμενον
 []

File: Book10/fig022e.eps Graphic file (type eps)
<Book10/fig022e.eps>

Overfull \vbox (14.65388pt too high) detected at line 2136
 []


Overfull \vbox (259.38246pt too high) detected at line 2136
 []


Overfull \vbox (260.3862pt too high) detected at line 2136
 []




Package fancyhdr Warning: \headheight is too small (0.0pt): 
(fancyhdr)                Make it at least 14.0pt, for example:
(fancyhdr)                \setlength{\headheight}{14.0pt}.
(fancyhdr)                You might also make \topmargin smaller:
(fancyhdr)                \addtolength{\topmargin}{-14.0pt}.

[435]


Package fancyhdr Warning: \headheight is too small (0.0pt): 
(fancyhdr)                Make it at least 14.0pt, for example:
(fancyhdr)                \setlength{\headheight}{14.0pt}.
(fancyhdr)                You might also make \topmargin smaller:
(fancyhdr)                \addtolength{\topmargin}{-14.0pt}.

[436]
Underfull \hbox (badness 10000) in paragraph at lines 2137--2138

 []


Underfull \hbox (badness 10000) in paragraph at lines 2168--2169

 []


Underfull \hbox (badness 10000) in paragraph at lines 2168--2169

 []


Underfull \hbox (badness 10000) in paragraph at lines 2168--2169

 []


Underfull \hbox (badness 10000) in paragraph at lines 2168--2169

 []


Underfull \hbox (badness 10000) in paragraph at lines 2168--2169

 []

File: Book10/fig023g.eps Graphic file (type eps)
<Book10/fig023g.eps>
File: Book10/fig023e.eps Graphic file (type eps)
<Book10/fig023e.eps>

Overfull \vbox (14.65388pt too high) detected at line 2221
 []


Overfull \vbox (265.40495pt too high) detected at line 2221
 []


Overfull \vbox (264.40121pt too high) detected at line 2221
 []




Package fancyhdr Warning: \headheight is too small (0.0pt): 
(fancyhdr)                Make it at least 14.0pt, for example:
(fancyhdr)                \setlength{\headheight}{14.0pt}.
(fancyhdr)                You might also make \topmargin smaller:
(fancyhdr)                \addtolength{\topmargin}{-14.0pt}.

[437]
Overfull \hbox (13.10239pt too wide) in paragraph at lines 2236--2237
[]\TU/GFSPorson(0)/m/n/10 Τὸ ὑπὸ μέσων μήκει συμμέτρων εὐθειῶν περιεχόμενον
 []


Underfull \hbox (badness 10000) in paragraph at lines 2245--2246

 []


Underfull \hbox (badness 10000) in paragraph at lines 2245--2246

 []


Underfull \hbox (badness 10000) in paragraph at lines 2245--2246

 []

File: Book10/fig024g.eps Graphic file (type eps)
<Book10/fig024g.eps>
File: Book10/fig024e.eps Graphic file (type eps)
<Book10/fig024e.eps>

Overfull \vbox (14.65388pt too high) detected at line 2272
 []


Overfull \vbox (300.53622pt too high) detected at line 2272
 []


Overfull \vbox (300.53622pt too high) detected at line 2272
 []




Package fancyhdr Warning: \headheight is too small (0.0pt): 
(fancyhdr)                Make it at least 14.0pt, for example:
(fancyhdr)                \setlength{\headheight}{14.0pt}.
(fancyhdr)                You might also make \topmargin smaller:
(fancyhdr)                \addtolength{\topmargin}{-14.0pt}.

[438]
File: Book10/fig025g.eps Graphic file (type eps)
<Book10/fig025g.eps>
File: Book10/fig025e.eps Graphic file (type eps)
<Book10/fig025e.eps>

Overfull \vbox (14.65388pt too high) detected at line 2380
 []


Overfull \vbox (247.33746pt too high) detected at line 2380
 []


Overfull \vbox (246.33372pt too high) detected at line 2380
 []




Package fancyhdr Warning: \headheight is too small (0.0pt): 
(fancyhdr)                Make it at least 14.0pt, for example:
(fancyhdr)                \setlength{\headheight}{14.0pt}.
(fancyhdr)                You might also make \topmargin smaller:
(fancyhdr)                \addtolength{\topmargin}{-14.0pt}.

[439]


Package fancyhdr Warning: \headheight is too small (0.0pt): 
(fancyhdr)                Make it at least 14.0pt, for example:
(fancyhdr)                \setlength{\headheight}{14.0pt}.
(fancyhdr)                You might also make \topmargin smaller:
(fancyhdr)                \addtolength{\topmargin}{-14.0pt}.

[440]
Underfull \hbox (badness 10000) in paragraph at lines 2392--2393

 []

File: Book10/fig026g.eps Graphic file (type eps)
<Book10/fig026g.eps>

Overfull \hbox (2.61685pt too wide) in paragraph at lines 2423--2424
\TU/GFSPorson(0)/m/n/10 ΕΖ, καὶ τῶ| ΑΒ >ίσον παρὰ τὴν ΕΖ παραβεβλήσθω
 []

File: Book10/fig026e.eps Graphic file (type eps)
<Book10/fig026e.eps>

Overfull \vbox (14.65388pt too high) detected at line 2476
 []


Overfull \vbox (251.35246pt too high) detected at line 2476
 []


Overfull \vbox (250.34872pt too high) detected at line 2476
 []




Package fancyhdr Warning: \headheight is too small (0.0pt): 
(fancyhdr)                Make it at least 14.0pt, for example:
(fancyhdr)                \setlength{\headheight}{14.0pt}.
(fancyhdr)                You might also make \topmargin smaller:
(fancyhdr)                \addtolength{\topmargin}{-14.0pt}.

[441]


Package fancyhdr Warning: \headheight is too small (0.0pt): 
(fancyhdr)                Make it at least 14.0pt, for example:
(fancyhdr)                \setlength{\headheight}{14.0pt}.
(fancyhdr)                You might also make \topmargin smaller:
(fancyhdr)                \addtolength{\topmargin}{-14.0pt}.

[442]
Underfull \hbox (badness 10000) in paragraph at lines 2489--2490

 []

File: Book10/fig027g.eps Graphic file (type eps)
<Book10/fig027g.eps>

Overfull \hbox (1.56296pt too wide) in paragraph at lines 2496--2497
[]\TU/GFSPorson(0)/m/n/10 Ἐκκείσθωσαν δύο <ρηταὶ δυνάμει μόνον σύμμετροι
 []

File: Book10/fig027e.eps Graphic file (type eps)
<Book10/fig027e.eps>

Overfull \vbox (14.65388pt too high) detected at line 2548
 []


Overfull \vbox (166.03372pt too high) detected at line 2548
 []


Overfull \vbox (167.03746pt too high) detected at line 2548
 []




Package fancyhdr Warning: \headheight is too small (0.0pt): 
(fancyhdr)                Make it at least 14.0pt, for example:
(fancyhdr)                \setlength{\headheight}{14.0pt}.
(fancyhdr)                You might also make \topmargin smaller:
(fancyhdr)                \addtolength{\topmargin}{-14.0pt}.

[443]
File: Book10/fig028g.eps Graphic file (type eps)
<Book10/fig028g.eps>

Overfull \hbox (16.54504pt too wide) in paragraph at lines 2568--2569
[]\TU/GFSPorson(0)/m/n/10 Ἐκκείσθωσαν [τρεῖξ] <ρηταὶ δυνάμει μόνον σύμμετροι
 []

File: Book10/fig028e.eps Graphic file (type eps)
<Book10/fig028e.eps>

Overfull \vbox (14.65388pt too high) detected at line 2623
 []


Overfull \vbox (88.74495pt too high) detected at line 2623
 []


Overfull \vbox (87.74121pt too high) detected at line 2623
 []




Package fancyhdr Warning: \headheight is too small (0.0pt): 
(fancyhdr)                Make it at least 14.0pt, for example:
(fancyhdr)                \setlength{\headheight}{14.0pt}.
(fancyhdr)                You might also make \topmargin smaller:
(fancyhdr)                \addtolength{\topmargin}{-14.0pt}.

[444]
File: Book10/fig028ag.eps Graphic file (type eps)
<Book10/fig028ag.eps>

Overfull \hbox (4.98766pt too wide) in paragraph at lines 2662--2662
[]\TU/GFSPorson(0)/m/n/10 Καὶ φανερόν, <ότι ε<ύρηνται πάλιν δύο τετράγωνοι
 []

File: Book10/fig028ae.eps Graphic file (type eps)
<Book10/fig028ae.eps>

Overfull \vbox (31.5312pt too high) detected at line 2693
 []


Overfull \vbox (31.5312pt too high) detected at line 2693
 []

File: Book10/fig028bg.eps Graphic file (type eps)
<Book10/fig028bg.eps>

Overfull \hbox (8.4724pt too wide) in paragraph at lines 2716--2717
\TU/GFSPorson(0)/m/n/10 >ίσοξ ἐστὶ τῶ| ἀπὸ [τοῦ] ΒΔ τετραγώνῳ. ἀφῃρήσθω
 []

File: Book10/fig028be.eps Graphic file (type eps)
<Book10/fig028be.eps>

Overfull \vbox (52.60995pt too high) detected at line 2801
 []


Overfull \vbox (51.60622pt too high) detected at line 2801
 []




Package fancyhdr Warning: \headheight is too small (0.0pt): 
(fancyhdr)                Make it at least 14.0pt, for example:
(fancyhdr)                \setlength{\headheight}{14.0pt}.
(fancyhdr)                You might also make \topmargin smaller:
(fancyhdr)                \addtolength{\topmargin}{-14.0pt}.

[445]


Package fancyhdr Warning: \headheight is too small (0.0pt): 
(fancyhdr)                Make it at least 14.0pt, for example:
(fancyhdr)                \setlength{\headheight}{14.0pt}.
(fancyhdr)                You might also make \topmargin smaller:
(fancyhdr)                \addtolength{\topmargin}{-14.0pt}.

[446]
Underfull \hbox (badness 10000) in paragraph at lines 2815--2816

 []


Underfull \hbox (badness 10000) in paragraph at lines 2815--2816

 []

File: Book10/fig029g.eps Graphic file (type eps)
<Book10/fig029g.eps>

Overfull \hbox (13.78038pt too wide) in paragraph at lines 2851--2851
[]\TU/GFSPorson(0)/m/n/10 Ε<ύρηνται >άρα δύο <ρηταὶ δυνάμει μόνον σύμμετροι
 []

File: Book10/fig029e.eps Graphic file (type eps)
<Book10/fig029e.eps>

Overfull \vbox (14.65388pt too high) detected at line 2900
 []


Overfull \vbox (198.15372pt too high) detected at line 2900
 []


Overfull \vbox (198.15372pt too high) detected at line 2900
 []




Package fancyhdr Warning: \headheight is too small (0.0pt): 
(fancyhdr)                Make it at least 14.0pt, for example:
(fancyhdr)                \setlength{\headheight}{14.0pt}.
(fancyhdr)                You might also make \topmargin smaller:
(fancyhdr)                \addtolength{\topmargin}{-14.0pt}.

[447]
Underfull \hbox (badness 10000) in paragraph at lines 2916--2917

 []


Underfull \hbox (badness 10000) in paragraph at lines 2916--2917

 []

File: Book10/fig030g.eps Graphic file (type eps)
<Book10/fig030g.eps>

Overfull \hbox (0.32257pt too wide) in paragraph at lines 2925--2926
[]\TU/GFSPorson(0)/m/n/10 Ἐκκείσθω <ρητὴ ἡ ΑΒ καὶ δύο τετράγωνοι ἀριθμοὶ
 []

File: Book10/fig030e.eps Graphic file (type eps)
<Book10/fig030e.eps>

Overfull \vbox (14.65388pt too high) detected at line 2981
 []


Overfull \vbox (198.15372pt too high) detected at line 2981
 []


Overfull \vbox (198.15372pt too high) detected at line 2981
 []




Package fancyhdr Warning: \headheight is too small (0.0pt): 
(fancyhdr)                Make it at least 14.0pt, for example:
(fancyhdr)                \setlength{\headheight}{14.0pt}.
(fancyhdr)                You might also make \topmargin smaller:
(fancyhdr)                \addtolength{\topmargin}{-14.0pt}.

[448]
Overfull \hbox (5.43132pt too wide) in paragraph at lines 2997--2998
[]\TU/GFSPorson(0)/m/n/10 Εὑρεῖν δύο μέσαξ δυνάμει μόνον συμμέτρουξ <ρητὸν
 []


Underfull \hbox (badness 10000) in paragraph at lines 2997--2998

 []


Underfull \hbox (badness 10000) in paragraph at lines 2997--2998

 []

File: Book10/fig031g.eps Graphic file (type eps)
<Book10/fig031g.eps>

Overfull \hbox (1.56296pt too wide) in paragraph at lines 3021--3022
[]\TU/GFSPorson(0)/m/n/10 Ἐκκείσθωσαν δύο <ρηταὶ δυνάμει μόνον σύμμετροι
 []


Overfull \hbox (6.5193pt too wide) in paragraph at lines 3021--3022
\TU/GFSPorson(0)/m/n/10 αἱ Α, Β, <ώστε τὴν Α μείζονα ο>ῦσαν τῆξ ἐλάσσονοξ
 []


Overfull \hbox (7.16934pt too wide) in paragraph at lines 3025--3026
[]\TU/GFSPorson(0)/m/n/10 Ε<ύρηνται >άρα δύο μέσαι δυνάμει μόνον σύμμετροι
 []


Overfull \hbox (7.45323pt too wide) in paragraph at lines 3029--3029
\TU/GFSPorson(0)/m/n/10 <όταν ἡ Α τῆξ Β μεῖζον δύνηται τῶ| ἀπὸ ἀσυμμέτρου
 []

File: Book10/fig031e.eps Graphic file (type eps)
<Book10/fig031e.eps>

Overfull \vbox (14.65388pt too high) detected at line 3077
 []


Overfull \vbox (185.10497pt too high) detected at line 3077
 []


Overfull \vbox (185.10497pt too high) detected at line 3077
 []




Package fancyhdr Warning: \headheight is too small (0.0pt): 
(fancyhdr)                Make it at least 14.0pt, for example:
(fancyhdr)                \setlength{\headheight}{14.0pt}.
(fancyhdr)                You might also make \topmargin smaller:
(fancyhdr)                \addtolength{\topmargin}{-14.0pt}.

[449]
Underfull \hbox (badness 10000) in paragraph at lines 3094--3095

 []


Underfull \hbox (badness 10000) in paragraph at lines 3094--3095

 []

File: Book10/fig032g.eps Graphic file (type eps)
<Book10/fig032g.eps>

Overfull \hbox (8.911pt too wide) in paragraph at lines 3119--3120
[]\TU/GFSPorson(0)/m/n/10 Ἐκκείσθωσαν τρεῖξ <ρηταὶ δυνάμει μόνον σύμμετροι
 []


Overfull \hbox (7.16934pt too wide) in paragraph at lines 3123--3124
[]\TU/GFSPorson(0)/m/n/10 Ε<ύρηνται >άρα δύο μέσαι δυνάμει μόνον σύμμετροι
 []


Overfull \hbox (11.31268pt too wide) in paragraph at lines 3126--3126
[]\TU/GFSPorson(0)/m/n/10 Ὁμοίωξ δὴ πάλιν διεθθήσεται καὶ τῶ| ἀπὸ ἀσυμμέτρ-
 []

File: Book10/fig032e.eps Graphic file (type eps)
<Book10/fig032e.eps>

Overfull \vbox (14.65388pt too high) detected at line 3180
 []


Overfull \vbox (88.74495pt too high) detected at line 3180
 []


Overfull \vbox (87.74121pt too high) detected at line 3180
 []




Package fancyhdr Warning: \headheight is too small (0.0pt): 
(fancyhdr)                Make it at least 14.0pt, for example:
(fancyhdr)                \setlength{\headheight}{14.0pt}.
(fancyhdr)                You might also make \topmargin smaller:
(fancyhdr)                \addtolength{\topmargin}{-14.0pt}.

[450]
Underfull \hbox (badness 10000) in paragraph at lines 3203--3204

 []


Underfull \hbox (badness 10000) in paragraph at lines 3203--3204

 []


Underfull \hbox (badness 10000) in paragraph at lines 3203--3204

 []

File: Book10/fig032ag.eps Graphic file (type eps)
<Book10/fig032ag.eps>

Overfull \hbox (2.19032pt too wide) in paragraph at lines 3222--3223
\TU/GFSPorson(0)/m/n/10 ἀθθεῖσα τῶν τῆξ βάσεωξ τμημάτων μέση ἀνάλογόν
 []

File: Book10/fig032ae.eps Graphic file (type eps)
<Book10/fig032ae.eps>

Overfull \vbox (239.30746pt too high) detected at line 3274
 []


Overfull \vbox (240.3112pt too high) detected at line 3274
 []




Package fancyhdr Warning: \headheight is too small (0.0pt): 
(fancyhdr)                Make it at least 14.0pt, for example:
(fancyhdr)                \setlength{\headheight}{14.0pt}.
(fancyhdr)                You might also make \topmargin smaller:
(fancyhdr)                \addtolength{\topmargin}{-14.0pt}.

[451]


Package fancyhdr Warning: \headheight is too small (0.0pt): 
(fancyhdr)                Make it at least 14.0pt, for example:
(fancyhdr)                \setlength{\headheight}{14.0pt}.
(fancyhdr)                You might also make \topmargin smaller:
(fancyhdr)                \addtolength{\topmargin}{-14.0pt}.

[452]
Overfull \hbox (1.96663pt too wide) in paragraph at lines 3287--3288
\TU/GFSPorson(0)/m/n/10 τὸ μὲν συγκείμενον ἐκ τῶν ἀπ> αὐτῶν τετραγώνων
 []


Overfull \hbox (1.56296pt too wide) in paragraph at lines 3296--3297
[]\TU/GFSPorson(0)/m/n/10 Ἐκκείσθωσαν δύο <ρηταὶ δυνάμει μόνον σύμμετροι
 []


Overfull \hbox (21.89368pt too wide) in paragraph at lines 3296--3297
\TU/GFSPorson(0)/m/n/10 ἐλάσσονοξ τῆξ ΒΓ μείζον δύνασθαι τῶ| ἀπὸ ἀσυμμέτρου
 []


Underfull \hbox (badness 10000) in paragraph at lines 3296--3297

 []


Underfull \hbox (badness 10000) in paragraph at lines 3296--3297

 []


Underfull \hbox (badness 10000) in paragraph at lines 3296--3297

 []

File: Book10/fig033g.eps Graphic file (type eps)
<Book10/fig033g.eps>
File: Book10/fig033e.eps Graphic file (type eps)
<Book10/fig033e.eps>

Overfull \vbox (14.65388pt too high) detected at line 3381
 []


Overfull \vbox (137.92871pt too high) detected at line 3381
 []


Overfull \vbox (137.92871pt too high) detected at line 3381
 []




Package fancyhdr Warning: \headheight is too small (0.0pt): 
(fancyhdr)                Make it at least 14.0pt, for example:
(fancyhdr)                \setlength{\headheight}{14.0pt}.
(fancyhdr)                You might also make \topmargin smaller:
(fancyhdr)                \addtolength{\topmargin}{-14.0pt}.

[453]
Overfull \hbox (1.96663pt too wide) in paragraph at lines 3399--3400
\TU/GFSPorson(0)/m/n/10 τὸ μὲν συγκείμενον ἐκ τῶν ἀπ> αὐτῶν τετραγώνων
 []

File: Book10/fig034g.eps Graphic file (type eps)
<Book10/fig034g.eps>
File: Book10/fig034e.eps Graphic file (type eps)
<Book10/fig034e.eps>

Overfull \vbox (14.65388pt too high) detected at line 3479
 []


Overfull \vbox (138.93245pt too high) detected at line 3479
 []


Overfull \vbox (137.92871pt too high) detected at line 3479
 []




Package fancyhdr Warning: \headheight is too small (0.0pt): 
(fancyhdr)                Make it at least 14.0pt, for example:
(fancyhdr)                \setlength{\headheight}{14.0pt}.
(fancyhdr)                You might also make \topmargin smaller:
(fancyhdr)                \addtolength{\topmargin}{-14.0pt}.

[454]


Package fancyhdr Warning: \headheight is too small (0.0pt): 
(fancyhdr)                Make it at least 14.0pt, for example:
(fancyhdr)                \setlength{\headheight}{14.0pt}.
(fancyhdr)                You might also make \topmargin smaller:
(fancyhdr)                \addtolength{\topmargin}{-14.0pt}.

[455]
Overfull \hbox (3.26099pt too wide) in paragraph at lines 3496--3497
\TU/GFSPorson(0)/m/n/10 μέσον καὶ τὸ ὑπ> αὐτῶν μέσον καὶ >έτι ἀσύμμετρον
 []

File: Book10/fig034g.eps Graphic file (type eps)
<Book10/fig034g.eps>
File: Book10/fig034e.eps Graphic file (type eps)
<Book10/fig034e.eps>

Overfull \vbox (14.65388pt too high) detected at line 3577
 []


Overfull \vbox (138.93245pt too high) detected at line 3577
 []


Overfull \vbox (137.92871pt too high) detected at line 3577
 []




Package fancyhdr Warning: \headheight is too small (0.0pt): 
(fancyhdr)                Make it at least 14.0pt, for example:
(fancyhdr)                \setlength{\headheight}{14.0pt}.
(fancyhdr)                You might also make \topmargin smaller:
(fancyhdr)                \addtolength{\topmargin}{-14.0pt}.

[456]
Overfull \hbox (15.22137pt too wide) in paragraph at lines 3593--3594
[]\TU/GFSPorson(0)/m/n/10 Ἐὰν δύο <ρηταὶ δυνάμει μόνον σύμμετροι συντεθῶσιν,
 []


Overfull \hbox (10.6454pt too wide) in paragraph at lines 3593--3594
\TU/GFSPorson(0)/m/n/10 ἡ <όλη >άλογόξ ἐστιν, καλείσθω δὲ ἐκ δύο ὀνομάτων. 
 []


Underfull \hbox (badness 10000) in paragraph at lines 3593--3594

 []

File: Book10/fig036g.eps Graphic file (type eps)
<Book10/fig036g.eps>
File: Book10/fig036e.eps Graphic file (type eps)
<Book10/fig036e.eps>

Overfull \vbox (14.65388pt too high) detected at line 3648
 []


Overfull \vbox (31.5312pt too high) detected at line 3648
 []


Overfull \vbox (31.5312pt too high) detected at line 3648
 []




Package fancyhdr Warning: \headheight is too small (0.0pt): 
(fancyhdr)                Make it at least 14.0pt, for example:
(fancyhdr)                \setlength{\headheight}{14.0pt}.
(fancyhdr)                You might also make \topmargin smaller:
(fancyhdr)                \addtolength{\topmargin}{-14.0pt}.

[457]
Overfull \hbox (0.99829pt too wide) in paragraph at lines 3666--3667
[]\TU/GFSPorson(0)/m/n/10 Ἐὰν δύο μέσαι δυνάμει μόνον σύμμετροι συντεθῶσι
 []


Overfull \hbox (13.44305pt too wide) in paragraph at lines 3666--3667
\TU/GFSPorson(0)/m/n/10 <ρητὸν περιέθουσαι, ἡ <όλη >άλογόξ ἐστιν, καλείσθω
 []


Underfull \hbox (badness 10000) in paragraph at lines 3666--3667

 []

File: Book10/fig036g.eps Graphic file (type eps)
<Book10/fig036g.eps>

Overfull \hbox (9.72134pt too wide) in paragraph at lines 3672--3673
[]\TU/GFSPorson(0)/m/n/10 Συγκείσθωσαν γὰρ δύο μέσαι δυνάμει μόνον σύμμετ-
 []

File: Book10/fig036e.eps Graphic file (type eps)
<Book10/fig036e.eps>

Overfull \vbox (14.65388pt too high) detected at line 3710
 []


Overfull \vbox (31.5312pt too high) detected at line 3710
 []


Overfull \vbox (31.5312pt too high) detected at line 3710
 []


Overfull \hbox (0.99829pt too wide) in paragraph at lines 3728--3729
[]\TU/GFSPorson(0)/m/n/10 Ἐὰν δύο μέσαι δυνάμει μόνον σύμμετροι συντεθῶσι
 []


Overfull \hbox (6.82101pt too wide) in paragraph at lines 3728--3729
\TU/GFSPorson(0)/m/n/10 μέσον περιέθουσαι, ἡ <όλη >άλογόξ ἐστιν, καλείσθω
 []


Underfull \hbox (badness 10000) in paragraph at lines 3728--3729

 []

File: Book10/fig038g.eps Graphic file (type eps)
<Book10/fig038g.eps>

Overfull \hbox (9.72134pt too wide) in paragraph at lines 3734--3735
[]\TU/GFSPorson(0)/m/n/10 Συγκείσθωσαν γὰρ δύο μέσαι δυνάμει μόνον σύμμετ-
 []

File: Book10/fig038e.eps Graphic file (type eps)
<Book10/fig038e.eps>

Overfull \vbox (14.65388pt too high) detected at line 3809
 []


Overfull \vbox (215.21745pt too high) detected at line 3809
 []


Overfull \vbox (214.21371pt too high) detected at line 3809
 []




Package fancyhdr Warning: \headheight is too small (0.0pt): 
(fancyhdr)                Make it at least 14.0pt, for example:
(fancyhdr)                \setlength{\headheight}{14.0pt}.
(fancyhdr)                You might also make \topmargin smaller:
(fancyhdr)                \addtolength{\topmargin}{-14.0pt}.

[458]


Package fancyhdr Warning: \headheight is too small (0.0pt): 
(fancyhdr)                Make it at least 14.0pt, for example:
(fancyhdr)                \setlength{\headheight}{14.0pt}.
(fancyhdr)                You might also make \topmargin smaller:
(fancyhdr)                \addtolength{\topmargin}{-14.0pt}.

[459]
Underfull \hbox (badness 10000) in paragraph at lines 3831--3832

 []

File: Book10/fig036g.eps Graphic file (type eps)
<Book10/fig036g.eps>

Overfull \hbox (0.58397pt too wide) in paragraph at lines 3837--3838
[]\TU/GFSPorson(0)/m/n/10 Συγκείσθωσαν γὰρ δύο εὐθεῖαι δυνάμει ἀσύμμετροι
 []

File: Book10/fig036e.eps Graphic file (type eps)
<Book10/fig036e.eps>

Overfull \vbox (14.65388pt too high) detected at line 3876
 []


Overfull \vbox (31.5312pt too high) detected at line 3876
 []


Overfull \vbox (31.5312pt too high) detected at line 3876
 []




Package fancyhdr Warning: \headheight is too small (0.0pt): 
(fancyhdr)                Make it at least 14.0pt, for example:
(fancyhdr)                \setlength{\headheight}{14.0pt}.
(fancyhdr)                You might also make \topmargin smaller:
(fancyhdr)                \addtolength{\topmargin}{-14.0pt}.

[460]
Underfull \hbox (badness 10000) in paragraph at lines 3894--3895

 []


Underfull \hbox (badness 10000) in paragraph at lines 3894--3895

 []

File: Book10/fig036g.eps Graphic file (type eps)
<Book10/fig036g.eps>

Overfull \hbox (0.58397pt too wide) in paragraph at lines 3900--3901
[]\TU/GFSPorson(0)/m/n/10 Συγκείσθωσαν γὰρ δύο εὐθεῖαι δυνάμει ἀσύμμετροι
 []

File: Book10/fig036e.eps Graphic file (type eps)
<Book10/fig036e.eps>

Overfull \vbox (14.65388pt too high) detected at line 3937
 []


Overfull \vbox (31.5312pt too high) detected at line 3937
 []


Overfull \vbox (31.5312pt too high) detected at line 3937
 []


Overfull \hbox (40.7961pt too wide) in paragraph at lines 3938--3942
$[]$ \TU/TimesNewRoman(0)/m/n/8 Thus, the square-root of a rational plus a medi
al (area) has a length expressible as $[] \OT1/cmr/m/n/8 + []$\TU/TimesNewRoman
(0)/m/n/8 .
 []


Overfull \hbox (50.89594pt too wide) in paragraph at lines 3938--3942
\TU/TimesNewRoman(0)/m/n/8 This and the corresponding irrational with a minus s
ign, whose length is expressible as $[] \OMS/cmsy/m/n/8 ^^@ []$
 []


Underfull \hbox (badness 10000) in paragraph at lines 3957--3958

 []

File: Book10/fig041g.eps Graphic file (type eps)
<Book10/fig041g.eps>

Overfull \hbox (0.58397pt too wide) in paragraph at lines 3964--3965
[]\TU/GFSPorson(0)/m/n/10 Συγκείσθωσαν γὰρ δύο εὐθεῖαι δυνάμει ἀσύμμετροι
 []

File: Book10/fig041e.eps Graphic file (type eps)
<Book10/fig041e.eps>

Overfull \vbox (14.65388pt too high) detected at line 4021
 []


Overfull \vbox (287.48746pt too high) detected at line 4021
 []


Overfull \vbox (286.48372pt too high) detected at line 4021
 []




Package fancyhdr Warning: \headheight is too small (0.0pt): 
(fancyhdr)                Make it at least 14.0pt, for example:
(fancyhdr)                \setlength{\headheight}{14.0pt}.
(fancyhdr)                You might also make \topmargin smaller:
(fancyhdr)                \addtolength{\topmargin}{-14.0pt}.

[461]
Overfull \hbox (26.79222pt too wide) in paragraph at lines 4022--4029
$[]$ \TU/TimesNewRoman(0)/m/n/8 Thus, the square-root of (the sum of) two media
l (areas) has a length expressible as $\OML/cmm/m/it/8 k[] []$\TU/TimesNewRoman
(0)/m/n/8 .
 []


Overfull \hbox (31.54831pt too wide) in paragraph at lines 4022--4029
\TU/TimesNewRoman(0)/m/n/8 This and the corresponding irrational with a minus s
ign, whose length is expressible as $\OML/cmm/m/it/8 k[] []$
 []




Package fancyhdr Warning: \headheight is too small (0.0pt): 
(fancyhdr)                Make it at least 14.0pt, for example:
(fancyhdr)                \setlength{\headheight}{14.0pt}.
(fancyhdr)                You might also make \topmargin smaller:
(fancyhdr)                \addtolength{\topmargin}{-14.0pt}.

[462]
Overfull \hbox (0.84431pt too wide) in paragraph at lines 4041--4042
[]\TU/GFSPorson(0)/m/n/10 <’Οτι δὲ αἱ εἰρημέναι >άλογοι μοναθῶξ διαιροῦνται
 []


Underfull \hbox (badness 10000) in paragraph at lines 4041--4042

 []

File: Book10/fig041ag.eps Graphic file (type eps)
<Book10/fig041ag.eps>
File: Book10/fig041ae.eps Graphic file (type eps)
<Book10/fig041ae.eps>

Overfull \vbox (31.5312pt too high) detected at line 4103
 []


Overfull \vbox (30.52747pt too high) detected at line 4103
 []

File: Book10/fig042g.eps Graphic file (type eps)
<Book10/fig042g.eps>
File: Book10/fig042e.eps Graphic file (type eps)
<Book10/fig042e.eps>

Overfull \vbox (14.65388pt too high) detected at line 4194
 []


Overfull \vbox (31.5312pt too high) detected at line 4194
 []


Overfull \vbox (30.52747pt too high) detected at line 4194
 []




Package fancyhdr Warning: \headheight is too small (0.0pt): 
(fancyhdr)                Make it at least 14.0pt, for example:
(fancyhdr)                \setlength{\headheight}{14.0pt}.
(fancyhdr)                You might also make \topmargin smaller:
(fancyhdr)                \addtolength{\topmargin}{-14.0pt}.

[463]
Underfull \hbox (badness 10000) in paragraph at lines 4210--4211

 []

File: Book10/fig042g.eps Graphic file (type eps)
<Book10/fig042g.eps>
File: Book10/fig042e.eps Graphic file (type eps)
<Book10/fig042e.eps>

Overfull \vbox (14.65388pt too high) detected at line 4267
 []


Overfull \vbox (30.52747pt too high) detected at line 4267
 []


Overfull \vbox (31.5312pt too high) detected at line 4267
 []




Package fancyhdr Warning: \headheight is too small (0.0pt): 
(fancyhdr)                Make it at least 14.0pt, for example:
(fancyhdr)                \setlength{\headheight}{14.0pt}.
(fancyhdr)                You might also make \topmargin smaller:
(fancyhdr)                \addtolength{\topmargin}{-14.0pt}.

[464]
Underfull \hbox (badness 10000) in paragraph at lines 4287--4288

 []


Underfull \hbox (badness 10000) in paragraph at lines 4287--4288

 []


Underfull \hbox (badness 10000) in paragraph at lines 4287--4288

 []

File: Book10/fig044g.eps Graphic file (type eps)
<Book10/fig044g.eps>
File: Book10/fig044e.eps Graphic file (type eps)
<Book10/fig044e.eps>

Overfull \vbox (14.65388pt too high) detected at line 4401
 []


Overfull \vbox (210.19872pt too high) detected at line 4401
 []


Overfull \vbox (211.20245pt too high) detected at line 4401
 []




Package fancyhdr Warning: \headheight is too small (0.0pt): 
(fancyhdr)                Make it at least 14.0pt, for example:
(fancyhdr)                \setlength{\headheight}{14.0pt}.
(fancyhdr)                You might also make \topmargin smaller:
(fancyhdr)                \addtolength{\topmargin}{-14.0pt}.

[465]


Package fancyhdr Warning: \headheight is too small (0.0pt): 
(fancyhdr)                Make it at least 14.0pt, for example:
(fancyhdr)                \setlength{\headheight}{14.0pt}.
(fancyhdr)                You might also make \topmargin smaller:
(fancyhdr)                \addtolength{\topmargin}{-14.0pt}.

[466]
Underfull \hbox (badness 10000) in paragraph at lines 4416--4417

 []

File: Book10/fig042g.eps Graphic file (type eps)
<Book10/fig042g.eps>
File: Book10/fig042e.eps Graphic file (type eps)
<Book10/fig042e.eps>

Overfull \vbox (14.65388pt too high) detected at line 4472
 []


Overfull \vbox (31.5312pt too high) detected at line 4472
 []


Overfull \vbox (30.52747pt too high) detected at line 4472
 []




Package fancyhdr Warning: \headheight is too small (0.0pt): 
(fancyhdr)                Make it at least 14.0pt, for example:
(fancyhdr)                \setlength{\headheight}{14.0pt}.
(fancyhdr)                You might also make \topmargin smaller:
(fancyhdr)                \addtolength{\topmargin}{-14.0pt}.

[467]
File: Book10/fig042g.eps Graphic file (type eps)
<Book10/fig042g.eps>

Overfull \hbox (5.3606pt too wide) in paragraph at lines 4493--4494
[]\TU/GFSPorson(0)/m/n/10 >’Εστω <ρητὸν καὶ μέσον δυναμένη ἡ ΑΒ διῃρημένη
 []


Overfull \hbox (3.80595pt too wide) in paragraph at lines 4493--4494
\TU/GFSPorson(0)/m/n/10 κατὰ τὸ Γ, <ώστε τὰξ ΑΓ, ΓΒ δυνάμει ἀσυμμέτρουξ
 []

File: Book10/fig042e.eps Graphic file (type eps)
<Book10/fig042e.eps>

Overfull \vbox (14.65388pt too high) detected at line 4542
 []


Overfull \vbox (31.5312pt too high) detected at line 4542
 []


Overfull \vbox (30.52747pt too high) detected at line 4542
 []


Underfull \hbox (badness 10000) in paragraph at lines 4556--4557

 []

File: Book10/fig047g.eps Graphic file (type eps)
<Book10/fig047g.eps>
File: Book10/fig047e.eps Graphic file (type eps)
<Book10/fig047e.eps>

Overfull \vbox (14.65388pt too high) detected at line 4631
 []


Overfull \vbox (268.41621pt too high) detected at line 4631
 []


Overfull \vbox (270.4237pt too high) detected at line 4631
 []




Package fancyhdr Warning: \headheight is too small (0.0pt): 
(fancyhdr)                Make it at least 14.0pt, for example:
(fancyhdr)                \setlength{\headheight}{14.0pt}.
(fancyhdr)                You might also make \topmargin smaller:
(fancyhdr)                \addtolength{\topmargin}{-14.0pt}.

[468]


Package fancyhdr Warning: \headheight is too small (0.0pt): 
(fancyhdr)                Make it at least 14.0pt, for example:
(fancyhdr)                \setlength{\headheight}{14.0pt}.
(fancyhdr)                You might also make \topmargin smaller:
(fancyhdr)                \addtolength{\topmargin}{-14.0pt}.

[469]
Overfull \hbox (6.3614pt too wide) in paragraph at lines 4673--4677
[]\TU/TimesNewRoman(0)/m/n/10 5. Given a rational (straight-line), and a binomi
al (straight-
 []




Package fancyhdr Warning: \headheight is too small (0.0pt): 
(fancyhdr)                Make it at least 14.0pt, for example:
(fancyhdr)                \setlength{\headheight}{14.0pt}.
(fancyhdr)                You might also make \topmargin smaller:
(fancyhdr)                \addtolength{\topmargin}{-14.0pt}.

[470]
Underfull \hbox (badness 10000) in paragraph at lines 4729--4730

 []


Underfull \hbox (badness 10000) in paragraph at lines 4729--4730

 []


Underfull \hbox (badness 10000) in paragraph at lines 4729--4730

 []


Underfull \hbox (badness 10000) in paragraph at lines 4729--4730

 []


Underfull \hbox (badness 10000) in paragraph at lines 4729--4730

 []

File: Book10/fig048g.eps Graphic file (type eps)
<Book10/fig048g.eps>
File: Book10/fig048e.eps Graphic file (type eps)
<Book10/fig048e.eps>

Overfull \vbox (14.65388pt too high) detected at line 4795
 []


Overfull \vbox (120.86497pt too high) detected at line 4795
 []


Overfull \vbox (121.86871pt too high) detected at line 4795
 []




Package fancyhdr Warning: \headheight is too small (0.0pt): 
(fancyhdr)                Make it at least 14.0pt, for example:
(fancyhdr)                \setlength{\headheight}{14.0pt}.
(fancyhdr)                You might also make \topmargin smaller:
(fancyhdr)                \addtolength{\topmargin}{-14.0pt}.

[471]
Underfull \hbox (badness 10000) in paragraph at lines 4829--4830

 []


Underfull \hbox (badness 10000) in paragraph at lines 4829--4830

 []


Underfull \hbox (badness 10000) in paragraph at lines 4829--4830

 []


Underfull \hbox (badness 10000) in paragraph at lines 4829--4830

 []


Underfull \hbox (badness 10000) in paragraph at lines 4829--4830

 []

File: Book10/fig049g.eps Graphic file (type eps)
<Book10/fig049g.eps>
File: Book10/fig049e.eps Graphic file (type eps)
<Book10/fig049e.eps>

Overfull \vbox (14.65388pt too high) detected at line 4896
 []


Overfull \vbox (120.86497pt too high) detected at line 4896
 []


Overfull \vbox (121.86871pt too high) detected at line 4896
 []




Package fancyhdr Warning: \headheight is too small (0.0pt): 
(fancyhdr)                Make it at least 14.0pt, for example:
(fancyhdr)                \setlength{\headheight}{14.0pt}.
(fancyhdr)                You might also make \topmargin smaller:
(fancyhdr)                \addtolength{\topmargin}{-14.0pt}.

[472]


Package fancyhdr Warning: \headheight is too small (0.0pt): 
(fancyhdr)                Make it at least 14.0pt, for example:
(fancyhdr)                \setlength{\headheight}{14.0pt}.
(fancyhdr)                You might also make \topmargin smaller:
(fancyhdr)                \addtolength{\topmargin}{-14.0pt}.

[473]
Overfull \hbox (7.06046pt too wide) in paragraph at lines 4937--4938
\TU/GFSPorson(0)/m/n/10 ἀριθμόν. ἐκκείσθω δέ τιξ καὶ >άλλοξ μὴ τετράγωνοξ
 []


Underfull \hbox (badness 10000) in paragraph at lines 4937--4938

 []


Underfull \hbox (badness 10000) in paragraph at lines 4937--4938

 []


Underfull \hbox (badness 10000) in paragraph at lines 4937--4938

 []


Underfull \hbox (badness 10000) in paragraph at lines 4937--4938

 []


Underfull \hbox (badness 10000) in paragraph at lines 4937--4938

 []


Underfull \hbox (badness 10000) in paragraph at lines 4937--4938

 []


Underfull \hbox (badness 10000) in paragraph at lines 4937--4938

 []

File: Book10/fig050g.eps Graphic file (type eps)
<Book10/fig050g.eps>
File: Book10/fig050e.eps Graphic file (type eps)
<Book10/fig050e.eps>

Overfull \vbox (14.65388pt too high) detected at line 5027
 []


Overfull \vbox (138.93246pt too high) detected at line 5027
 []


Overfull \vbox (139.9362pt too high) detected at line 5027
 []




Package fancyhdr Warning: \headheight is too small (0.0pt): 
(fancyhdr)                Make it at least 14.0pt, for example:
(fancyhdr)                \setlength{\headheight}{14.0pt}.
(fancyhdr)                You might also make \topmargin smaller:
(fancyhdr)                \addtolength{\topmargin}{-14.0pt}.

[474]
File: Book10/fig051g.eps Graphic file (type eps)
<Book10/fig051g.eps>
File: Book10/fig051e.eps Graphic file (type eps)
<Book10/fig051e.eps>

Overfull \vbox (14.65388pt too high) detected at line 5118
 []


Overfull \vbox (161.01495pt too high) detected at line 5118
 []


Overfull \vbox (160.01122pt too high) detected at line 5118
 []




Package fancyhdr Warning: \headheight is too small (0.0pt): 
(fancyhdr)                Make it at least 14.0pt, for example:
(fancyhdr)                \setlength{\headheight}{14.0pt}.
(fancyhdr)                You might also make \topmargin smaller:
(fancyhdr)                \addtolength{\topmargin}{-14.0pt}.

[475]


Package fancyhdr Warning: \headheight is too small (0.0pt): 
(fancyhdr)                Make it at least 14.0pt, for example:
(fancyhdr)                \setlength{\headheight}{14.0pt}.
(fancyhdr)                You might also make \topmargin smaller:
(fancyhdr)                \addtolength{\topmargin}{-14.0pt}.

[476]
File: Book10/fig052g.eps Graphic file (type eps)
<Book10/fig052g.eps>
File: Book10/fig052e.eps Graphic file (type eps)
<Book10/fig052e.eps>

Overfull \vbox (14.65388pt too high) detected at line 5212
 []


Overfull \vbox (161.01495pt too high) detected at line 5212
 []


Overfull \vbox (160.01122pt too high) detected at line 5212
 []




Package fancyhdr Warning: \headheight is too small (0.0pt): 
(fancyhdr)                Make it at least 14.0pt, for example:
(fancyhdr)                \setlength{\headheight}{14.0pt}.
(fancyhdr)                You might also make \topmargin smaller:
(fancyhdr)                \addtolength{\topmargin}{-14.0pt}.

[477]
File: Book10/fig053g.eps Graphic file (type eps)
<Book10/fig053g.eps>

Overfull \hbox (0.51427pt too wide) in paragraph at lines 5250--5251
\TU/GFSPorson(0)/m/n/10 >έθων, <ὸν τετράγωνοξ ἀριθμὸξ πρὸξ τετράγωνον
 []

File: Book10/fig053e.eps Graphic file (type eps)
<Book10/fig053e.eps>

Overfull \vbox (14.65388pt too high) detected at line 5330
 []


Overfull \vbox (120.86497pt too high) detected at line 5330
 []


Overfull \vbox (120.86497pt too high) detected at line 5330
 []




Package fancyhdr Warning: \headheight is too small (0.0pt): 
(fancyhdr)                Make it at least 14.0pt, for example:
(fancyhdr)                \setlength{\headheight}{14.0pt}.
(fancyhdr)                You might also make \topmargin smaller:
(fancyhdr)                \addtolength{\topmargin}{-14.0pt}.

[478]
Overfull \hbox (24.80139pt too wide) in paragraph at lines 5349--5350
\TU/GFSPorson(0)/m/n/10 εὐθείαξ >άρα ἐστὶ καὶ ἡ ΖΒ τῆ| ΒΗ. καὶ συμπεπληρώσθω
 []


Overfull \hbox (5.4608pt too wide) in paragraph at lines 5349--5350
\TU/GFSPorson(0)/m/n/10 τὸ ΑΓ παραλληλόγραμμον; λέγω, <ότι τετράγωνόν
 []

File: Book10/fig053ag.eps Graphic file (type eps)
<Book10/fig053ag.eps>
File: Book10/fig053ae.eps Graphic file (type eps)
<Book10/fig053ae.eps>

Overfull \vbox (223.24747pt too high) detected at line 5410
 []


Overfull \vbox (224.2512pt too high) detected at line 5410
 []




Package fancyhdr Warning: \headheight is too small (0.0pt): 
(fancyhdr)                Make it at least 14.0pt, for example:
(fancyhdr)                \setlength{\headheight}{14.0pt}.
(fancyhdr)                You might also make \topmargin smaller:
(fancyhdr)                \addtolength{\topmargin}{-14.0pt}.

[479]


Package fancyhdr Warning: \headheight is too small (0.0pt): 
(fancyhdr)                Make it at least 14.0pt, for example:
(fancyhdr)                \setlength{\headheight}{14.0pt}.
(fancyhdr)                You might also make \topmargin smaller:
(fancyhdr)                \addtolength{\topmargin}{-14.0pt}.

[480]
File: Book10/fig054g.eps Graphic file (type eps)
<Book10/fig054g.eps>

Overfull \hbox (2.35393pt too wide) in paragraph at lines 5480--5481
[]\TU/GFSPorson(0)/m/n/10 Ἐπεὶ γὰρ σύμμετρόξ ἐστιν ἡ ΑΗ τῆ| ΗΕ, σύμμετρόξ
 []

File: Book10/fig054e.eps Graphic file (type eps)
<Book10/fig054e.eps>

Overfull \vbox (14.65388pt too high) detected at line 5558
 []


Overfull \vbox (242.31871pt too high) detected at line 5558
 []


Overfull \vbox (244.32622pt too high) detected at line 5558
 []




Package fancyhdr Warning: \headheight is too small (0.0pt): 
(fancyhdr)                Make it at least 14.0pt, for example:
(fancyhdr)                \setlength{\headheight}{14.0pt}.
(fancyhdr)                You might also make \topmargin smaller:
(fancyhdr)                \addtolength{\topmargin}{-14.0pt}.

[481]


Package fancyhdr Warning: \headheight is too small (0.0pt): 
(fancyhdr)                Make it at least 14.0pt, for example:
(fancyhdr)                \setlength{\headheight}{14.0pt}.
(fancyhdr)                You might also make \topmargin smaller:
(fancyhdr)                \addtolength{\topmargin}{-14.0pt}.

[482]
File: Book10/fig054g.eps Graphic file (type eps)
<Book10/fig054g.eps>
File: Book10/fig054e.eps Graphic file (type eps)
<Book10/fig054e.eps>

Overfull \vbox (14.65388pt too high) detected at line 5698
 []


Overfull \vbox (242.31871pt too high) detected at line 5698
 []


Overfull \vbox (244.32622pt too high) detected at line 5698
 []




Package fancyhdr Warning: \headheight is too small (0.0pt): 
(fancyhdr)                Make it at least 14.0pt, for example:
(fancyhdr)                \setlength{\headheight}{14.0pt}.
(fancyhdr)                You might also make \topmargin smaller:
(fancyhdr)                \addtolength{\topmargin}{-14.0pt}.

[483]


Package fancyhdr Warning: \headheight is too small (0.0pt): 
(fancyhdr)                Make it at least 14.0pt, for example:
(fancyhdr)                \setlength{\headheight}{14.0pt}.
(fancyhdr)                You might also make \topmargin smaller:
(fancyhdr)                \addtolength{\topmargin}{-14.0pt}.

[484]


Package fancyhdr Warning: \headheight is too small (0.0pt): 
(fancyhdr)                Make it at least 14.0pt, for example:
(fancyhdr)                \setlength{\headheight}{14.0pt}.
(fancyhdr)                You might also make \topmargin smaller:
(fancyhdr)                \addtolength{\topmargin}{-14.0pt}.

[485]
File: Book10/fig054g.eps Graphic file (type eps)
<Book10/fig054g.eps>

Missing character: There is no K (U+004B) in font GFSPorson-Regular/OT:script=g
rek;language=dflt;mapping=tex-text;!
Missing character: There is no a (U+0061) in font GFSPorson-Regular/OT:script=g
rek;language=dflt;mapping=tex-text;!
Missing character: There is no i (U+0069) in font GFSPorson-Regular/OT:script=g
rek;language=dflt;mapping=tex-text;!
Missing character: There is no e (U+0065) in font GFSPorson-Regular/OT:script=g
rek;language=dflt;mapping=tex-text;!
Missing character: There is no p (U+0070) in font GFSPorson-Regular/OT:script=g
rek;language=dflt;mapping=tex-text;!
Missing character: There is no e (U+0065) in font GFSPorson-Regular/OT:script=g
rek;language=dflt;mapping=tex-text;!
Missing character: There is no i (U+0069) in font GFSPorson-Regular/OT:script=g
rek;language=dflt;mapping=tex-text;!
Missing character: There is no a (U+0061) in font GFSPorson-Regular/OT:script=g
rek;language=dflt;mapping=tex-text;!
Missing character: There is no s (U+0073) in font GFSPorson-Regular/OT:script=g
rek;language=dflt;mapping=tex-text;!
Missing character: There is no u (U+0075) in font GFSPorson-Regular/OT:script=g
rek;language=dflt;mapping=tex-text;!
Missing character: There is no m (U+006D) in font GFSPorson-Regular/OT:script=g
rek;language=dflt;mapping=tex-text;!
Missing character: There is no m (U+006D) in font GFSPorson-Regular/OT:script=g
rek;language=dflt;mapping=tex-text;!
Missing character: There is no e (U+0065) in font GFSPorson-Regular/OT:script=g
rek;language=dflt;mapping=tex-text;!
Missing character: There is no t (U+0074) in font GFSPorson-Regular/OT:script=g
rek;language=dflt;mapping=tex-text;!
Missing character: There is no r (U+0072) in font GFSPorson-Regular/OT:script=g
rek;language=dflt;mapping=tex-text;!
Missing character: There is no o (U+006F) in font GFSPorson-Regular/OT:script=g
rek;language=dflt;mapping=tex-text;!
Missing character: There is no c (U+0063) in font GFSPorson-Regular/OT:script=g
rek;language=dflt;mapping=tex-text;!
Missing character: There is no e (U+0065) in font GFSPorson-Regular/OT:script=g
rek;language=dflt;mapping=tex-text;!
Missing character: There is no s (U+0073) in font GFSPorson-Regular/OT:script=g
rek;language=dflt;mapping=tex-text;!
Missing character: There is no t (U+0074) in font GFSPorson-Regular/OT:script=g
rek;language=dflt;mapping=tex-text;!
Missing character: There is no i (U+0069) in font GFSPorson-Regular/OT:script=g
rek;language=dflt;mapping=tex-text;!
Missing character: There is no n (U+006E) in font GFSPorson-Regular/OT:script=g
rek;language=dflt;mapping=tex-text;!
Missing character: There is no h (U+0068) in font GFSPorson-Regular/OT:script=g
rek;language=dflt;mapping=tex-text;!
Missing character: There is no D (U+0044) in font GFSPorson-Regular/OT:script=g
rek;language=dflt;mapping=tex-text;!
Missing character: There is no E (U+0045) in font GFSPorson-Regular/OT:script=g
rek;language=dflt;mapping=tex-text;!
Missing character: There is no t (U+0074) in font GFSPorson-Regular/OT:script=g
rek;language=dflt;mapping=tex-text;!
Missing character: There is no h (U+0068) in font GFSPorson-Regular/OT:script=g
rek;language=dflt;mapping=tex-text;!
Missing character: There is no A (U+0041) in font GFSPorson-Regular/OT:script=g
rek;language=dflt;mapping=tex-text;!
Missing character: There is no B (U+0042) in font GFSPorson-Regular/OT:script=g
rek;language=dflt;mapping=tex-text;!
Missing character: There is no m (U+006D) in font GFSPorson-Regular/OT:script=g
rek;language=dflt;mapping=tex-text;!
Missing character: There is no h (U+0068) in font GFSPorson-Regular/OT:script=g
rek;language=dflt;mapping=tex-text;!
Missing character: There is no k (U+006B) in font GFSPorson-Regular/OT:script=g
rek;language=dflt;mapping=tex-text;!
Missing character: There is no e (U+0065) in font GFSPorson-Regular/OT:script=g
rek;language=dflt;mapping=tex-text;!
Missing character: There is no i (U+0069) in font GFSPorson-Regular/OT:script=g
rek;language=dflt;mapping=tex-text;!
Missing character: There is no t (U+0074) in font GFSPorson-Regular/OT:script=g
rek;language=dflt;mapping=tex-text;!
Missing character: There is no o (U+006F) in font GFSPorson-Regular/OT:script=g
rek;language=dflt;mapping=tex-text;!
Missing character: There is no u (U+0075) in font GFSPorson-Regular/OT:script=g
rek;language=dflt;mapping=tex-text;!
Missing character: There is no t (U+0074) in font GFSPorson-Regular/OT:script=g
rek;language=dflt;mapping=tex-text;!
Missing character: There is no e (U+0065) in font GFSPorson-Regular/OT:script=g
rek;language=dflt;mapping=tex-text;!
Missing character: There is no s (U+0073) in font GFSPorson-Regular/OT:script=g
rek;language=dflt;mapping=tex-text;!
Missing character: There is no t (U+0074) in font GFSPorson-Regular/OT:script=g
rek;language=dflt;mapping=tex-text;!
Missing character: There is no i (U+0069) in font GFSPorson-Regular/OT:script=g
rek;language=dflt;mapping=tex-text;!
Missing character: There is no t (U+0074) in font GFSPorson-Regular/OT:script=g
rek;language=dflt;mapping=tex-text;!
Missing character: There is no h (U+0068) in font GFSPorson-Regular/OT:script=g
rek;language=dflt;mapping=tex-text;!
Missing character: There is no E (U+0045) in font GFSPorson-Regular/OT:script=g
rek;language=dflt;mapping=tex-text;!
Missing character: There is no K (U+004B) in font GFSPorson-Regular/OT:script=g
rek;language=dflt;mapping=tex-text;!
Missing character: There is no s (U+0073) in font GFSPorson-Regular/OT:script=g
rek;language=dflt;mapping=tex-text;!
Missing character: There is no u (U+0075) in font GFSPorson-Regular/OT:script=g
rek;language=dflt;mapping=tex-text;!
Missing character: There is no m (U+006D) in font GFSPorson-Regular/OT:script=g
rek;language=dflt;mapping=tex-text;!
Missing character: There is no m (U+006D) in font GFSPorson-Regular/OT:script=g
rek;language=dflt;mapping=tex-text;!
Missing character: There is no e (U+0065) in font GFSPorson-Regular/OT:script=g
rek;language=dflt;mapping=tex-text;!
Missing character: There is no t (U+0074) in font GFSPorson-Regular/OT:script=g
rek;language=dflt;mapping=tex-text;!
Missing character: There is no r (U+0072) in font GFSPorson-Regular/OT:script=g
rek;language=dflt;mapping=tex-text;!
Missing character: There is no o (U+006F) in font GFSPorson-Regular/OT:script=g
rek;language=dflt;mapping=tex-text;!
Missing character: There is no c (U+0063) in font GFSPorson-Regular/OT:script=g
rek;language=dflt;mapping=tex-text;!
Missing character: There is no d (U+0064) in font GFSPorson-Regular/OT:script=g
rek;language=dflt;mapping=tex-text;!
Missing character: There is no e (U+0065) in font GFSPorson-Regular/OT:script=g
rek;language=dflt;mapping=tex-text;!
Missing character: There is no h (U+0068) in font GFSPorson-Regular/OT:script=g
rek;language=dflt;mapping=tex-text;!
Missing character: There is no D (U+0044) in font GFSPorson-Regular/OT:script=g
rek;language=dflt;mapping=tex-text;!
Missing character: There is no E (U+0045) in font GFSPorson-Regular/OT:script=g
rek;language=dflt;mapping=tex-text;!
Missing character: There is no t (U+0074) in font GFSPorson-Regular/OT:script=g
rek;language=dflt;mapping=tex-text;!
Missing character: There is no h (U+0068) in font GFSPorson-Regular/OT:script=g
rek;language=dflt;mapping=tex-text;!
Missing character: There is no E (U+0045) in font GFSPorson-Regular/OT:script=g
rek;language=dflt;mapping=tex-text;!
Missing character: There is no Z (U+005A) in font GFSPorson-Regular/OT:script=g
rek;language=dflt;mapping=tex-text;!
Missing character: There is no a (U+0061) in font GFSPorson-Regular/OT:script=g
rek;language=dflt;mapping=tex-text;!
Missing character: There is no s (U+0073) in font GFSPorson-Regular/OT:script=g
rek;language=dflt;mapping=tex-text;!
Missing character: There is no u (U+0075) in font GFSPorson-Regular/OT:script=g
rek;language=dflt;mapping=tex-text;!
Missing character: There is no m (U+006D) in font GFSPorson-Regular/OT:script=g
rek;language=dflt;mapping=tex-text;!
Missing character: There is no m (U+006D) in font GFSPorson-Regular/OT:script=g
rek;language=dflt;mapping=tex-text;!
Missing character: There is no e (U+0065) in font GFSPorson-Regular/OT:script=g
rek;language=dflt;mapping=tex-text;!
Missing character: There is no t (U+0074) in font GFSPorson-Regular/OT:script=g
rek;language=dflt;mapping=tex-text;!
Missing character: There is no r (U+0072) in font GFSPorson-Regular/OT:script=g
rek;language=dflt;mapping=tex-text;!
Missing character: There is no o (U+006F) in font GFSPorson-Regular/OT:script=g
rek;language=dflt;mapping=tex-text;!
Missing character: There is no c (U+0063) in font GFSPorson-Regular/OT:script=g
rek;language=dflt;mapping=tex-text;!
Missing character: There is no a (U+0061) in font GFSPorson-Regular/OT:script=g
rek;language=dflt;mapping=tex-text;!
Missing character: There is no r (U+0072) in font GFSPorson-Regular/OT:script=g
rek;language=dflt;mapping=tex-text;!
Missing character: There is no a (U+0061) in font GFSPorson-Regular/OT:script=g
rek;language=dflt;mapping=tex-text;!
Missing character: There is no e (U+0065) in font GFSPorson-Regular/OT:script=g
rek;language=dflt;mapping=tex-text;!
Missing character: There is no s (U+0073) in font GFSPorson-Regular/OT:script=g
rek;language=dflt;mapping=tex-text;!
Missing character: There is no t (U+0074) in font GFSPorson-Regular/OT:script=g
rek;language=dflt;mapping=tex-text;!
Missing character: There is no i (U+0069) in font GFSPorson-Regular/OT:script=g
rek;language=dflt;mapping=tex-text;!
Missing character: There is no n (U+006E) in font GFSPorson-Regular/OT:script=g
rek;language=dflt;mapping=tex-text;!
Missing character: There is no h (U+0068) in font GFSPorson-Regular/OT:script=g
rek;language=dflt;mapping=tex-text;!
Missing character: There is no E (U+0045) in font GFSPorson-Regular/OT:script=g
rek;language=dflt;mapping=tex-text;!
Missing character: There is no Z (U+005A) in font GFSPorson-Regular/OT:script=g
rek;language=dflt;mapping=tex-text;!
Missing character: There is no t (U+0074) in font GFSPorson-Regular/OT:script=g
rek;language=dflt;mapping=tex-text;!
Missing character: There is no h (U+0068) in font GFSPorson-Regular/OT:script=g
rek;language=dflt;mapping=tex-text;!
Missing character: There is no E (U+0045) in font GFSPorson-Regular/OT:script=g
rek;language=dflt;mapping=tex-text;!
Missing character: There is no K (U+004B) in font GFSPorson-Regular/OT:script=g
rek;language=dflt;mapping=tex-text;!
Missing character: There is no m (U+006D) in font GFSPorson-Regular/OT:script=g
rek;language=dflt;mapping=tex-text;!
Missing character: There is no h (U+0068) in font GFSPorson-Regular/OT:script=g
rek;language=dflt;mapping=tex-text;!
Missing character: There is no k (U+006B) in font GFSPorson-Regular/OT:script=g
rek;language=dflt;mapping=tex-text;!
Missing character: There is no e (U+0065) in font GFSPorson-Regular/OT:script=g
rek;language=dflt;mapping=tex-text;!
Missing character: There is no i (U+0069) in font GFSPorson-Regular/OT:script=g
rek;language=dflt;mapping=tex-text;!
Missing character: There is no k (U+006B) in font GFSPorson-Regular/OT:script=g
rek;language=dflt;mapping=tex-text;!
Missing character: There is no a (U+0061) in font GFSPorson-Regular/OT:script=g
rek;language=dflt;mapping=tex-text;!
Missing character: There is no i (U+0069) in font GFSPorson-Regular/OT:script=g
rek;language=dflt;mapping=tex-text;!
Missing character: There is no e (U+0065) in font GFSPorson-Regular/OT:script=g
rek;language=dflt;mapping=tex-text;!
Missing character: There is no i (U+0069) in font GFSPorson-Regular/OT:script=g
rek;language=dflt;mapping=tex-text;!
Missing character: There is no s (U+0073) in font GFSPorson-Regular/OT:script=g
rek;language=dflt;mapping=tex-text;!
Missing character: There is no i (U+0069) in font GFSPorson-Regular/OT:script=g
rek;language=dflt;mapping=tex-text;!
Missing character: There is no r (U+0072) in font GFSPorson-Regular/OT:script=g
rek;language=dflt;mapping=tex-text;!
Missing character: There is no h (U+0068) in font GFSPorson-Regular/OT:script=g
rek;language=dflt;mapping=tex-text;!
Missing character: There is no t (U+0074) in font GFSPorson-Regular/OT:script=g
rek;language=dflt;mapping=tex-text;!
Missing character: There is no a (U+0061) in font GFSPorson-Regular/OT:script=g
rek;language=dflt;mapping=tex-text;!
Missing character: There is no i (U+0069) in font GFSPorson-Regular/OT:script=g
rek;language=dflt;mapping=tex-text;!
Missing character: There is no a (U+0061) in font GFSPorson-Regular/OT:script=g
rek;language=dflt;mapping=tex-text;!
Missing character: There is no i (U+0069) in font GFSPorson-Regular/OT:script=g
rek;language=dflt;mapping=tex-text;!
Missing character: There is no Z (U+005A) in font GFSPorson-Regular/OT:script=g
rek;language=dflt;mapping=tex-text;!
Missing character: There is no E (U+0045) in font GFSPorson-Regular/OT:script=g
rek;language=dflt;mapping=tex-text;!
Missing character: There is no E (U+0045) in font GFSPorson-Regular/OT:script=g
rek;language=dflt;mapping=tex-text;!
Missing character: There is no K (U+004B) in font GFSPorson-Regular/OT:script=g
rek;language=dflt;mapping=tex-text;!
Missing character: There is no a (U+0061) in font GFSPorson-Regular/OT:script=g
rek;language=dflt;mapping=tex-text;!
Missing character: There is no r (U+0072) in font GFSPorson-Regular/OT:script=g
rek;language=dflt;mapping=tex-text;!
Missing character: There is no a (U+0061) in font GFSPorson-Regular/OT:script=g
rek;language=dflt;mapping=tex-text;!
Missing character: There is no r (U+0072) in font GFSPorson-Regular/OT:script=g
rek;language=dflt;mapping=tex-text;!
Missing character: There is no h (U+0068) in font GFSPorson-Regular/OT:script=g
rek;language=dflt;mapping=tex-text;!
Missing character: There is no t (U+0074) in font GFSPorson-Regular/OT:script=g
rek;language=dflt;mapping=tex-text;!
Missing character: There is no a (U+0061) in font GFSPorson-Regular/OT:script=g
rek;language=dflt;mapping=tex-text;!
Missing character: There is no i (U+0069) in font GFSPorson-Regular/OT:script=g
rek;language=dflt;mapping=tex-text;!
Missing character: There is no e (U+0065) in font GFSPorson-Regular/OT:script=g
rek;language=dflt;mapping=tex-text;!
Missing character: There is no i (U+0069) in font GFSPorson-Regular/OT:script=g
rek;language=dflt;mapping=tex-text;!
Missing character: There is no s (U+0073) in font GFSPorson-Regular/OT:script=g
rek;language=dflt;mapping=tex-text;!
Missing character: There is no i (U+0069) in font GFSPorson-Regular/OT:script=g
rek;language=dflt;mapping=tex-text;!
Missing character: There is no d (U+0064) in font GFSPorson-Regular/OT:script=g
rek;language=dflt;mapping=tex-text;!
Missing character: There is no u (U+0075) in font GFSPorson-Regular/OT:script=g
rek;language=dflt;mapping=tex-text;!
Missing character: There is no n (U+006E) in font GFSPorson-Regular/OT:script=g
rek;language=dflt;mapping=tex-text;!
Missing character: There is no a (U+0061) in font GFSPorson-Regular/OT:script=g
rek;language=dflt;mapping=tex-text;!
Missing character: There is no m (U+006D) in font GFSPorson-Regular/OT:script=g
rek;language=dflt;mapping=tex-text;!
Missing character: There is no e (U+0065) in font GFSPorson-Regular/OT:script=g
rek;language=dflt;mapping=tex-text;!
Missing character: There is no i (U+0069) in font GFSPorson-Regular/OT:script=g
rek;language=dflt;mapping=tex-text;!
Missing character: There is no m (U+006D) in font GFSPorson-Regular/OT:script=g
rek;language=dflt;mapping=tex-text;!
Missing character: There is no o (U+006F) in font GFSPorson-Regular/OT:script=g
rek;language=dflt;mapping=tex-text;!
Missing character: There is no n (U+006E) in font GFSPorson-Regular/OT:script=g
rek;language=dflt;mapping=tex-text;!
Missing character: There is no o (U+006F) in font GFSPorson-Regular/OT:script=g
rek;language=dflt;mapping=tex-text;!
Missing character: There is no n (U+006E) in font GFSPorson-Regular/OT:script=g
rek;language=dflt;mapping=tex-text;!
Missing character: There is no s (U+0073) in font GFSPorson-Regular/OT:script=g
rek;language=dflt;mapping=tex-text;!
Missing character: There is no u (U+0075) in font GFSPorson-Regular/OT:script=g
rek;language=dflt;mapping=tex-text;!
Missing character: There is no m (U+006D) in font GFSPorson-Regular/OT:script=g
rek;language=dflt;mapping=tex-text;!
Missing character: There is no m (U+006D) in font GFSPorson-Regular/OT:script=g
rek;language=dflt;mapping=tex-text;!
Missing character: There is no e (U+0065) in font GFSPorson-Regular/OT:script=g
rek;language=dflt;mapping=tex-text;!
Missing character: There is no t (U+0074) in font GFSPorson-Regular/OT:script=g
rek;language=dflt;mapping=tex-text;!
Missing character: There is no r (U+0072) in font GFSPorson-Regular/OT:script=g
rek;language=dflt;mapping=tex-text;!
Missing character: There is no o (U+006F) in font GFSPorson-Regular/OT:script=g
rek;language=dflt;mapping=tex-text;!
Missing character: There is no i (U+0069) in font GFSPorson-Regular/OT:script=g
rek;language=dflt;mapping=tex-text;!
Missing character: There is no m (U+006D) in font GFSPorson-Regular/OT:script=g
rek;language=dflt;mapping=tex-text;!
Missing character: There is no e (U+0065) in font GFSPorson-Regular/OT:script=g
rek;language=dflt;mapping=tex-text;!
Missing character: There is no s (U+0073) in font GFSPorson-Regular/OT:script=g
rek;language=dflt;mapping=tex-text;!
Missing character: There is no o (U+006F) in font GFSPorson-Regular/OT:script=g
rek;language=dflt;mapping=tex-text;!
Missing character: There is no n (U+006E) in font GFSPorson-Regular/OT:script=g
rek;language=dflt;mapping=tex-text;!
Missing character: There is no a (U+0061) in font GFSPorson-Regular/OT:script=g
rek;language=dflt;mapping=tex-text;!
Missing character: There is no r (U+0072) in font GFSPorson-Regular/OT:script=g
rek;language=dflt;mapping=tex-text;!
Missing character: There is no a (U+0061) in font GFSPorson-Regular/OT:script=g
rek;language=dflt;mapping=tex-text;!
Missing character: There is no e (U+0065) in font GFSPorson-Regular/OT:script=g
rek;language=dflt;mapping=tex-text;!
Missing character: There is no s (U+0073) in font GFSPorson-Regular/OT:script=g
rek;language=dflt;mapping=tex-text;!
Missing character: There is no t (U+0074) in font GFSPorson-Regular/OT:script=g
rek;language=dflt;mapping=tex-text;!
Missing character: There is no i (U+0069) in font GFSPorson-Regular/OT:script=g
rek;language=dflt;mapping=tex-text;!
Missing character: There is no t (U+0074) in font GFSPorson-Regular/OT:script=g
rek;language=dflt;mapping=tex-text;!
Missing character: There is no o (U+006F) in font GFSPorson-Regular/OT:script=g
rek;language=dflt;mapping=tex-text;!
Missing character: There is no E (U+0045) in font GFSPorson-Regular/OT:script=g
rek;language=dflt;mapping=tex-text;!
Missing character: There is no L (U+004C) in font GFSPorson-Regular/OT:script=g
rek;language=dflt;mapping=tex-text;!
Missing character: There is no t (U+0074) in font GFSPorson-Regular/OT:script=g
rek;language=dflt;mapping=tex-text;!
Missing character: There is no o (U+006F) in font GFSPorson-Regular/OT:script=g
rek;language=dflt;mapping=tex-text;!
Missing character: There is no u (U+0075) in font GFSPorson-Regular/OT:script=g
rek;language=dflt;mapping=tex-text;!
Missing character: There is no t (U+0074) in font GFSPorson-Regular/OT:script=g
rek;language=dflt;mapping=tex-text;!
Missing character: There is no e (U+0065) in font GFSPorson-Regular/OT:script=g
rek;language=dflt;mapping=tex-text;!
Missing character: There is no s (U+0073) in font GFSPorson-Regular/OT:script=g
rek;language=dflt;mapping=tex-text;!
Missing character: There is no t (U+0074) in font GFSPorson-Regular/OT:script=g
rek;language=dflt;mapping=tex-text;!
Missing character: There is no i (U+0069) in font GFSPorson-Regular/OT:script=g
rek;language=dflt;mapping=tex-text;!
Missing character: There is no t (U+0074) in font GFSPorson-Regular/OT:script=g
rek;language=dflt;mapping=tex-text;!
Missing character: There is no o (U+006F) in font GFSPorson-Regular/OT:script=g
rek;language=dflt;mapping=tex-text;!
Missing character: There is no M (U+004D) in font GFSPorson-Regular/OT:script=g
rek;language=dflt;mapping=tex-text;!
Missing character: There is no k (U+006B) in font GFSPorson-Regular/OT:script=g
rek;language=dflt;mapping=tex-text;!
Missing character: There is no a (U+0061) in font GFSPorson-Regular/OT:script=g
rek;language=dflt;mapping=tex-text;!
Missing character: There is no i (U+0069) in font GFSPorson-Regular/OT:script=g
rek;language=dflt;mapping=tex-text;!
Missing character: There is no p (U+0070) in font GFSPorson-Regular/OT:script=g
rek;language=dflt;mapping=tex-text;!
Missing character: There is no e (U+0065) in font GFSPorson-Regular/OT:script=g
rek;language=dflt;mapping=tex-text;!
Missing character: There is no r (U+0072) in font GFSPorson-Regular/OT:script=g
rek;language=dflt;mapping=tex-text;!
Missing character: There is no i (U+0069) in font GFSPorson-Regular/OT:script=g
rek;language=dflt;mapping=tex-text;!
Missing character: There is no e (U+0065) in font GFSPorson-Regular/OT:script=g
rek;language=dflt;mapping=tex-text;!
Missing character: There is no q (U+0071) in font GFSPorson-Regular/OT:script=g
rek;language=dflt;mapping=tex-text;!
Missing character: There is no e (U+0065) in font GFSPorson-Regular/OT:script=g
rek;language=dflt;mapping=tex-text;!
Missing character: There is no t (U+0074) in font GFSPorson-Regular/OT:script=g
rek;language=dflt;mapping=tex-text;!
Missing character: There is no a (U+0061) in font GFSPorson-Regular/OT:script=g
rek;language=dflt;mapping=tex-text;!
Missing character: There is no i (U+0069) in font GFSPorson-Regular/OT:script=g
rek;language=dflt;mapping=tex-text;!
Missing character: There is no u (U+0075) in font GFSPorson-Regular/OT:script=g
rek;language=dflt;mapping=tex-text;!
Missing character: There is no p (U+0070) in font GFSPorson-Regular/OT:script=g
rek;language=dflt;mapping=tex-text;!
Missing character: There is no o (U+006F) in font GFSPorson-Regular/OT:script=g
rek;language=dflt;mapping=tex-text;!
Missing character: There is no t (U+0074) in font GFSPorson-Regular/OT:script=g
rek;language=dflt;mapping=tex-text;!
Missing character: There is no w (U+0077) in font GFSPorson-Regular/OT:script=g
rek;language=dflt;mapping=tex-text;!
Missing character: There is no n (U+006E) in font GFSPorson-Regular/OT:script=g
rek;language=dflt;mapping=tex-text;!
Missing character: There is no M (U+004D) in font GFSPorson-Regular/OT:script=g
rek;language=dflt;mapping=tex-text;!
Missing character: There is no N (U+004E) in font GFSPorson-Regular/OT:script=g
rek;language=dflt;mapping=tex-text;!
Missing character: There is no X (U+0058) in font GFSPorson-Regular/OT:script=g
rek;language=dflt;mapping=tex-text;!
Missing character: There is no m (U+006D) in font GFSPorson-Regular/OT:script=g
rek;language=dflt;mapping=tex-text;!
Missing character: There is no e (U+0065) in font GFSPorson-Regular/OT:script=g
rek;language=dflt;mapping=tex-text;!
Missing character: There is no s (U+0073) in font GFSPorson-Regular/OT:script=g
rek;language=dflt;mapping=tex-text;!
Missing character: There is no o (U+006F) in font GFSPorson-Regular/OT:script=g
rek;language=dflt;mapping=tex-text;!
Missing character: There is no n (U+006E) in font GFSPorson-Regular/OT:script=g
rek;language=dflt;mapping=tex-text;!
Missing character: There is no a (U+0061) in font GFSPorson-Regular/OT:script=g
rek;language=dflt;mapping=tex-text;!
Missing character: There is no r (U+0072) in font GFSPorson-Regular/OT:script=g
rek;language=dflt;mapping=tex-text;!
Missing character: There is no a (U+0061) in font GFSPorson-Regular/OT:script=g
rek;language=dflt;mapping=tex-text;!
Missing character: There is no e (U+0065) in font GFSPorson-Regular/OT:script=g
rek;language=dflt;mapping=tex-text;!
Missing character: There is no s (U+0073) in font GFSPorson-Regular/OT:script=g
rek;language=dflt;mapping=tex-text;!
Missing character: There is no t (U+0074) in font GFSPorson-Regular/OT:script=g
rek;language=dflt;mapping=tex-text;!
Missing character: There is no i (U+0069) in font GFSPorson-Regular/OT:script=g
rek;language=dflt;mapping=tex-text;!
Missing character: There is no t (U+0074) in font GFSPorson-Regular/OT:script=g
rek;language=dflt;mapping=tex-text;!
Missing character: There is no o (U+006F) in font GFSPorson-Regular/OT:script=g
rek;language=dflt;mapping=tex-text;!
Missing character: There is no u (U+0075) in font GFSPorson-Regular/OT:script=g
rek;language=dflt;mapping=tex-text;!
Missing character: There is no p (U+0070) in font GFSPorson-Regular/OT:script=g
rek;language=dflt;mapping=tex-text;!
Missing character: There is no o (U+006F) in font GFSPorson-Regular/OT:script=g
rek;language=dflt;mapping=tex-text;!
Missing character: There is no t (U+0074) in font GFSPorson-Regular/OT:script=g
rek;language=dflt;mapping=tex-text;!
Missing character: There is no w (U+0077) in font GFSPorson-Regular/OT:script=g
rek;language=dflt;mapping=tex-text;!
Missing character: There is no n (U+006E) in font GFSPorson-Regular/OT:script=g
rek;language=dflt;mapping=tex-text;!
Missing character: There is no M (U+004D) in font GFSPorson-Regular/OT:script=g
rek;language=dflt;mapping=tex-text;!
Missing character: There is no N (U+004E) in font GFSPorson-Regular/OT:script=g
rek;language=dflt;mapping=tex-text;!
Missing character: There is no X (U+0058) in font GFSPorson-Regular/OT:script=g
rek;language=dflt;mapping=tex-text;!
File: Book10/fig054e.eps Graphic file (type eps)
<Book10/fig054e.eps>

Overfull \vbox (14.65388pt too high) detected at line 5784
 []


Overfull \vbox (242.31871pt too high) detected at line 5784
 []


Overfull \vbox (244.32622pt too high) detected at line 5784
 []




Package fancyhdr Warning: \headheight is too small (0.0pt): 
(fancyhdr)                Make it at least 14.0pt, for example:
(fancyhdr)                \setlength{\headheight}{14.0pt}.
(fancyhdr)                You might also make \topmargin smaller:
(fancyhdr)                \addtolength{\topmargin}{-14.0pt}.

[486]
File: Book10/fig054g.eps Graphic file (type eps)
<Book10/fig054g.eps>
File: Book10/fig054e.eps Graphic file (type eps)
<Book10/fig054e.eps>

Overfull \vbox (14.65388pt too high) detected at line 5893
 []


Overfull \vbox (242.31871pt too high) detected at line 5893
 []


Overfull \vbox (244.32622pt too high) detected at line 5893
 []




Package fancyhdr Warning: \headheight is too small (0.0pt): 
(fancyhdr)                Make it at least 14.0pt, for example:
(fancyhdr)                \setlength{\headheight}{14.0pt}.
(fancyhdr)                You might also make \topmargin smaller:
(fancyhdr)                \addtolength{\topmargin}{-14.0pt}.

[487]


Package fancyhdr Warning: \headheight is too small (0.0pt): 
(fancyhdr)                Make it at least 14.0pt, for example:
(fancyhdr)                \setlength{\headheight}{14.0pt}.
(fancyhdr)                You might also make \topmargin smaller:
(fancyhdr)                \addtolength{\topmargin}{-14.0pt}.

[488]
Overfull \hbox (24.76244pt too wide) in paragraph at lines 5921--5922
[]\TU/GFSPorson(0)/m/n/10 Κατεσκευάσθω γὰρ τὰ αὐτὰ τοῖξ πρότερον δεδειγμένοιξ;
 []


Underfull \hbox (badness 10000) in paragraph at lines 5921--5922

 []


Underfull \hbox (badness 10000) in paragraph at lines 5921--5922

 []


Underfull \hbox (badness 10000) in paragraph at lines 5921--5922

 []

File: Book10/fig054g.eps Graphic file (type eps)
<Book10/fig054g.eps>

Overfull \hbox (4.15794pt too wide) in paragraph at lines 5941--5942
[]\TU/GFSPorson(0)/m/n/10 Ἐπεὶ γὰρ ἀσύμμετρόξ ἐστιν ἡ ΑΗ τῆ| ΗΕ, ἀσύμμετ-
 []

File: Book10/fig054e.eps Graphic file (type eps)
<Book10/fig054e.eps>

Overfull \vbox (14.65388pt too high) detected at line 5989
 []


Overfull \vbox (244.32622pt too high) detected at line 5989
 []


Overfull \vbox (242.31871pt too high) detected at line 5989
 []




Package fancyhdr Warning: \headheight is too small (0.0pt): 
(fancyhdr)                Make it at least 14.0pt, for example:
(fancyhdr)                \setlength{\headheight}{14.0pt}.
(fancyhdr)                You might also make \topmargin smaller:
(fancyhdr)                \addtolength{\topmargin}{-14.0pt}.

[489]


Package fancyhdr Warning: \headheight is too small (0.0pt): 
(fancyhdr)                Make it at least 14.0pt, for example:
(fancyhdr)                \setlength{\headheight}{14.0pt}.
(fancyhdr)                You might also make \topmargin smaller:
(fancyhdr)                \addtolength{\topmargin}{-14.0pt}.

[490]
Underfull \hbox (badness 10000) in paragraph at lines 6008--6009

 []

File: Book10/fig054g.eps Graphic file (type eps)
<Book10/fig054g.eps>

Overfull \hbox (5.25198pt too wide) in paragraph at lines 6031--6032
[]\TU/GFSPorson(0)/m/n/10 Κατεσκευάσθω [γὰρ] τὰ αὐτὰ τοῖξ προδεδειγμένοιξ.
 []

File: Book10/fig054e.eps Graphic file (type eps)
<Book10/fig054e.eps>

Overfull \vbox (14.65388pt too high) detected at line 6076
 []


Overfull \vbox (242.31871pt too high) detected at line 6076
 []


Overfull \vbox (244.32622pt too high) detected at line 6076
 []




Package fancyhdr Warning: \headheight is too small (0.0pt): 
(fancyhdr)                Make it at least 14.0pt, for example:
(fancyhdr)                \setlength{\headheight}{14.0pt}.
(fancyhdr)                You might also make \topmargin smaller:
(fancyhdr)                \addtolength{\topmargin}{-14.0pt}.

[491]
File: Book10/fig059ag.eps Graphic file (type eps)
<Book10/fig059ag.eps>
File: Book10/fig059ae.eps Graphic file (type eps)
<Book10/fig059ae.eps>

Overfull \vbox (31.5312pt too high) detected at line 6139
 []


Overfull \vbox (31.5312pt too high) detected at line 6139
 []




Package fancyhdr Warning: \headheight is too small (0.0pt): 
(fancyhdr)                Make it at least 14.0pt, for example:
(fancyhdr)                \setlength{\headheight}{14.0pt}.
(fancyhdr)                You might also make \topmargin smaller:
(fancyhdr)                \addtolength{\topmargin}{-14.0pt}.

[492]
Overfull \hbox (6.87234pt too wide) in paragraph at lines 6152--6153
\TU/GFSPorson(0)/m/n/10 παραβαλλόμενον πλάτοξ ποιεῖ τὴν ἐκ δύο ὀνομάτων
 []


Underfull \hbox (badness 10000) in paragraph at lines 6152--6153

 []

File: Book10/fig060g.eps Graphic file (type eps)
<Book10/fig060g.eps>
File: Book10/fig060e.eps Graphic file (type eps)
<Book10/fig060e.eps>

Overfull \hbox (6.4307pt too wide) in paragraph at lines 6242--6267
\TU/TimesNewRoman(0)/m/n/10 portional to the squares on $\OML/cmm/m/it/10 AC$ \
TU/TimesNewRoman(0)/m/n/10 and $\OML/cmm/m/it/10 CB$ \TU/TimesNewRoman(0)/m/n/1
0 [Prop. 10.53 lem.],
 []


Overfull \vbox (14.65388pt too high) detected at line 6269
 []


Overfull \vbox (228.26622pt too high) detected at line 6269
 []


Overfull \vbox (229.26996pt too high) detected at line 6269
 []




Package fancyhdr Warning: \headheight is too small (0.0pt): 
(fancyhdr)                Make it at least 14.0pt, for example:
(fancyhdr)                \setlength{\headheight}{14.0pt}.
(fancyhdr)                You might also make \topmargin smaller:
(fancyhdr)                \addtolength{\topmargin}{-14.0pt}.

[493]


Package fancyhdr Warning: \headheight is too small (0.0pt): 
(fancyhdr)                Make it at least 14.0pt, for example:
(fancyhdr)                \setlength{\headheight}{14.0pt}.
(fancyhdr)                You might also make \topmargin smaller:
(fancyhdr)                \addtolength{\topmargin}{-14.0pt}.

[494]
Overfull \hbox (6.87234pt too wide) in paragraph at lines 6283--6284
\TU/GFSPorson(0)/m/n/10 παραβαλλόμενον πλάτοξ ποιεῖ τὴν ἐκ δύο ὀνομάτων
 []


Underfull \hbox (badness 10000) in paragraph at lines 6300--6301

 []


Underfull \hbox (badness 10000) in paragraph at lines 6300--6301

 []


Underfull \hbox (badness 10000) in paragraph at lines 6300--6301

 []


Underfull \hbox (badness 10000) in paragraph at lines 6300--6301

 []


Underfull \hbox (badness 10000) in paragraph at lines 6300--6301

 []


Underfull \hbox (badness 10000) in paragraph at lines 6300--6301

 []


Underfull \hbox (badness 10000) in paragraph at lines 6300--6301

 []


Underfull \hbox (badness 10000) in paragraph at lines 6300--6301

 []

File: Book10/fig060g.eps Graphic file (type eps)
<Book10/fig060g.eps>
File: Book10/fig060e.eps Graphic file (type eps)
<Book10/fig060e.eps>

Overfull \vbox (14.65388pt too high) detected at line 6359
 []


Overfull \vbox (228.26622pt too high) detected at line 6359
 []


Overfull \vbox (229.26996pt too high) detected at line 6359
 []




Package fancyhdr Warning: \headheight is too small (0.0pt): 
(fancyhdr)                Make it at least 14.0pt, for example:
(fancyhdr)                \setlength{\headheight}{14.0pt}.
(fancyhdr)                You might also make \topmargin smaller:
(fancyhdr)                \addtolength{\topmargin}{-14.0pt}.

[495]
Overfull \hbox (6.87234pt too wide) in paragraph at lines 6374--6375
\TU/GFSPorson(0)/m/n/10 παραβαλλόμενον πλάτοξ ποιεῖ τὴν ἐκ δύο ὀνομάτων
 []


Underfull \hbox (badness 10000) in paragraph at lines 6397--6398

 []


Underfull \hbox (badness 10000) in paragraph at lines 6397--6398

 []


Underfull \hbox (badness 10000) in paragraph at lines 6397--6398

 []


Underfull \hbox (badness 10000) in paragraph at lines 6397--6398

 []


Underfull \hbox (badness 10000) in paragraph at lines 6397--6398

 []


Underfull \hbox (badness 10000) in paragraph at lines 6397--6398

 []


Underfull \hbox (badness 10000) in paragraph at lines 6397--6398

 []


Underfull \hbox (badness 10000) in paragraph at lines 6397--6398

 []


Underfull \hbox (badness 10000) in paragraph at lines 6397--6398

 []

File: Book10/fig060g.eps Graphic file (type eps)
<Book10/fig060g.eps>
File: Book10/fig060e.eps Graphic file (type eps)
<Book10/fig060e.eps>

Overfull \vbox (14.65388pt too high) detected at line 6458
 []


Overfull \vbox (228.26622pt too high) detected at line 6458
 []


Overfull \vbox (229.26996pt too high) detected at line 6458
 []




Package fancyhdr Warning: \headheight is too small (0.0pt): 
(fancyhdr)                Make it at least 14.0pt, for example:
(fancyhdr)                \setlength{\headheight}{14.0pt}.
(fancyhdr)                You might also make \topmargin smaller:
(fancyhdr)                \addtolength{\topmargin}{-14.0pt}.

[496]


Package fancyhdr Warning: \headheight is too small (0.0pt): 
(fancyhdr)                Make it at least 14.0pt, for example:
(fancyhdr)                \setlength{\headheight}{14.0pt}.
(fancyhdr)                You might also make \topmargin smaller:
(fancyhdr)                \addtolength{\topmargin}{-14.0pt}.

[497]
Overfull \hbox (1.24031pt too wide) in paragraph at lines 6473--6474
[]\TU/GFSPorson(0)/m/n/10 Τὸ ἀπὸ τῆξ μείζονοξ παρὰ <ρητὴν παραβαλλόμεν-
 []


Underfull \hbox (badness 10000) in paragraph at lines 6478--6479

 []

File: Book10/fig060g.eps Graphic file (type eps)
<Book10/fig060g.eps>
File: Book10/fig060e.eps Graphic file (type eps)
<Book10/fig060e.eps>

Overfull \vbox (14.65388pt too high) detected at line 6561
 []


Overfull \vbox (229.26996pt too high) detected at line 6561
 []


Overfull \vbox (228.26622pt too high) detected at line 6561
 []




Package fancyhdr Warning: \headheight is too small (0.0pt): 
(fancyhdr)                Make it at least 14.0pt, for example:
(fancyhdr)                \setlength{\headheight}{14.0pt}.
(fancyhdr)                You might also make \topmargin smaller:
(fancyhdr)                \addtolength{\topmargin}{-14.0pt}.

[498]


Package fancyhdr Warning: \headheight is too small (0.0pt): 
(fancyhdr)                Make it at least 14.0pt, for example:
(fancyhdr)                \setlength{\headheight}{14.0pt}.
(fancyhdr)                You might also make \topmargin smaller:
(fancyhdr)                \addtolength{\topmargin}{-14.0pt}.

[499]
Underfull \hbox (badness 10000) in paragraph at lines 6562--6564

 []


Overfull \hbox (5.3606pt too wide) in paragraph at lines 6583--6584
[]\TU/GFSPorson(0)/m/n/10 >’Εστω <ρητὸν καὶ μέσον δυναμένη ἡ ΑΒ διῃρημένη
 []


Underfull \hbox (badness 10000) in paragraph at lines 6583--6584

 []


Underfull \hbox (badness 10000) in paragraph at lines 6583--6584

 []

File: Book10/fig060g.eps Graphic file (type eps)
<Book10/fig060g.eps>
File: Book10/fig060e.eps Graphic file (type eps)
<Book10/fig060e.eps>

Overfull \vbox (14.65388pt too high) detected at line 6657
 []


Overfull \vbox (228.26622pt too high) detected at line 6657
 []


Overfull \vbox (229.26996pt too high) detected at line 6657
 []




Package fancyhdr Warning: \headheight is too small (0.0pt): 
(fancyhdr)                Make it at least 14.0pt, for example:
(fancyhdr)                \setlength{\headheight}{14.0pt}.
(fancyhdr)                You might also make \topmargin smaller:
(fancyhdr)                \addtolength{\topmargin}{-14.0pt}.

[500]
Overfull \hbox (6.87234pt too wide) in paragraph at lines 6672--6673
\TU/GFSPorson(0)/m/n/10 παραβαλλόμενον πλάτοξ ποιεῖ τὴν ἐκ δύο ὀνομάτων
 []


Underfull \hbox (badness 10000) in paragraph at lines 6676--6677

 []


Underfull \hbox (badness 10000) in paragraph at lines 6676--6677

 []

File: Book10/fig060g.eps Graphic file (type eps)
<Book10/fig060g.eps>
File: Book10/fig060e.eps Graphic file (type eps)
<Book10/fig060e.eps>

Overfull \vbox (14.65388pt too high) detected at line 6743
 []


Overfull \vbox (228.26622pt too high) detected at line 6743
 []


Overfull \vbox (229.26996pt too high) detected at line 6743
 []




Package fancyhdr Warning: \headheight is too small (0.0pt): 
(fancyhdr)                Make it at least 14.0pt, for example:
(fancyhdr)                \setlength{\headheight}{14.0pt}.
(fancyhdr)                You might also make \topmargin smaller:
(fancyhdr)                \addtolength{\topmargin}{-14.0pt}.

[501]


Package fancyhdr Warning: \headheight is too small (0.0pt): 
(fancyhdr)                Make it at least 14.0pt, for example:
(fancyhdr)                \setlength{\headheight}{14.0pt}.
(fancyhdr)                You might also make \topmargin smaller:
(fancyhdr)                \addtolength{\topmargin}{-14.0pt}.

[502]
Underfull \hbox (badness 10000) in paragraph at lines 6744--6746

 []

File: Book10/fig066g.eps Graphic file (type eps)
<Book10/fig066g.eps>
File: Book10/fig066e.eps Graphic file (type eps)
<Book10/fig066e.eps>

Overfull \vbox (14.65388pt too high) detected at line 6866
 []


Overfull \vbox (85.7337pt too high) detected at line 6866
 []


Overfull \vbox (84.72997pt too high) detected at line 6866
 []




Package fancyhdr Warning: \headheight is too small (0.0pt): 
(fancyhdr)                Make it at least 14.0pt, for example:
(fancyhdr)                \setlength{\headheight}{14.0pt}.
(fancyhdr)                You might also make \topmargin smaller:
(fancyhdr)                \addtolength{\topmargin}{-14.0pt}.

[503]


Package fancyhdr Warning: \headheight is too small (0.0pt): 
(fancyhdr)                Make it at least 14.0pt, for example:
(fancyhdr)                \setlength{\headheight}{14.0pt}.
(fancyhdr)                You might also make \topmargin smaller:
(fancyhdr)                \addtolength{\topmargin}{-14.0pt}.

[504]
File: Book10/fig066g.eps Graphic file (type eps)
<Book10/fig066g.eps>
File: Book10/fig066e.eps Graphic file (type eps)
<Book10/fig066e.eps>

Overfull \vbox (14.65388pt too high) detected at line 6959
 []


Overfull \vbox (85.7337pt too high) detected at line 6959
 []


Overfull \vbox (84.72997pt too high) detected at line 6959
 []




Package fancyhdr Warning: \headheight is too small (0.0pt): 
(fancyhdr)                Make it at least 14.0pt, for example:
(fancyhdr)                \setlength{\headheight}{14.0pt}.
(fancyhdr)                You might also make \topmargin smaller:
(fancyhdr)                \addtolength{\topmargin}{-14.0pt}.

[505]
Underfull \hbox (badness 10000) in paragraph at lines 6971--6972

 []

File: Book10/fig066g.eps Graphic file (type eps)
<Book10/fig066g.eps>

Overfull \hbox (14.30836pt too wide) in paragraph at lines 7006--7007
\TU/GFSPorson(0)/m/n/10 δυνάμει εἰσὶν ἀσύμμετροι ποιοῦσαι τὸ μὲν συγκείμενον
 []

File: Book10/fig066e.eps Graphic file (type eps)
<Book10/fig066e.eps>

Overfull \vbox (14.65388pt too high) detected at line 7060
 []


Overfull \vbox (85.7337pt too high) detected at line 7060
 []


Overfull \vbox (84.72997pt too high) detected at line 7060
 []




Package fancyhdr Warning: \headheight is too small (0.0pt): 
(fancyhdr)                Make it at least 14.0pt, for example:
(fancyhdr)                \setlength{\headheight}{14.0pt}.
(fancyhdr)                You might also make \topmargin smaller:
(fancyhdr)                \addtolength{\topmargin}{-14.0pt}.

[506]
Underfull \hbox (badness 10000) in paragraph at lines 7073--7074

 []

File: Book10/fig066g.eps Graphic file (type eps)
<Book10/fig066g.eps>

Overfull \hbox (0.7037pt too wide) in paragraph at lines 7092--7093
\TU/GFSPorson(0)/m/n/10 κατεσκευάσθω τοῖξ πρότερον. ὁμοίωξ δὴ δείχομεν,
 []

File: Book10/fig066e.eps Graphic file (type eps)
<Book10/fig066e.eps>

Overfull \vbox (14.65388pt too high) detected at line 7127
 []


Overfull \vbox (85.7337pt too high) detected at line 7127
 []


Overfull \vbox (84.72997pt too high) detected at line 7127
 []




Package fancyhdr Warning: \headheight is too small (0.0pt): 
(fancyhdr)                Make it at least 14.0pt, for example:
(fancyhdr)                \setlength{\headheight}{14.0pt}.
(fancyhdr)                You might also make \topmargin smaller:
(fancyhdr)                \addtolength{\topmargin}{-14.0pt}.

[507]
Underfull \hbox (badness 10000) in paragraph at lines 7143--7144

 []


Underfull \hbox (badness 10000) in paragraph at lines 7143--7144

 []


Underfull \hbox (badness 10000) in paragraph at lines 7143--7144

 []

File: Book10/fig066g.eps Graphic file (type eps)
<Book10/fig066g.eps>

Overfull \hbox (0.353pt too wide) in paragraph at lines 7161--7162
[]\TU/GFSPorson(0)/m/n/10 Ἐπεὶ γὰρ δύο μέσα δυναμένη ἐστὶν ἡ ΑΒ, διῃρήσθω
 []

File: Book10/fig066e.eps Graphic file (type eps)
<Book10/fig066e.eps>

Overfull \vbox (14.65388pt too high) detected at line 7199
 []


Overfull \vbox (84.72997pt too high) detected at line 7199
 []


Overfull \vbox (85.7337pt too high) detected at line 7199
 []




Package fancyhdr Warning: \headheight is too small (0.0pt): 
(fancyhdr)                Make it at least 14.0pt, for example:
(fancyhdr)                \setlength{\headheight}{14.0pt}.
(fancyhdr)                You might also make \topmargin smaller:
(fancyhdr)                \addtolength{\topmargin}{-14.0pt}.

[508]
Overfull \hbox (1.84322pt too wide) in paragraph at lines 7254--7255
[]\TU/GFSPorson(0)/m/n/10 Τὸ γὰρ ΑΒ τοῦ ΓΔ >ήτοι μεῖζόν ἐστιν >ὴ >έλασσον.
 []


Underfull \hbox (badness 10000) in paragraph at lines 7274--7275

 []


Underfull \hbox (badness 10000) in paragraph at lines 7274--7275

 []


Underfull \hbox (badness 10000) in paragraph at lines 7274--7275

 []


Underfull \hbox (badness 10000) in paragraph at lines 7274--7275

 []


Underfull \hbox (badness 10000) in paragraph at lines 7274--7275

 []


Underfull \hbox (badness 10000) in paragraph at lines 7274--7275

 []


Underfull \hbox (badness 10000) in paragraph at lines 7274--7275

 []


Underfull \hbox (badness 10000) in paragraph at lines 7274--7275

 []


Underfull \hbox (badness 10000) in paragraph at lines 7274--7275

 []


Underfull \hbox (badness 10000) in paragraph at lines 7274--7275

 []


Underfull \hbox (badness 10000) in paragraph at lines 7274--7275

 []


Underfull \hbox (badness 10000) in paragraph at lines 7274--7275

 []


Underfull \hbox (badness 10000) in paragraph at lines 7274--7275

 []


Underfull \hbox (badness 10000) in paragraph at lines 7274--7275

 []


Underfull \hbox (badness 10000) in paragraph at lines 7274--7275

 []


Underfull \hbox (badness 10000) in paragraph at lines 7274--7275

 []


Underfull \hbox (badness 10000) in paragraph at lines 7274--7275

 []


Underfull \hbox (badness 10000) in paragraph at lines 7274--7275

 []


Underfull \hbox (badness 10000) in paragraph at lines 7274--7275

 []


Underfull \hbox (badness 10000) in paragraph at lines 7274--7275

 []


Underfull \hbox (badness 10000) in paragraph at lines 7274--7275

 []


Underfull \hbox (badness 10000) in paragraph at lines 7274--7275

 []


Underfull \hbox (badness 10000) in paragraph at lines 7274--7275

 []


Underfull \hbox (badness 10000) in paragraph at lines 7274--7275

 []


Underfull \hbox (badness 10000) in paragraph at lines 7274--7275

 []


Underfull \hbox (badness 10000) in paragraph at lines 7274--7275

 []

File: Book10/fig071g.eps Graphic file (type eps)
<Book10/fig071g.eps>
File: Book10/fig071e.eps Graphic file (type eps)
<Book10/fig071e.eps>

Overfull \vbox (14.65388pt too high) detected at line 7378
 []


Overfull \vbox (295.51747pt too high) detected at line 7378
 []


Overfull \vbox (296.52121pt too high) detected at line 7378
 []




Package fancyhdr Warning: \headheight is too small (0.0pt): 
(fancyhdr)                Make it at least 14.0pt, for example:
(fancyhdr)                \setlength{\headheight}{14.0pt}.
(fancyhdr)                You might also make \topmargin smaller:
(fancyhdr)                \addtolength{\topmargin}{-14.0pt}.

[509]


Package fancyhdr Warning: \headheight is too small (0.0pt): 
(fancyhdr)                Make it at least 14.0pt, for example:
(fancyhdr)                \setlength{\headheight}{14.0pt}.
(fancyhdr)                You might also make \topmargin smaller:
(fancyhdr)                \addtolength{\topmargin}{-14.0pt}.

[510]


Package fancyhdr Warning: \headheight is too small (0.0pt): 
(fancyhdr)                Make it at least 14.0pt, for example:
(fancyhdr)                \setlength{\headheight}{14.0pt}.
(fancyhdr)                You might also make \topmargin smaller:
(fancyhdr)                \addtolength{\topmargin}{-14.0pt}.

[511]
Overfull \hbox (1.84322pt too wide) in paragraph at lines 7425--7426
[]\TU/GFSPorson(0)/m/n/10 Τὸ γὰρ ΑΒ τοῦ ΓΔ >ήτοι μεῖζόν ἐστιν >ὴ >έλασσον.
 []


Underfull \hbox (badness 10000) in paragraph at lines 7425--7426

 []


Underfull \hbox (badness 10000) in paragraph at lines 7425--7426

 []


Underfull \hbox (badness 10000) in paragraph at lines 7425--7426

 []


Underfull \hbox (badness 10000) in paragraph at lines 7425--7426

 []


Underfull \hbox (badness 10000) in paragraph at lines 7425--7426

 []


Underfull \hbox (badness 10000) in paragraph at lines 7425--7426

 []


Underfull \hbox (badness 10000) in paragraph at lines 7425--7426

 []


Underfull \hbox (badness 10000) in paragraph at lines 7425--7426

 []


Underfull \hbox (badness 10000) in paragraph at lines 7425--7426

 []


Underfull \hbox (badness 10000) in paragraph at lines 7425--7426

 []


Underfull \hbox (badness 10000) in paragraph at lines 7425--7426

 []


Underfull \hbox (badness 10000) in paragraph at lines 7425--7426

 []


Underfull \hbox (badness 10000) in paragraph at lines 7425--7426

 []


Underfull \hbox (badness 10000) in paragraph at lines 7425--7426

 []

File: Book10/fig071g.eps Graphic file (type eps)
<Book10/fig071g.eps>
Missing character: There is no O (U+004F) in font GFSPorson-Regular/OT:script=g
rek;language=dflt;mapping=tex-text;!
Missing character: There is no m (U+006D) in font GFSPorson-Regular/OT:script=g
rek;language=dflt;mapping=tex-text;!
Missing character: There is no o (U+006F) in font GFSPorson-Regular/OT:script=g
rek;language=dflt;mapping=tex-text;!
Missing character: There is no i (U+0069) in font GFSPorson-Regular/OT:script=g
rek;language=dflt;mapping=tex-text;!
Missing character: There is no w (U+0077) in font GFSPorson-Regular/OT:script=g
rek;language=dflt;mapping=tex-text;!
Missing character: There is no c (U+0063) in font GFSPorson-Regular/OT:script=g
rek;language=dflt;mapping=tex-text;!
Missing character: There is no d (U+0064) in font GFSPorson-Regular/OT:script=g
rek;language=dflt;mapping=tex-text;!
Missing character: There is no h (U+0068) in font GFSPorson-Regular/OT:script=g
rek;language=dflt;mapping=tex-text;!
Missing character: There is no d (U+0064) in font GFSPorson-Regular/OT:script=g
rek;language=dflt;mapping=tex-text;!
Missing character: There is no e (U+0065) in font GFSPorson-Regular/OT:script=g
rek;language=dflt;mapping=tex-text;!
Missing character: There is no i (U+0069) in font GFSPorson-Regular/OT:script=g
rek;language=dflt;mapping=tex-text;!
Missing character: There is no x (U+0078) in font GFSPorson-Regular/OT:script=g
rek;language=dflt;mapping=tex-text;!
Missing character: There is no o (U+006F) in font GFSPorson-Regular/OT:script=g
rek;language=dflt;mapping=tex-text;!
Missing character: There is no m (U+006D) in font GFSPorson-Regular/OT:script=g
rek;language=dflt;mapping=tex-text;!
Missing character: There is no e (U+0065) in font GFSPorson-Regular/OT:script=g
rek;language=dflt;mapping=tex-text;!
Missing character: There is no n (U+006E) in font GFSPorson-Regular/OT:script=g
rek;language=dflt;mapping=tex-text;!
Missing character: There is no o (U+006F) in font GFSPorson-Regular/OT:script=g
rek;language=dflt;mapping=tex-text;!
Missing character: There is no t (U+0074) in font GFSPorson-Regular/OT:script=g
rek;language=dflt;mapping=tex-text;!
Missing character: There is no i (U+0069) in font GFSPorson-Regular/OT:script=g
rek;language=dflt;mapping=tex-text;!
Missing character: There is no k (U+006B) in font GFSPorson-Regular/OT:script=g
rek;language=dflt;mapping=tex-text;!
Missing character: There is no a (U+0061) in font GFSPorson-Regular/OT:script=g
rek;language=dflt;mapping=tex-text;!
Missing character: There is no n (U+006E) in font GFSPorson-Regular/OT:script=g
rek;language=dflt;mapping=tex-text;!
Missing character: There is no e (U+0065) in font GFSPorson-Regular/OT:script=g
rek;language=dflt;mapping=tex-text;!
Missing character: There is no l (U+006C) in font GFSPorson-Regular/OT:script=g
rek;language=dflt;mapping=tex-text;!
Missing character: There is no a (U+0061) in font GFSPorson-Regular/OT:script=g
rek;language=dflt;mapping=tex-text;!
Missing character: There is no t (U+0074) in font GFSPorson-Regular/OT:script=g
rek;language=dflt;mapping=tex-text;!
Missing character: There is no t (U+0074) in font GFSPorson-Regular/OT:script=g
rek;language=dflt;mapping=tex-text;!
Missing character: There is no o (U+006F) in font GFSPorson-Regular/OT:script=g
rek;language=dflt;mapping=tex-text;!
Missing character: There is no n (U+006E) in font GFSPorson-Regular/OT:script=g
rek;language=dflt;mapping=tex-text;!
Missing character: There is no h (U+0068) in font GFSPorson-Regular/OT:script=g
rek;language=dflt;mapping=tex-text;!
Missing character: There is no t (U+0074) in font GFSPorson-Regular/OT:script=g
rek;language=dflt;mapping=tex-text;!
Missing character: There is no o (U+006F) in font GFSPorson-Regular/OT:script=g
rek;language=dflt;mapping=tex-text;!
Missing character: There is no A (U+0041) in font GFSPorson-Regular/OT:script=g
rek;language=dflt;mapping=tex-text;!
Missing character: There is no B (U+0042) in font GFSPorson-Regular/OT:script=g
rek;language=dflt;mapping=tex-text;!
Missing character: There is no t (U+0074) in font GFSPorson-Regular/OT:script=g
rek;language=dflt;mapping=tex-text;!
Missing character: There is no o (U+006F) in font GFSPorson-Regular/OT:script=g
rek;language=dflt;mapping=tex-text;!
Missing character: There is no u (U+0075) in font GFSPorson-Regular/OT:script=g
rek;language=dflt;mapping=tex-text;!
Missing character: There is no G (U+0047) in font GFSPorson-Regular/OT:script=g
rek;language=dflt;mapping=tex-text;!
Missing character: There is no D (U+0044) in font GFSPorson-Regular/OT:script=g
rek;language=dflt;mapping=tex-text;!
Missing character: There is no h (U+0068) in font GFSPorson-Regular/OT:script=g
rek;language=dflt;mapping=tex-text;!
Missing character: There is no t (U+0074) in font GFSPorson-Regular/OT:script=g
rek;language=dflt;mapping=tex-text;!
Missing character: There is no o (U+006F) in font GFSPorson-Regular/OT:script=g
rek;language=dflt;mapping=tex-text;!
Missing character: There is no A (U+0041) in font GFSPorson-Regular/OT:script=g
rek;language=dflt;mapping=tex-text;!
Missing character: There is no D (U+0044) in font GFSPorson-Regular/OT:script=g
rek;language=dflt;mapping=tex-text;!
Missing character: There is no q (U+0071) in font GFSPorson-Regular/OT:script=g
rek;language=dflt;mapping=tex-text;!
Missing character: There is no w (U+0077) in font GFSPorson-Regular/OT:script=g
rek;language=dflt;mapping=tex-text;!
Missing character: There is no r (U+0072) in font GFSPorson-Regular/OT:script=g
rek;language=dflt;mapping=tex-text;!
Missing character: There is no i (U+0069) in font GFSPorson-Regular/OT:script=g
rek;language=dflt;mapping=tex-text;!
Missing character: There is no o (U+006F) in font GFSPorson-Regular/OT:script=g
rek;language=dflt;mapping=tex-text;!
Missing character: There is no n (U+006E) in font GFSPorson-Regular/OT:script=g
rek;language=dflt;mapping=tex-text;!
Missing character: There is no d (U+0064) in font GFSPorson-Regular/OT:script=g
rek;language=dflt;mapping=tex-text;!
Missing character: There is no u (U+0075) in font GFSPorson-Regular/OT:script=g
rek;language=dflt;mapping=tex-text;!
Missing character: There is no n (U+006E) in font GFSPorson-Regular/OT:script=g
rek;language=dflt;mapping=tex-text;!
Missing character: There is no a (U+0061) in font GFSPorson-Regular/OT:script=g
rek;language=dflt;mapping=tex-text;!
Missing character: There is no m (U+006D) in font GFSPorson-Regular/OT:script=g
rek;language=dflt;mapping=tex-text;!
Missing character: There is no e (U+0065) in font GFSPorson-Regular/OT:script=g
rek;language=dflt;mapping=tex-text;!
Missing character: There is no n (U+006E) in font GFSPorson-Regular/OT:script=g
rek;language=dflt;mapping=tex-text;!
Missing character: There is no h (U+0068) in font GFSPorson-Regular/OT:script=g
rek;language=dflt;mapping=tex-text;!
Missing character: There is no h (U+0068) in font GFSPorson-Regular/OT:script=g
rek;language=dflt;mapping=tex-text;!
Missing character: There is no e (U+0065) in font GFSPorson-Regular/OT:script=g
rek;language=dflt;mapping=tex-text;!
Missing character: There is no k (U+006B) in font GFSPorson-Regular/OT:script=g
rek;language=dflt;mapping=tex-text;!
Missing character: There is no d (U+0064) in font GFSPorson-Regular/OT:script=g
rek;language=dflt;mapping=tex-text;!
Missing character: There is no u (U+0075) in font GFSPorson-Regular/OT:script=g
rek;language=dflt;mapping=tex-text;!
Missing character: There is no o (U+006F) in font GFSPorson-Regular/OT:script=g
rek;language=dflt;mapping=tex-text;!
Missing character: There is no m (U+006D) in font GFSPorson-Regular/OT:script=g
rek;language=dflt;mapping=tex-text;!
Missing character: There is no e (U+0065) in font GFSPorson-Regular/OT:script=g
rek;language=dflt;mapping=tex-text;!
Missing character: There is no s (U+0073) in font GFSPorson-Regular/OT:script=g
rek;language=dflt;mapping=tex-text;!
Missing character: There is no w (U+0077) in font GFSPorson-Regular/OT:script=g
rek;language=dflt;mapping=tex-text;!
Missing character: There is no n (U+006E) in font GFSPorson-Regular/OT:script=g
rek;language=dflt;mapping=tex-text;!
Missing character: There is no d (U+0064) in font GFSPorson-Regular/OT:script=g
rek;language=dflt;mapping=tex-text;!
Missing character: There is no e (U+0065) in font GFSPorson-Regular/OT:script=g
rek;language=dflt;mapping=tex-text;!
Missing character: There is no u (U+0075) in font GFSPorson-Regular/OT:script=g
rek;language=dflt;mapping=tex-text;!
Missing character: There is no t (U+0074) in font GFSPorson-Regular/OT:script=g
rek;language=dflt;mapping=tex-text;!
Missing character: There is no e (U+0065) in font GFSPorson-Regular/OT:script=g
rek;language=dflt;mapping=tex-text;!
Missing character: There is no r (U+0072) in font GFSPorson-Regular/OT:script=g
rek;language=dflt;mapping=tex-text;!
Missing character: There is no a (U+0061) in font GFSPorson-Regular/OT:script=g
rek;language=dflt;mapping=tex-text;!
Missing character: There is no e (U+0065) in font GFSPorson-Regular/OT:script=g
rek;language=dflt;mapping=tex-text;!
Missing character: There is no s (U+0073) in font GFSPorson-Regular/OT:script=g
rek;language=dflt;mapping=tex-text;!
Missing character: There is no t (U+0074) in font GFSPorson-Regular/OT:script=g
rek;language=dflt;mapping=tex-text;!
Missing character: There is no i (U+0069) in font GFSPorson-Regular/OT:script=g
rek;language=dflt;mapping=tex-text;!
Missing character: There is no n (U+006E) in font GFSPorson-Regular/OT:script=g
rek;language=dflt;mapping=tex-text;!
Missing character: There is no h (U+0068) in font GFSPorson-Regular/OT:script=g
rek;language=dflt;mapping=tex-text;!
Missing character: There is no t (U+0074) in font GFSPorson-Regular/OT:script=g
rek;language=dflt;mapping=tex-text;!
Missing character: There is no o (U+006F) in font GFSPorson-Regular/OT:script=g
rek;language=dflt;mapping=tex-text;!
Missing character: There is no i (U+0069) in font GFSPorson-Regular/OT:script=g
rek;language=dflt;mapping=tex-text;!
Missing character: There is no d (U+0064) in font GFSPorson-Regular/OT:script=g
rek;language=dflt;mapping=tex-text;!
Missing character: There is no u (U+0075) in font GFSPorson-Regular/OT:script=g
rek;language=dflt;mapping=tex-text;!
Missing character: There is no o (U+006F) in font GFSPorson-Regular/OT:script=g
rek;language=dflt;mapping=tex-text;!
Missing character: There is no m (U+006D) in font GFSPorson-Regular/OT:script=g
rek;language=dflt;mapping=tex-text;!
Missing character: There is no e (U+0065) in font GFSPorson-Regular/OT:script=g
rek;language=dflt;mapping=tex-text;!
Missing character: There is no s (U+0073) in font GFSPorson-Regular/OT:script=g
rek;language=dflt;mapping=tex-text;!
Missing character: There is no a (U+0061) in font GFSPorson-Regular/OT:script=g
rek;language=dflt;mapping=tex-text;!
Missing character: There is no d (U+0064) in font GFSPorson-Regular/OT:script=g
rek;language=dflt;mapping=tex-text;!
Missing character: There is no u (U+0075) in font GFSPorson-Regular/OT:script=g
rek;language=dflt;mapping=tex-text;!
Missing character: There is no n (U+006E) in font GFSPorson-Regular/OT:script=g
rek;language=dflt;mapping=tex-text;!
Missing character: There is no a (U+0061) in font GFSPorson-Regular/OT:script=g
rek;language=dflt;mapping=tex-text;!
Missing character: There is no m (U+006D) in font GFSPorson-Regular/OT:script=g
rek;language=dflt;mapping=tex-text;!
Missing character: There is no e (U+0065) in font GFSPorson-Regular/OT:script=g
rek;language=dflt;mapping=tex-text;!
Missing character: There is no n (U+006E) in font GFSPorson-Regular/OT:script=g
rek;language=dflt;mapping=tex-text;!
Missing character: There is no h (U+0068) in font GFSPorson-Regular/OT:script=g
rek;language=dflt;mapping=tex-text;!

Overfull \hbox (13.99303pt too wide) in paragraph at lines 7436--7437
[]\TU/GFSPorson(0)/m/n/10 Δύο >άρα μέσων ἀσυμμέτρων ἀλλήλοιξ συντιθεμένων
 []


Underfull \hbox (badness 10000) in paragraph at lines 7436--7437

 []


Overfull \hbox (6.87234pt too wide) in paragraph at lines 7456--7456
\TU/GFSPorson(0)/m/n/10 παραβαλλόμενον πλάτοξ ποιεῖ τὴν ἐκ δύο ὀνομάτων
 []


Overfull \hbox (7.976pt too wide) in paragraph at lines 7456--7456
\TU/GFSPorson(0)/m/n/10 καὶ μέσον δυναμένηξ παρὰ <ρητὴν παραβαλλόμενον
 []


Overfull \hbox (6.87234pt too wide) in paragraph at lines 7456--7456
\TU/GFSPorson(0)/m/n/10 παραβαλλόμενον πλάτοξ ποιεῖ τὴν ἐκ δύο ὀνομάτων
 []

File: Book10/fig071e.eps Graphic file (type eps)
<Book10/fig071e.eps>

Underfull \hbox (badness 10000) in paragraph at lines 7516--7519

 []


Overfull \vbox (14.65388pt too high) detected at line 7540
 []


Overfull \vbox (295.51747pt too high) detected at line 7540
 []


Overfull \vbox (296.52121pt too high) detected at line 7540
 []




Package fancyhdr Warning: \headheight is too small (0.0pt): 
(fancyhdr)                Make it at least 14.0pt, for example:
(fancyhdr)                \setlength{\headheight}{14.0pt}.
(fancyhdr)                You might also make \topmargin smaller:
(fancyhdr)                \addtolength{\topmargin}{-14.0pt}.

[512]


Package fancyhdr Warning: \headheight is too small (0.0pt): 
(fancyhdr)                Make it at least 14.0pt, for example:
(fancyhdr)                \setlength{\headheight}{14.0pt}.
(fancyhdr)                You might also make \topmargin smaller:
(fancyhdr)                \addtolength{\topmargin}{-14.0pt}.

[513]


Package fancyhdr Warning: \headheight is too small (0.0pt): 
(fancyhdr)                Make it at least 14.0pt, for example:
(fancyhdr)                \setlength{\headheight}{14.0pt}.
(fancyhdr)                You might also make \topmargin smaller:
(fancyhdr)                \addtolength{\topmargin}{-14.0pt}.

[514]
Underfull \hbox (badness 10000) in paragraph at lines 7553--7554

 []


Underfull \hbox (badness 10000) in paragraph at lines 7553--7554

 []

File: Book10/fig073g.eps Graphic file (type eps)
<Book10/fig073g.eps>
File: Book10/fig073e.eps Graphic file (type eps)
<Book10/fig073e.eps>

Overfull \vbox (14.65388pt too high) detected at line 7602
 []


Overfull \vbox (30.52747pt too high) detected at line 7602
 []


Overfull \vbox (31.5312pt too high) detected at line 7602
 []


Overfull \hbox (13.85127pt too wide) in paragraph at lines 7617--7618
\TU/GFSPorson(0)/m/n/10 <ρητὸν περιέθουσα, ἡ λοιπὴ >άλογόξ ἐστιν; καλείσθω
 []


Underfull \hbox (badness 10000) in paragraph at lines 7617--7618

 []


Underfull \hbox (badness 10000) in paragraph at lines 7617--7618

 []


Underfull \hbox (badness 10000) in paragraph at lines 7617--7618

 []

File: Book10/fig073g.eps Graphic file (type eps)
<Book10/fig073g.eps>
File: Book10/fig073e.eps Graphic file (type eps)
<Book10/fig073e.eps>

Overfull \vbox (14.65388pt too high) detected at line 7668
 []


Overfull \vbox (30.52747pt too high) detected at line 7668
 []


Overfull \vbox (31.5312pt too high) detected at line 7668
 []




Package fancyhdr Warning: \headheight is too small (0.0pt): 
(fancyhdr)                Make it at least 14.0pt, for example:
(fancyhdr)                \setlength{\headheight}{14.0pt}.
(fancyhdr)                You might also make \topmargin smaller:
(fancyhdr)                \addtolength{\topmargin}{-14.0pt}.

[515]
Overfull \hbox (7.22923pt too wide) in paragraph at lines 7683--7684
\TU/GFSPorson(0)/m/n/10 μέσον περιέθουσα, ἡ λοιπὴ >άλογόξ ἐστιν; καλείσθω
 []


Underfull \hbox (badness 10000) in paragraph at lines 7689--7690

 []


Underfull \hbox (badness 10000) in paragraph at lines 7689--7690

 []


Underfull \hbox (badness 10000) in paragraph at lines 7689--7690

 []


Underfull \hbox (badness 10000) in paragraph at lines 7689--7690

 []


Underfull \hbox (badness 10000) in paragraph at lines 7689--7690

 []

File: Book10/fig075g.eps Graphic file (type eps)
<Book10/fig075g.eps>
File: Book10/fig075e.eps Graphic file (type eps)
<Book10/fig075e.eps>

Overfull \vbox (14.65388pt too high) detected at line 7779
 []


Overfull \vbox (246.33372pt too high) detected at line 7779
 []


Overfull \vbox (247.33746pt too high) detected at line 7779
 []




Package fancyhdr Warning: \headheight is too small (0.0pt): 
(fancyhdr)                Make it at least 14.0pt, for example:
(fancyhdr)                \setlength{\headheight}{14.0pt}.
(fancyhdr)                You might also make \topmargin smaller:
(fancyhdr)                \addtolength{\topmargin}{-14.0pt}.

[516]


Package fancyhdr Warning: \headheight is too small (0.0pt): 
(fancyhdr)                Make it at least 14.0pt, for example:
(fancyhdr)                \setlength{\headheight}{14.0pt}.
(fancyhdr)                You might also make \topmargin smaller:
(fancyhdr)                \addtolength{\topmargin}{-14.0pt}.

[517]
Overfull \hbox (6.59734pt too wide) in paragraph at lines 7795--7796
[]\TU/GFSPorson(0)/m/n/10 Ἐὰν ἀπὸ εὐθείαξ εὐθεῖα ἀφαιρεθὴ| δυνάμει ἀσύμμετ-
 []


Underfull \hbox (badness 10000) in paragraph at lines 7795--7796

 []


Underfull \hbox (badness 10000) in paragraph at lines 7795--7796

 []

File: Book10/fig073g.eps Graphic file (type eps)
<Book10/fig073g.eps>
File: Book10/fig073e.eps Graphic file (type eps)
<Book10/fig073e.eps>

Overfull \vbox (14.65388pt too high) detected at line 7841
 []


Overfull \vbox (30.52747pt too high) detected at line 7841
 []


Overfull \vbox (31.5312pt too high) detected at line 7841
 []




Package fancyhdr Warning: \headheight is too small (0.0pt): 
(fancyhdr)                Make it at least 14.0pt, for example:
(fancyhdr)                \setlength{\headheight}{14.0pt}.
(fancyhdr)                You might also make \topmargin smaller:
(fancyhdr)                \addtolength{\topmargin}{-14.0pt}.

[518]
Overfull \hbox (6.59734pt too wide) in paragraph at lines 7858--7859
[]\TU/GFSPorson(0)/m/n/10 Ἐὰν ἀπὸ εὐθείαξ εὐθεῖα ἀφαιρεθῆ| δυνάμει ἀσύμμετ-
 []


Underfull \hbox (badness 10000) in paragraph at lines 7858--7859

 []

File: Book10/fig073g.eps Graphic file (type eps)
<Book10/fig073g.eps>
File: Book10/fig073e.eps Graphic file (type eps)
<Book10/fig073e.eps>

Overfull \vbox (14.65388pt too high) detected at line 7908
 []


Overfull \vbox (31.5312pt too high) detected at line 7908
 []


Overfull \vbox (30.52747pt too high) detected at line 7908
 []


Underfull \hbox (badness 10000) in paragraph at lines 7926--7927

 []


Underfull \hbox (badness 10000) in paragraph at lines 7926--7927

 []

File: Book10/fig078g.eps Graphic file (type eps)
<Book10/fig078g.eps>
File: Book10/fig078e.eps Graphic file (type eps)
<Book10/fig078e.eps>

Overfull \vbox (14.65388pt too high) detected at line 8005
 []


Overfull \vbox (247.33746pt too high) detected at line 8005
 []


Overfull \vbox (246.33372pt too high) detected at line 8005
 []




Package fancyhdr Warning: \headheight is too small (0.0pt): 
(fancyhdr)                Make it at least 14.0pt, for example:
(fancyhdr)                \setlength{\headheight}{14.0pt}.
(fancyhdr)                You might also make \topmargin smaller:
(fancyhdr)                \addtolength{\topmargin}{-14.0pt}.

[519]


Package fancyhdr Warning: \headheight is too small (0.0pt): 
(fancyhdr)                Make it at least 14.0pt, for example:
(fancyhdr)                \setlength{\headheight}{14.0pt}.
(fancyhdr)                You might also make \topmargin smaller:
(fancyhdr)                \addtolength{\topmargin}{-14.0pt}.

[520]
Underfull \hbox (badness 10000) in paragraph at lines 8019--8020

 []

File: Book10/fig079g.eps Graphic file (type eps)
<Book10/fig079g.eps>
File: Book10/fig079e.eps Graphic file (type eps)
<Book10/fig079e.eps>

Overfull \vbox (14.65388pt too high) detected at line 8084
 []


Overfull \vbox (31.5312pt too high) detected at line 8084
 []


Overfull \vbox (30.52747pt too high) detected at line 8084
 []


Overfull \hbox (0.3313pt too wide) in paragraph at lines 8101--8102
[]\TU/GFSPorson(0)/m/n/10 Τῆ| μέσηξ ἀποτομῆ| πρώτῃ μία μόνον προσαρμόζει
 []


Underfull \hbox (badness 10000) in paragraph at lines 8101--8102

 []

File: Book10/fig079g.eps Graphic file (type eps)
<Book10/fig079g.eps>

Overfull \hbox (0.51794pt too wide) in paragraph at lines 8129--8129
\TU/GFSPorson(0)/m/n/10 προσαρμόζει εὐθεῖα μέση δυνάμει μόνον σύμμετροξ
 []

File: Book10/fig079e.eps Graphic file (type eps)
<Book10/fig079e.eps>

Overfull \vbox (14.65388pt too high) detected at line 8177
 []


Overfull \vbox (31.5312pt too high) detected at line 8177
 []


Overfull \vbox (30.52747pt too high) detected at line 8177
 []




Package fancyhdr Warning: \headheight is too small (0.0pt): 
(fancyhdr)                Make it at least 14.0pt, for example:
(fancyhdr)                \setlength{\headheight}{14.0pt}.
(fancyhdr)                You might also make \topmargin smaller:
(fancyhdr)                \addtolength{\topmargin}{-14.0pt}.

[521]
Overfull \hbox (4.52232pt too wide) in paragraph at lines 8194--8195
[]\TU/GFSPorson(0)/m/n/10 Τῆ| μέσηξ ἀποτομῆ| δευτέρᾳ μία μόνον προσαρμόζει
 []


Underfull \hbox (badness 10000) in paragraph at lines 8194--8195

 []

File: Book10/fig081g.eps Graphic file (type eps)
<Book10/fig081g.eps>

Overfull \hbox (2.13496pt too wide) in paragraph at lines 8203--8204
\TU/GFSPorson(0)/m/n/10 προσαρμόσει εὐθεῖα μέση δυνάμει μόνον σύμμετροξ
 []


Overfull \hbox (13.1314pt too wide) in paragraph at lines 8203--8204
\TU/GFSPorson(0)/m/n/10 ο>ῦσα τῆ| <όλῃ, μετὰ δὲ τῆξ <όληξ μέσον περιέθουσα. 
 []


Overfull \hbox (0.51794pt too wide) in paragraph at lines 8249--8249
\TU/GFSPorson(0)/m/n/10 προσαρμόζει εὐθεῖα μέση δυνάμει μόνον σύμμετροξ
 []


Overfull \hbox (13.3734pt too wide) in paragraph at lines 8249--8249
\TU/GFSPorson(0)/m/n/10 ο>ῦσα τῆ| <όλῃ, μετὰ δὲ τῆξ <όληξ μέσον περιέθουσα;
 []

File: Book10/fig081e.eps Graphic file (type eps)
<Book10/fig081e.eps>

Overfull \vbox (14.65388pt too high) detected at line 8323
 []


Overfull \vbox (247.33746pt too high) detected at line 8323
 []


Overfull \vbox (246.33372pt too high) detected at line 8323
 []




Package fancyhdr Warning: \headheight is too small (0.0pt): 
(fancyhdr)                Make it at least 14.0pt, for example:
(fancyhdr)                \setlength{\headheight}{14.0pt}.
(fancyhdr)                You might also make \topmargin smaller:
(fancyhdr)                \addtolength{\topmargin}{-14.0pt}.

[522]


Package fancyhdr Warning: \headheight is too small (0.0pt): 
(fancyhdr)                Make it at least 14.0pt, for example:
(fancyhdr)                \setlength{\headheight}{14.0pt}.
(fancyhdr)                You might also make \topmargin smaller:
(fancyhdr)                \addtolength{\topmargin}{-14.0pt}.

[523]
Overfull \hbox (2.97832pt too wide) in paragraph at lines 8341--8342
[]\TU/GFSPorson(0)/m/n/10 Τῆ| ἐλάσσονι μία μόνον προσαρμόζει εὐθεῖα δυνάμει
 []


Underfull \hbox (badness 10000) in paragraph at lines 8341--8342

 []

File: Book10/fig079g.eps Graphic file (type eps)
<Book10/fig079g.eps>

Overfull \hbox (9.81197pt too wide) in paragraph at lines 8350--8351
[]\TU/GFSPorson(0)/m/n/10 >’Εστω ἡ ἐλάσσων ἡ ΑΒ, καὶ τῆ| ΑΒ προσαρμόζουσα
 []

File: Book10/fig079e.eps Graphic file (type eps)
<Book10/fig079e.eps>

Overfull \vbox (14.65388pt too high) detected at line 8406
 []


Overfull \vbox (31.5312pt too high) detected at line 8406
 []


Overfull \vbox (30.52747pt too high) detected at line 8406
 []




Package fancyhdr Warning: \headheight is too small (0.0pt): 
(fancyhdr)                Make it at least 14.0pt, for example:
(fancyhdr)                \setlength{\headheight}{14.0pt}.
(fancyhdr)                You might also make \topmargin smaller:
(fancyhdr)                \addtolength{\topmargin}{-14.0pt}.

[524]
Underfull \hbox (badness 10000) in paragraph at lines 8423--8424

 []


Underfull \hbox (badness 10000) in paragraph at lines 8423--8424

 []

File: Book10/fig079g.eps Graphic file (type eps)
<Book10/fig079g.eps>

Overfull \hbox (12.77956pt too wide) in paragraph at lines 8431--8432
\TU/GFSPorson(0)/m/n/10 προκείμενα; λέγω, <ότι τῆ| ΑΒ ἑτέρα οὐ προσαρμόσει
 []

File: Book10/fig079e.eps Graphic file (type eps)
<Book10/fig079e.eps>

Overfull \vbox (14.65388pt too high) detected at line 8488
 []


Overfull \vbox (30.52747pt too high) detected at line 8488
 []


Overfull \vbox (31.5312pt too high) detected at line 8488
 []




Package fancyhdr Warning: \headheight is too small (0.0pt): 
(fancyhdr)                Make it at least 14.0pt, for example:
(fancyhdr)                \setlength{\headheight}{14.0pt}.
(fancyhdr)                You might also make \topmargin smaller:
(fancyhdr)                \addtolength{\topmargin}{-14.0pt}.

[525]
Overfull \hbox (13.04741pt too wide) in paragraph at lines 8505--8506
\TU/GFSPorson(0)/m/n/10 μέσον τό τε δὶξ ὑπ> αὐτῶν μέσον καὶ >έτι ἀσύμμετρον
 []


Overfull \hbox (19.4908pt too wide) in paragraph at lines 8510--8511
\TU/GFSPorson(0)/m/n/10 προειρημένα. λέγω, <ότι τῆ| ΑΒ ἑτέρα οὐ προσαρμόσει
 []


Underfull \hbox (badness 10000) in paragraph at lines 8510--8511

 []


Underfull \hbox (badness 10000) in paragraph at lines 8510--8511

 []


Underfull \hbox (badness 10000) in paragraph at lines 8510--8511

 []


Underfull \hbox (badness 10000) in paragraph at lines 8510--8511

 []

File: Book10/fig081g.eps Graphic file (type eps)
<Book10/fig081g.eps>

Overfull \hbox (15.37115pt too wide) in paragraph at lines 8566--8570
\TU/TimesNewRoman(0)/m/n/10 filling the (other) aforementioned (conditions) [Pr
op. 10.78].
 []

File: Book10/fig081e.eps Graphic file (type eps)
<Book10/fig081e.eps>

Overfull \vbox (14.65388pt too high) detected at line 8608
 []


Overfull \vbox (246.33372pt too high) detected at line 8608
 []


Overfull \vbox (247.33746pt too high) detected at line 8608
 []




Package fancyhdr Warning: \headheight is too small (0.0pt): 
(fancyhdr)                Make it at least 14.0pt, for example:
(fancyhdr)                \setlength{\headheight}{14.0pt}.
(fancyhdr)                You might also make \topmargin smaller:
(fancyhdr)                \addtolength{\topmargin}{-14.0pt}.

[526]


Package fancyhdr Warning: \headheight is too small (0.0pt): 
(fancyhdr)                Make it at least 14.0pt, for example:
(fancyhdr)                \setlength{\headheight}{14.0pt}.
(fancyhdr)                You might also make \topmargin smaller:
(fancyhdr)                \addtolength{\topmargin}{-14.0pt}.

[527]
Overfull \hbox (5.75397pt too wide) in paragraph at lines 8628--8631
\TU/GFSPorson(0)/m/n/10 προσαρμοζούσηξ μεῖζον δύνηται τῶ| ἀπὸ συμμέτρου
 []


Overfull \hbox (5.30666pt too wide) in paragraph at lines 8632--8635
\TU/GFSPorson(0)/m/n/10 μεῖζον δύνηται τῶ| ἀπὸ συμμέτρου ἑαυτῆ|, καλείσθω
 []




Package fancyhdr Warning: \headheight is too small (0.0pt): 
(fancyhdr)                Make it at least 14.0pt, for example:
(fancyhdr)                \setlength{\headheight}{14.0pt}.
(fancyhdr)                You might also make \topmargin smaller:
(fancyhdr)                \addtolength{\topmargin}{-14.0pt}.

[528]
File: Book10/fig085g.eps Graphic file (type eps)
<Book10/fig085g.eps>
File: Book10/fig085e.eps Graphic file (type eps)
<Book10/fig085e.eps>

Overfull \vbox (14.65388pt too high) detected at line 8784
 []


Overfull \vbox (88.74495pt too high) detected at line 8784
 []


Overfull \vbox (87.74121pt too high) detected at line 8784
 []




Package fancyhdr Warning: \headheight is too small (0.0pt): 
(fancyhdr)                Make it at least 14.0pt, for example:
(fancyhdr)                \setlength{\headheight}{14.0pt}.
(fancyhdr)                You might also make \topmargin smaller:
(fancyhdr)                \addtolength{\topmargin}{-14.0pt}.

[529]
Underfull \hbox (badness 10000) in paragraph at lines 8811--8812

 []


Underfull \hbox (badness 10000) in paragraph at lines 8811--8812

 []


Underfull \hbox (badness 10000) in paragraph at lines 8811--8812

 []


Underfull \hbox (badness 10000) in paragraph at lines 8811--8812

 []

File: Book10/fig086g.eps Graphic file (type eps)
<Book10/fig086g.eps>
File: Book10/fig086e.eps Graphic file (type eps)
<Book10/fig086e.eps>

Overfull \vbox (87.74121pt too high) detected at line 8876
 []


Overfull \vbox (88.74495pt too high) detected at line 8876
 []




Package fancyhdr Warning: \headheight is too small (0.0pt): 
(fancyhdr)                Make it at least 14.0pt, for example:
(fancyhdr)                \setlength{\headheight}{14.0pt}.
(fancyhdr)                You might also make \topmargin smaller:
(fancyhdr)                \addtolength{\topmargin}{-14.0pt}.

[530]
File: Book10/fig087g.eps Graphic file (type eps)
<Book10/fig087g.eps>

Overfull \hbox (14.96835pt too wide) in paragraph at lines 8921--8922
\TU/GFSPorson(0)/m/n/10 ἀλλήλουξ, <ὸν τετράγωνοξ ἀριθμὸξ πρὸξ τετράγωνον
 []

File: Book10/fig087e.eps Graphic file (type eps)
<Book10/fig087e.eps>

Overfull \vbox (14.65388pt too high) detected at line 9014
 []


Overfull \vbox (142.94745pt too high) detected at line 9014
 []


Overfull \vbox (141.94371pt too high) detected at line 9014
 []




Package fancyhdr Warning: \headheight is too small (0.0pt): 
(fancyhdr)                Make it at least 14.0pt, for example:
(fancyhdr)                \setlength{\headheight}{14.0pt}.
(fancyhdr)                You might also make \topmargin smaller:
(fancyhdr)                \addtolength{\topmargin}{-14.0pt}.

[531]


Package fancyhdr Warning: \headheight is too small (0.0pt): 
(fancyhdr)                Make it at least 14.0pt, for example:
(fancyhdr)                \setlength{\headheight}{14.0pt}.
(fancyhdr)                You might also make \topmargin smaller:
(fancyhdr)                \addtolength{\topmargin}{-14.0pt}.

[532]
File: Book10/fig088g.eps Graphic file (type eps)
<Book10/fig088g.eps>
File: Book10/fig088e.eps Graphic file (type eps)
<Book10/fig088e.eps>

Overfull \vbox (14.65388pt too high) detected at line 9114
 []


Overfull \vbox (88.74495pt too high) detected at line 9114
 []


Overfull \vbox (87.74121pt too high) detected at line 9114
 []




Package fancyhdr Warning: \headheight is too small (0.0pt): 
(fancyhdr)                Make it at least 14.0pt, for example:
(fancyhdr)                \setlength{\headheight}{14.0pt}.
(fancyhdr)                You might also make \topmargin smaller:
(fancyhdr)                \addtolength{\topmargin}{-14.0pt}.

[533]
File: Book10/fig089g.eps Graphic file (type eps)
<Book10/fig089g.eps>
File: Book10/fig089e.eps Graphic file (type eps)
<Book10/fig089e.eps>

Overfull \vbox (14.65388pt too high) detected at line 9214
 []


Overfull \vbox (88.74495pt too high) detected at line 9214
 []


Overfull \vbox (87.74121pt too high) detected at line 9214
 []




Package fancyhdr Warning: \headheight is too small (0.0pt): 
(fancyhdr)                Make it at least 14.0pt, for example:
(fancyhdr)                \setlength{\headheight}{14.0pt}.
(fancyhdr)                You might also make \topmargin smaller:
(fancyhdr)                \addtolength{\topmargin}{-14.0pt}.

[534]
Underfull \hbox (badness 10000) in paragraph at lines 9235--9236

 []

File: Book10/fig090g.eps Graphic file (type eps)
<Book10/fig090g.eps>
File: Book10/fig090e.eps Graphic file (type eps)
<Book10/fig090e.eps>

Overfull \vbox (141.94371pt too high) detected at line 9355
 []


Overfull \vbox (142.94745pt too high) detected at line 9355
 []




Package fancyhdr Warning: \headheight is too small (0.0pt): 
(fancyhdr)                Make it at least 14.0pt, for example:
(fancyhdr)                \setlength{\headheight}{14.0pt}.
(fancyhdr)                You might also make \topmargin smaller:
(fancyhdr)                \addtolength{\topmargin}{-14.0pt}.

[535]
Underfull \hbox (badness 10000) in paragraph at lines 9385--9386

 []


Underfull \hbox (badness 10000) in paragraph at lines 9385--9386

 []


Underfull \hbox (badness 10000) in paragraph at lines 9385--9386

 []


Underfull \hbox (badness 10000) in paragraph at lines 9385--9386

 []


Underfull \hbox (badness 10000) in paragraph at lines 9385--9386

 []

File: Book10/fig091g.eps Graphic file (type eps)
<Book10/fig091g.eps>

Overfull \hbox (0.10513pt too wide) in paragraph at lines 9448--9449
[]\TU/TimesNewRoman(0)/m/n/10 For let the area $\OML/cmm/m/it/10 AB$ \TU/TimesN
ewRoman(0)/m/n/10 be contained by the rational (straight-
 []

File: Book10/fig091e.eps Graphic file (type eps)
<Book10/fig091e.eps>

Overfull \vbox (14.65388pt too high) detected at line 9514
 []


Overfull \vbox (224.2512pt too high) detected at line 9514
 []


Overfull \vbox (223.24747pt too high) detected at line 9514
 []




Package fancyhdr Warning: \headheight is too small (0.0pt): 
(fancyhdr)                Make it at least 14.0pt, for example:
(fancyhdr)                \setlength{\headheight}{14.0pt}.
(fancyhdr)                You might also make \topmargin smaller:
(fancyhdr)                \addtolength{\topmargin}{-14.0pt}.

[536]


Package fancyhdr Warning: \headheight is too small (0.0pt): 
(fancyhdr)                Make it at least 14.0pt, for example:
(fancyhdr)                \setlength{\headheight}{14.0pt}.
(fancyhdr)                You might also make \topmargin smaller:
(fancyhdr)                \addtolength{\topmargin}{-14.0pt}.

[537]
Underfull \hbox (badness 10000) in paragraph at lines 9527--9528

 []

File: Book10/fig092g.eps Graphic file (type eps)
<Book10/fig092g.eps>
File: Book10/fig092e.eps Graphic file (type eps)
<Book10/fig092e.eps>

Overfull \hbox (0.10513pt too wide) in paragraph at lines 9604--9605
[]\TU/TimesNewRoman(0)/m/n/10 For let the area $\OML/cmm/m/it/10 AB$ \TU/TimesN
ewRoman(0)/m/n/10 be contained by the rational (straight-
 []


Overfull \vbox (14.65388pt too high) detected at line 9668
 []


Overfull \vbox (223.24747pt too high) detected at line 9668
 []


Overfull \vbox (224.2512pt too high) detected at line 9668
 []




Package fancyhdr Warning: \headheight is too small (0.0pt): 
(fancyhdr)                Make it at least 14.0pt, for example:
(fancyhdr)                \setlength{\headheight}{14.0pt}.
(fancyhdr)                You might also make \topmargin smaller:
(fancyhdr)                \addtolength{\topmargin}{-14.0pt}.

[538]


Package fancyhdr Warning: \headheight is too small (0.0pt): 
(fancyhdr)                Make it at least 14.0pt, for example:
(fancyhdr)                \setlength{\headheight}{14.0pt}.
(fancyhdr)                You might also make \topmargin smaller:
(fancyhdr)                \addtolength{\topmargin}{-14.0pt}.

[539]


Package fancyhdr Warning: \headheight is too small (0.0pt): 
(fancyhdr)                Make it at least 14.0pt, for example:
(fancyhdr)                \setlength{\headheight}{14.0pt}.
(fancyhdr)                You might also make \topmargin smaller:
(fancyhdr)                \addtolength{\topmargin}{-14.0pt}.

[540]
Underfull \hbox (badness 10000) in paragraph at lines 9688--9689

 []

File: Book10/fig093g.eps Graphic file (type eps)
<Book10/fig093g.eps>

Overfull \hbox (0.10513pt too wide) in paragraph at lines 9768--9771
[]\TU/TimesNewRoman(0)/m/n/10 For let the area $\OML/cmm/m/it/10 AB$ \TU/TimesN
ewRoman(0)/m/n/10 be contained by the rational (straight-
 []

File: Book10/fig093e.eps Graphic file (type eps)
<Book10/fig093e.eps>

Overfull \vbox (14.65388pt too high) detected at line 9849
 []


Overfull \vbox (224.2512pt too high) detected at line 9849
 []


Overfull \vbox (223.24747pt too high) detected at line 9849
 []




Package fancyhdr Warning: \headheight is too small (0.0pt): 
(fancyhdr)                Make it at least 14.0pt, for example:
(fancyhdr)                \setlength{\headheight}{14.0pt}.
(fancyhdr)                You might also make \topmargin smaller:
(fancyhdr)                \addtolength{\topmargin}{-14.0pt}.

[541]


Package fancyhdr Warning: \headheight is too small (0.0pt): 
(fancyhdr)                Make it at least 14.0pt, for example:
(fancyhdr)                \setlength{\headheight}{14.0pt}.
(fancyhdr)                You might also make \topmargin smaller:
(fancyhdr)                \addtolength{\topmargin}{-14.0pt}.

[542]
Underfull \hbox (badness 10000) in paragraph at lines 9887--9888

 []


Underfull \hbox (badness 10000) in paragraph at lines 9887--9888

 []


Underfull \hbox (badness 10000) in paragraph at lines 9887--9888

 []


Underfull \hbox (badness 10000) in paragraph at lines 9887--9888

 []


Underfull \hbox (badness 10000) in paragraph at lines 9887--9888

 []


Underfull \hbox (badness 10000) in paragraph at lines 9887--9888

 []


Underfull \hbox (badness 10000) in paragraph at lines 9887--9888

 []


Underfull \hbox (badness 10000) in paragraph at lines 9887--9888

 []


Underfull \hbox (badness 10000) in paragraph at lines 9887--9888

 []

File: Book10/fig093g.eps Graphic file (type eps)
<Book10/fig093g.eps>

Overfull \hbox (0.10513pt too wide) in paragraph at lines 9936--9939
[]\TU/TimesNewRoman(0)/m/n/10 For let the area $\OML/cmm/m/it/10 AB$ \TU/TimesN
ewRoman(0)/m/n/10 be contained by the rational (straight-
 []

File: Book10/fig093e.eps Graphic file (type eps)
<Book10/fig093e.eps>

Overfull \vbox (14.65388pt too high) detected at line 9996
 []


Overfull \vbox (223.24747pt too high) detected at line 9996
 []


Overfull \vbox (224.2512pt too high) detected at line 9996
 []




Package fancyhdr Warning: \headheight is too small (0.0pt): 
(fancyhdr)                Make it at least 14.0pt, for example:
(fancyhdr)                \setlength{\headheight}{14.0pt}.
(fancyhdr)                You might also make \topmargin smaller:
(fancyhdr)                \addtolength{\topmargin}{-14.0pt}.

[543]


Package fancyhdr Warning: \headheight is too small (0.0pt): 
(fancyhdr)                Make it at least 14.0pt, for example:
(fancyhdr)                \setlength{\headheight}{14.0pt}.
(fancyhdr)                You might also make \topmargin smaller:
(fancyhdr)                \addtolength{\topmargin}{-14.0pt}.

[544]
File: Book10/fig093g.eps Graphic file (type eps)
<Book10/fig093g.eps>
File: Book10/fig093e.eps Graphic file (type eps)
<Book10/fig093e.eps>

Overfull \hbox (0.10513pt too wide) in paragraph at lines 10067--10070
[]\TU/TimesNewRoman(0)/m/n/10 For let the area $\OML/cmm/m/it/10 AB$ \TU/TimesN
ewRoman(0)/m/n/10 be contained by the rational (straight-
 []


Overfull \vbox (14.65388pt too high) detected at line 10107
 []


Overfull \vbox (224.2512pt too high) detected at line 10107
 []


Overfull \vbox (223.24747pt too high) detected at line 10107
 []




Package fancyhdr Warning: \headheight is too small (0.0pt): 
(fancyhdr)                Make it at least 14.0pt, for example:
(fancyhdr)                \setlength{\headheight}{14.0pt}.
(fancyhdr)                You might also make \topmargin smaller:
(fancyhdr)                \addtolength{\topmargin}{-14.0pt}.

[545]


Package fancyhdr Warning: \headheight is too small (0.0pt): 
(fancyhdr)                Make it at least 14.0pt, for example:
(fancyhdr)                \setlength{\headheight}{14.0pt}.
(fancyhdr)                You might also make \topmargin smaller:
(fancyhdr)                \addtolength{\topmargin}{-14.0pt}.

[546]
Underfull \hbox (badness 10000) in paragraph at lines 10120--10121

 []

File: Book10/fig093g.eps Graphic file (type eps)
<Book10/fig093g.eps>

Overfull \hbox (31.90305pt too wide) in paragraph at lines 10145--10146
\TU/GFSPorson(0)/m/n/10 <ρητῆ| τῆ| ΑΓ μήκει, ἡ δὲ <όλη ἡ ΑΗ τῆξ προσαρμοζούσηξ
 []

File: Book10/fig093e.eps Graphic file (type eps)
<Book10/fig093e.eps>

Overfull \hbox (0.10513pt too wide) in paragraph at lines 10183--10186
[]\TU/TimesNewRoman(0)/m/n/10 For let the area $\OML/cmm/m/it/10 AB$ \TU/TimesN
ewRoman(0)/m/n/10 be contained by the rational (straight-
 []


Underfull \hbox (badness 10000) in paragraph at lines 10232--10232

 []


Overfull \vbox (14.65388pt too high) detected at line 10233
 []


Overfull \vbox (224.2512pt too high) detected at line 10233
 []


Overfull \vbox (223.24747pt too high) detected at line 10233
 []




Package fancyhdr Warning: \headheight is too small (0.0pt): 
(fancyhdr)                Make it at least 14.0pt, for example:
(fancyhdr)                \setlength{\headheight}{14.0pt}.
(fancyhdr)                You might also make \topmargin smaller:
(fancyhdr)                \addtolength{\topmargin}{-14.0pt}.

[547]
File: Book10/fig097g.eps Graphic file (type eps)
<Book10/fig097g.eps>

Overfull \hbox (3.9746pt too wide) in paragraph at lines 10279--10280
\TU/GFSPorson(0)/m/n/10 >άρα ΑΗ, ΗΒ <ρηταί εἰσι δυνάμει μόνον σύμμετροι.
 []


Overfull \hbox (20.86842pt too wide) in paragraph at lines 10303--10303
[]\TU/GFSPorson(0)/m/n/10 Τὸ >άρα ἀπὸ ἀποτομῆξ παρὰ <ρητὴν παραβαλλόμενον
 []

File: Book10/fig097e.eps Graphic file (type eps)
<Book10/fig097e.eps>

Overfull \vbox (14.65388pt too high) detected at line 10377
 []


Overfull \vbox (246.33372pt too high) detected at line 10377
 []


Overfull \vbox (246.33372pt too high) detected at line 10377
 []




Package fancyhdr Warning: \headheight is too small (0.0pt): 
(fancyhdr)                Make it at least 14.0pt, for example:
(fancyhdr)                \setlength{\headheight}{14.0pt}.
(fancyhdr)                You might also make \topmargin smaller:
(fancyhdr)                \addtolength{\topmargin}{-14.0pt}.

[548]


Package fancyhdr Warning: \headheight is too small (0.0pt): 
(fancyhdr)                Make it at least 14.0pt, for example:
(fancyhdr)                \setlength{\headheight}{14.0pt}.
(fancyhdr)                You might also make \topmargin smaller:
(fancyhdr)                \addtolength{\topmargin}{-14.0pt}.

[549]
Overfull \hbox (3.52863pt too wide) in paragraph at lines 10390--10391
\TU/GFSPorson(0)/m/n/10 παραβαλλόμενον πλάτοξ ποιεῖ ἀποτομὴν δευτέραν. 
 []


Underfull \hbox (badness 10000) in paragraph at lines 10417--10418

 []


Underfull \hbox (badness 10000) in paragraph at lines 10417--10418

 []


Underfull \hbox (badness 10000) in paragraph at lines 10417--10418

 []


Underfull \hbox (badness 10000) in paragraph at lines 10417--10418

 []


Underfull \hbox (badness 10000) in paragraph at lines 10417--10418

 []


Underfull \hbox (badness 10000) in paragraph at lines 10417--10418

 []


Underfull \hbox (badness 10000) in paragraph at lines 10417--10418

 []


Underfull \hbox (badness 10000) in paragraph at lines 10417--10418

 []


Underfull \hbox (badness 10000) in paragraph at lines 10417--10418

 []

File: Book10/fig097g.eps Graphic file (type eps)
<Book10/fig097g.eps>
File: Book10/fig097e.eps Graphic file (type eps)
<Book10/fig097e.eps>

Overfull \vbox (14.65388pt too high) detected at line 10519
 []


Overfull \vbox (246.33372pt too high) detected at line 10519
 []


Overfull \vbox (246.33372pt too high) detected at line 10519
 []




Package fancyhdr Warning: \headheight is too small (0.0pt): 
(fancyhdr)                Make it at least 14.0pt, for example:
(fancyhdr)                \setlength{\headheight}{14.0pt}.
(fancyhdr)                You might also make \topmargin smaller:
(fancyhdr)                \addtolength{\topmargin}{-14.0pt}.

[550]


Package fancyhdr Warning: \headheight is too small (0.0pt): 
(fancyhdr)                Make it at least 14.0pt, for example:
(fancyhdr)                \setlength{\headheight}{14.0pt}.
(fancyhdr)                You might also make \topmargin smaller:
(fancyhdr)                \addtolength{\topmargin}{-14.0pt}.

[551]
Underfull \hbox (badness 10000) in paragraph at lines 10536--10537

 []


Underfull \hbox (badness 10000) in paragraph at lines 10536--10537

 []

File: Book10/fig097g.eps Graphic file (type eps)
<Book10/fig097g.eps>
File: Book10/fig097e.eps Graphic file (type eps)
<Book10/fig097e.eps>

Overfull \vbox (14.65388pt too high) detected at line 10671
 []


Overfull \vbox (246.33372pt too high) detected at line 10671
 []


Overfull \vbox (246.33372pt too high) detected at line 10671
 []




Package fancyhdr Warning: \headheight is too small (0.0pt): 
(fancyhdr)                Make it at least 14.0pt, for example:
(fancyhdr)                \setlength{\headheight}{14.0pt}.
(fancyhdr)                You might also make \topmargin smaller:
(fancyhdr)                \addtolength{\topmargin}{-14.0pt}.

[552]


Package fancyhdr Warning: \headheight is too small (0.0pt): 
(fancyhdr)                Make it at least 14.0pt, for example:
(fancyhdr)                \setlength{\headheight}{14.0pt}.
(fancyhdr)                You might also make \topmargin smaller:
(fancyhdr)                \addtolength{\topmargin}{-14.0pt}.

[553]


Package fancyhdr Warning: \headheight is too small (0.0pt): 
(fancyhdr)                Make it at least 14.0pt, for example:
(fancyhdr)                \setlength{\headheight}{14.0pt}.
(fancyhdr)                You might also make \topmargin smaller:
(fancyhdr)                \addtolength{\topmargin}{-14.0pt}.

[554]
File: Book10/fig097g.eps Graphic file (type eps)
<Book10/fig097g.eps>
File: Book10/fig097e.eps Graphic file (type eps)
<Book10/fig097e.eps>

Overfull \vbox (14.65388pt too high) detected at line 10815
 []


Overfull \vbox (246.33372pt too high) detected at line 10815
 []


Overfull \vbox (246.33372pt too high) detected at line 10815
 []




Package fancyhdr Warning: \headheight is too small (0.0pt): 
(fancyhdr)                Make it at least 14.0pt, for example:
(fancyhdr)                \setlength{\headheight}{14.0pt}.
(fancyhdr)                You might also make \topmargin smaller:
(fancyhdr)                \addtolength{\topmargin}{-14.0pt}.

[555]


Package fancyhdr Warning: \headheight is too small (0.0pt): 
(fancyhdr)                Make it at least 14.0pt, for example:
(fancyhdr)                \setlength{\headheight}{14.0pt}.
(fancyhdr)                You might also make \topmargin smaller:
(fancyhdr)                \addtolength{\topmargin}{-14.0pt}.

[556]
Overfull \hbox (20.38808pt too wide) in paragraph at lines 10828--10829
\TU/GFSPorson(0)/m/n/10 παρὰ <ρητὴν παραβαλλόμενον πλάτοξ ποιεῖ ἀποτομὴν
 []


Underfull \hbox (badness 10000) in paragraph at lines 10828--10829

 []

File: Book10/fig097g.eps Graphic file (type eps)
<Book10/fig097g.eps>
File: Book10/fig097e.eps Graphic file (type eps)
<Book10/fig097e.eps>

Overfull \vbox (14.65388pt too high) detected at line 10938
 []


Overfull \vbox (246.33372pt too high) detected at line 10938
 []


Overfull \vbox (246.33372pt too high) detected at line 10938
 []




Package fancyhdr Warning: \headheight is too small (0.0pt): 
(fancyhdr)                Make it at least 14.0pt, for example:
(fancyhdr)                \setlength{\headheight}{14.0pt}.
(fancyhdr)                You might also make \topmargin smaller:
(fancyhdr)                \addtolength{\topmargin}{-14.0pt}.

[557]


Package fancyhdr Warning: \headheight is too small (0.0pt): 
(fancyhdr)                Make it at least 14.0pt, for example:
(fancyhdr)                \setlength{\headheight}{14.0pt}.
(fancyhdr)                You might also make \topmargin smaller:
(fancyhdr)                \addtolength{\topmargin}{-14.0pt}.

[558]
Overfull \hbox (20.38808pt too wide) in paragraph at lines 10951--10952
\TU/GFSPorson(0)/m/n/10 παρὰ <ρητὴν παραβαλλόμενον πλάτοξ ποιεῖ ἀποτομὴν
 []


Underfull \hbox (badness 10000) in paragraph at lines 10951--10952

 []

File: Book10/fig097g.eps Graphic file (type eps)
<Book10/fig097g.eps>
File: Book10/fig097e.eps Graphic file (type eps)
<Book10/fig097e.eps>

Underfull \hbox (badness 10000) in paragraph at lines 11054--11074

 []


Overfull \vbox (14.65388pt too high) detected at line 11075
 []


Overfull \vbox (246.33372pt too high) detected at line 11075
 []


Overfull \vbox (246.33372pt too high) detected at line 11075
 []




Package fancyhdr Warning: \headheight is too small (0.0pt): 
(fancyhdr)                Make it at least 14.0pt, for example:
(fancyhdr)                \setlength{\headheight}{14.0pt}.
(fancyhdr)                You might also make \topmargin smaller:
(fancyhdr)                \addtolength{\topmargin}{-14.0pt}.

[559]


Package fancyhdr Warning: \headheight is too small (0.0pt): 
(fancyhdr)                Make it at least 14.0pt, for example:
(fancyhdr)                \setlength{\headheight}{14.0pt}.
(fancyhdr)                You might also make \topmargin smaller:
(fancyhdr)                \addtolength{\topmargin}{-14.0pt}.

[560]
Overfull \hbox (2.85695pt too wide) in paragraph at lines 11092--11093
[]\TU/GFSPorson(0)/m/n/10 >’Εστω ἀποτομὴ ἡ ΑΒ, καὶ τῆ| ΑΒ μήκει σύμμετροξ
 []

File: Book10/fig103g.eps Graphic file (type eps)
<Book10/fig103g.eps>
File: Book10/fig103e.eps Graphic file (type eps)
<Book10/fig103e.eps>

Overfull \vbox (14.65388pt too high) detected at line 11181
 []


Overfull \vbox (85.7337pt too high) detected at line 11181
 []


Overfull \vbox (84.72997pt too high) detected at line 11181
 []




Package fancyhdr Warning: \headheight is too small (0.0pt): 
(fancyhdr)                Make it at least 14.0pt, for example:
(fancyhdr)                \setlength{\headheight}{14.0pt}.
(fancyhdr)                You might also make \topmargin smaller:
(fancyhdr)                \addtolength{\topmargin}{-14.0pt}.

[561]
Underfull \hbox (badness 10000) in paragraph at lines 11194--11195

 []

File: Book10/fig103g.eps Graphic file (type eps)
<Book10/fig103g.eps>
File: Book10/fig103e.eps Graphic file (type eps)
<Book10/fig103e.eps>

Overfull \hbox (7.7634pt too wide) in paragraph at lines 11255--11272
[][]\TU/TimesNewRoman(0)/m/n/10 For] since as $\OML/cmm/m/it/10 AE$ \TU/TimesNe
wRoman(0)/m/n/10 is to $\OML/cmm/m/it/10 EB$\TU/TimesNewRoman(0)/m/n/10 , so $\
OML/cmm/m/it/10 CF$ \TU/TimesNewRoman(0)/m/n/10 (is) to $\OML/cmm/m/it/10 FD$ \
TU/TimesNewRoman(0)/m/n/10 [Props. 5.12,
 []


Overfull \vbox (14.65388pt too high) detected at line 11275
 []


Overfull \vbox (85.7337pt too high) detected at line 11275
 []


Overfull \vbox (84.72997pt too high) detected at line 11275
 []




Package fancyhdr Warning: \headheight is too small (0.0pt): 
(fancyhdr)                Make it at least 14.0pt, for example:
(fancyhdr)                \setlength{\headheight}{14.0pt}.
(fancyhdr)                You might also make \topmargin smaller:
(fancyhdr)                \addtolength{\topmargin}{-14.0pt}.

[562]
Underfull \hbox (badness 10000) in paragraph at lines 11290--11291

 []


Underfull \hbox (badness 10000) in paragraph at lines 11290--11291

 []

File: Book10/fig103g.eps Graphic file (type eps)
<Book10/fig103g.eps>
File: Book10/fig103e.eps Graphic file (type eps)
<Book10/fig103e.eps>

Overfull \vbox (14.65388pt too high) detected at line 11358
 []


Overfull \vbox (85.7337pt too high) detected at line 11358
 []


Overfull \vbox (84.72997pt too high) detected at line 11358
 []




Package fancyhdr Warning: \headheight is too small (0.0pt): 
(fancyhdr)                Make it at least 14.0pt, for example:
(fancyhdr)                \setlength{\headheight}{14.0pt}.
(fancyhdr)                You might also make \topmargin smaller:
(fancyhdr)                \addtolength{\topmargin}{-14.0pt}.

[563]
Overfull \hbox (12.88098pt too wide) in paragraph at lines 11389--11390
\TU/GFSPorson(0)/m/n/10 τῶ| συγκειμένῳ ἐκ τῶν ἀπὸ τῶν ΓΖ, ΖΔ τετραγώνων,
 []


Underfull \hbox (badness 10000) in paragraph at lines 11389--11390

 []


Underfull \hbox (badness 10000) in paragraph at lines 11389--11390

 []


Underfull \hbox (badness 10000) in paragraph at lines 11389--11390

 []


Underfull \hbox (badness 10000) in paragraph at lines 11389--11390

 []


Underfull \hbox (badness 10000) in paragraph at lines 11389--11390

 []


Underfull \hbox (badness 10000) in paragraph at lines 11389--11390

 []

File: Book10/fig103g.eps Graphic file (type eps)
<Book10/fig103g.eps>
File: Book10/fig103e.eps Graphic file (type eps)
<Book10/fig103e.eps>

Overfull \vbox (14.65388pt too high) detected at line 11433
 []


Overfull \vbox (84.72997pt too high) detected at line 11433
 []


Overfull \vbox (85.7337pt too high) detected at line 11433
 []


Overfull \hbox (10.92299pt too wide) in paragraph at lines 11446--11447
[]\TU/GFSPorson(0)/m/n/10 Ἡ τῆ| μετὰ μέσου μέσον τὸ <όλον ποιούσῃ σύμμετροξ
 []


Underfull \hbox (badness 10000) in paragraph at lines 11446--11447

 []


Underfull \hbox (badness 10000) in paragraph at lines 11446--11447

 []

File: Book10/fig103g.eps Graphic file (type eps)
<Book10/fig103g.eps>
File: Book10/fig103e.eps Graphic file (type eps)
<Book10/fig103e.eps>

Overfull \vbox (14.65388pt too high) detected at line 11507
 []


Overfull \vbox (84.72997pt too high) detected at line 11507
 []


Overfull \vbox (85.7337pt too high) detected at line 11507
 []




Package fancyhdr Warning: \headheight is too small (0.0pt): 
(fancyhdr)                Make it at least 14.0pt, for example:
(fancyhdr)                \setlength{\headheight}{14.0pt}.
(fancyhdr)                You might also make \topmargin smaller:
(fancyhdr)                \addtolength{\topmargin}{-14.0pt}.

[564]
Underfull \hbox (badness 10000) in paragraph at lines 11520--11521

 []


Underfull \hbox (badness 10000) in paragraph at lines 11520--11521

 []

File: Book10/fig108g.eps Graphic file (type eps)
<Book10/fig108g.eps>

Overfull \hbox (3.45392pt too wide) in paragraph at lines 11555--11555
\TU/GFSPorson(0)/m/n/10 ἀσυμμέτρου ἑαυτῆ|, καί ἐστιν <όλη ἡ ΖΘ σύμμετροξ
 []

File: Book10/fig108e.eps Graphic file (type eps)
<Book10/fig108e.eps>

Overfull \vbox (14.65388pt too high) detected at line 11610
 []


Overfull \vbox (259.38246pt too high) detected at line 11610
 []


Overfull \vbox (260.3862pt too high) detected at line 11610
 []




Package fancyhdr Warning: \headheight is too small (0.0pt): 
(fancyhdr)                Make it at least 14.0pt, for example:
(fancyhdr)                \setlength{\headheight}{14.0pt}.
(fancyhdr)                You might also make \topmargin smaller:
(fancyhdr)                \addtolength{\topmargin}{-14.0pt}.

[565]


Package fancyhdr Warning: \headheight is too small (0.0pt): 
(fancyhdr)                Make it at least 14.0pt, for example:
(fancyhdr)                \setlength{\headheight}{14.0pt}.
(fancyhdr)                You might also make \topmargin smaller:
(fancyhdr)                \addtolength{\topmargin}{-14.0pt}.

[566]
Underfull \hbox (badness 10000) in paragraph at lines 11636--11637

 []


Underfull \hbox (badness 10000) in paragraph at lines 11636--11637

 []


Underfull \hbox (badness 10000) in paragraph at lines 11636--11637

 []


Underfull \hbox (badness 10000) in paragraph at lines 11636--11637

 []


Underfull \hbox (badness 10000) in paragraph at lines 11636--11637

 []


Underfull \hbox (badness 10000) in paragraph at lines 11636--11637

 []


Underfull \hbox (badness 10000) in paragraph at lines 11636--11637

 []


Underfull \hbox (badness 10000) in paragraph at lines 11636--11637

 []

File: Book10/fig109g.eps Graphic file (type eps)
<Book10/fig109g.eps>
File: Book10/fig109e.eps Graphic file (type eps)
<Book10/fig109e.eps>

Overfull \vbox (14.65388pt too high) detected at line 11698
 []


Overfull \vbox (350.72371pt too high) detected at line 11698
 []


Overfull \vbox (349.71997pt too high) detected at line 11698
 []




Package fancyhdr Warning: \headheight is too small (0.0pt): 
(fancyhdr)                Make it at least 14.0pt, for example:
(fancyhdr)                \setlength{\headheight}{14.0pt}.
(fancyhdr)                You might also make \topmargin smaller:
(fancyhdr)                \addtolength{\topmargin}{-14.0pt}.

[567]
Overfull \hbox (16.01335pt too wide) in paragraph at lines 11718--11719
[]\TU/GFSPorson(0)/m/n/10 Ἀφῃρήσθω γὰρ ὡξ ἐπὶ τῶν προκειμένων καταγραφῶν
 []


Underfull \hbox (badness 10000) in paragraph at lines 11718--11719

 []


Underfull \hbox (badness 10000) in paragraph at lines 11718--11719

 []


Underfull \hbox (badness 10000) in paragraph at lines 11718--11719

 []


Underfull \hbox (badness 10000) in paragraph at lines 11718--11719

 []

File: Book10/fig109g.eps Graphic file (type eps)
<Book10/fig109g.eps>
File: Book10/fig109e.eps Graphic file (type eps)
<Book10/fig109e.eps>

Overfull \vbox (14.65388pt too high) detected at line 11795
 []


Overfull \vbox (349.71997pt too high) detected at line 11795
 []


Overfull \vbox (350.72371pt too high) detected at line 11795
 []




Package fancyhdr Warning: \headheight is too small (0.0pt): 
(fancyhdr)                Make it at least 14.0pt, for example:
(fancyhdr)                \setlength{\headheight}{14.0pt}.
(fancyhdr)                You might also make \topmargin smaller:
(fancyhdr)                \addtolength{\topmargin}{-14.0pt}.

[568]


Package fancyhdr Warning: \headheight is too small (0.0pt): 
(fancyhdr)                Make it at least 14.0pt, for example:
(fancyhdr)                \setlength{\headheight}{14.0pt}.
(fancyhdr)                You might also make \topmargin smaller:
(fancyhdr)                \addtolength{\topmargin}{-14.0pt}.

[569]


Package fancyhdr Warning: \headheight is too small (0.0pt): 
(fancyhdr)                Make it at least 14.0pt, for example:
(fancyhdr)                \setlength{\headheight}{14.0pt}.
(fancyhdr)                You might also make \topmargin smaller:
(fancyhdr)                \addtolength{\topmargin}{-14.0pt}.

[570]
Overfull \hbox (0.9943pt too wide) in paragraph at lines 11807--11808
[]\TU/GFSPorson(0)/m/n/10 Ἡ ἀποτομὴ οὐκ >έστιν ἡ αὐτὴ τῆ| ἐκ δύο ὀνομάτων. 
 []

File: Book10/fig111g.eps Graphic file (type eps)
<Book10/fig111g.eps>
File: Book10/fig111e.eps Graphic file (type eps)
<Book10/fig111e.eps>

Overfull \vbox (14.65388pt too high) detected at line 11884
 []


Overfull \vbox (355.74246pt too high) detected at line 11884
 []


Overfull \vbox (354.73872pt too high) detected at line 11884
 []




Package fancyhdr Warning: \headheight is too small (0.0pt): 
(fancyhdr)                Make it at least 14.0pt, for example:
(fancyhdr)                \setlength{\headheight}{14.0pt}.
(fancyhdr)                You might also make \topmargin smaller:
(fancyhdr)                \addtolength{\topmargin}{-14.0pt}.

[571]
Overfull \hbox (13.78772pt too wide) in paragraph at lines 11921--11921
[]\TU/GFSPorson(0)/m/n/10 Τὸ μὲν γὰρ ἀπὸ μέσηξ παρὰ <ρητὴν παραβαλλόμενον
 []


Overfull \hbox (20.38808pt too wide) in paragraph at lines 11921--11921
\TU/GFSPorson(0)/m/n/10 παρὰ <ρητὴν παραβαλλόμενον πλάτοξ ποιεῖ ἀποτομὴν
 []


Overfull \hbox (42.38423pt too wide) in paragraph at lines 11921--11921
\TU/GFSPorson(0)/m/n/10 τρίτην, τὸ δὲ ἀπὸ ἐλάσσονοξ παρὰ <ρητὴν παραβαλλόμενον
 []




Package fancyhdr Warning: \headheight is too small (0.0pt): 
(fancyhdr)                Make it at least 14.0pt, for example:
(fancyhdr)                \setlength{\headheight}{14.0pt}.
(fancyhdr)                You might also make \topmargin smaller:
(fancyhdr)                \addtolength{\topmargin}{-14.0pt}.

[572]
Overfull \vbox (225.24763pt too high) detected at line 12011
 []


Overfull \vbox (205.94098pt too high) detected at line 12011
 []


Overfull \vbox (21.76129pt too high) detected at line 12011
 []


Underfull \hbox (badness 10000) in paragraph at lines 12027--12028

 []

File: Book10/fig112g.eps Graphic file (type eps)
<Book10/fig112g.eps>
File: Book10/fig112e.eps Graphic file (type eps)
<Book10/fig112e.eps>

Overfull \vbox (14.65388pt too high) detected at line 12167
 []


Overfull \vbox (124.87997pt too high) detected at line 12167
 []


Overfull \vbox (125.88371pt too high) detected at line 12167
 []




Package fancyhdr Warning: \headheight is too small (0.0pt): 
(fancyhdr)                Make it at least 14.0pt, for example:
(fancyhdr)                \setlength{\headheight}{14.0pt}.
(fancyhdr)                You might also make \topmargin smaller:
(fancyhdr)                \addtolength{\topmargin}{-14.0pt}.

[573]


Package fancyhdr Warning: \headheight is too small (0.0pt): 
(fancyhdr)                Make it at least 14.0pt, for example:
(fancyhdr)                \setlength{\headheight}{14.0pt}.
(fancyhdr)                You might also make \topmargin smaller:
(fancyhdr)                \addtolength{\topmargin}{-14.0pt}.

[574]
Overfull \hbox (2.7293pt too wide) in paragraph at lines 12186--12187
\TU/GFSPorson(0)/m/n/10 ὀνόματα σύμμετρά ἐστι τοῖξ τῆξ ἀποτομῆξ ὀνόμασι
 []


Underfull \hbox (badness 10000) in paragraph at lines 12186--12187

 []

File: Book10/fig113g.eps Graphic file (type eps)
<Book10/fig113g.eps>
File: Book10/fig113e.eps Graphic file (type eps)
<Book10/fig113e.eps>

Overfull \vbox (14.65388pt too high) detected at line 12333
 []


Overfull \vbox (124.87997pt too high) detected at line 12333
 []


Overfull \vbox (125.88371pt too high) detected at line 12333
 []




Package fancyhdr Warning: \headheight is too small (0.0pt): 
(fancyhdr)                Make it at least 14.0pt, for example:
(fancyhdr)                \setlength{\headheight}{14.0pt}.
(fancyhdr)                You might also make \topmargin smaller:
(fancyhdr)                \addtolength{\topmargin}{-14.0pt}.

[575]


Package fancyhdr Warning: \headheight is too small (0.0pt): 
(fancyhdr)                Make it at least 14.0pt, for example:
(fancyhdr)                \setlength{\headheight}{14.0pt}.
(fancyhdr)                You might also make \topmargin smaller:
(fancyhdr)                \addtolength{\topmargin}{-14.0pt}.

[576]
Underfull \hbox (badness 10000) in paragraph at lines 12377--12378

 []


Underfull \hbox (badness 10000) in paragraph at lines 12377--12378

 []


Underfull \hbox (badness 10000) in paragraph at lines 12377--12378

 []


Underfull \hbox (badness 10000) in paragraph at lines 12377--12378

 []


Underfull \hbox (badness 10000) in paragraph at lines 12377--12378

 []


Underfull \hbox (badness 10000) in paragraph at lines 12377--12378

 []


Underfull \hbox (badness 10000) in paragraph at lines 12377--12378

 []

File: Book10/fig114g.eps Graphic file (type eps)
<Book10/fig114g.eps>

Underfull \hbox (badness 10000) in paragraph at lines 12385--12386

 []

File: Book10/fig114e.eps Graphic file (type eps)
<Book10/fig114e.eps>

Underfull \hbox (badness 10000) in paragraph at lines 12434--12437

 []


Overfull \vbox (14.65388pt too high) detected at line 12445
 []


Overfull \vbox (247.33746pt too high) detected at line 12445
 []


Overfull \vbox (248.3412pt too high) detected at line 12445
 []




Package fancyhdr Warning: \headheight is too small (0.0pt): 
(fancyhdr)                Make it at least 14.0pt, for example:
(fancyhdr)                \setlength{\headheight}{14.0pt}.
(fancyhdr)                You might also make \topmargin smaller:
(fancyhdr)                \addtolength{\topmargin}{-14.0pt}.

[577]


Package fancyhdr Warning: \headheight is too small (0.0pt): 
(fancyhdr)                Make it at least 14.0pt, for example:
(fancyhdr)                \setlength{\headheight}{14.0pt}.
(fancyhdr)                You might also make \topmargin smaller:
(fancyhdr)                \addtolength{\topmargin}{-14.0pt}.

[578]
Overfull \hbox (0.58762pt too wide) in paragraph at lines 12458--12459
[]\TU/GFSPorson(0)/m/n/10 Ἀπὸ μέσηξ >άπειροι >άλογοι γίνονται, καὶ οὐδεμία
 []


Overfull \hbox (11.4997pt too wide) in paragraph at lines 12462--12463
\TU/GFSPorson(0)/m/n/10 >άλογοι γίνονται, καὶ οὐδεμία οὐδεμιᾶ| τῶν πρότερον
 []


Underfull \hbox (badness 10000) in paragraph at lines 12462--12463

 []


Underfull \hbox (badness 10000) in paragraph at lines 12462--12463

 []


Underfull \hbox (badness 10000) in paragraph at lines 12462--12463

 []

File: Book10/fig115g.eps Graphic file (type eps)
<Book10/fig115g.eps>
File: Book10/fig115e.eps Graphic file (type eps)
<Book10/fig115e.eps>

Overfull \vbox (14.65388pt too high) detected at line 12512
 []


Overfull \vbox (123.87622pt too high) detected at line 12512
 []


Overfull \vbox (124.87996pt too high) detected at line 12512
 []




Package fancyhdr Warning: \headheight is too small (0.0pt): 
(fancyhdr)                Make it at least 14.0pt, for example:
(fancyhdr)                \setlength{\headheight}{14.0pt}.
(fancyhdr)                You might also make \topmargin smaller:
(fancyhdr)                \addtolength{\topmargin}{-14.0pt}.

[579]


Package fancyhdr Warning: \headheight is too small (0.0pt): 
(fancyhdr)                Make it at least 14.0pt, for example:
(fancyhdr)                \setlength{\headheight}{14.0pt}.
(fancyhdr)                You might also make \topmargin smaller:
(fancyhdr)                \addtolength{\topmargin}{-14.0pt}.

[580])
Underfull \hbox (badness 10000) in paragraph at lines 12516--125

 []



[581]
\openout2 = `Book11/Book11.aux'.

 (./Book11/Book11.tex
File: Book11/front.eps Graphic file (type eps)
<Book11/front.eps>


[582



]
Overfull \hbox (14.94403pt too wide) in paragraph at lines 59--62
[]\TU/GFSPorson(0)/m/n/10 6\TU/TimesNewRoman(0)/m/n/10 . \TU/GFSPorson(0)/m/n/1
0 Ἐπιπέδου πρὸξ ἐπίπεδον κλίσιξ ἐστὶν ἡ περιεθομένη
 []


Overfull \hbox (19.38069pt too wide) in paragraph at lines 95--97
[]\TU/GFSPorson(0)/m/n/10 12\TU/TimesNewRoman(0)/m/n/10 . \TU/GFSPorson(0)/m/n/
10 Πυραμίξ ἐστι σθῆμα στερεὸν ἐπιπέδοιξ περιθόμενον
 []


Overfull \hbox (23.28572pt too wide) in paragraph at lines 100--103
[]\TU/GFSPorson(0)/m/n/10 13\TU/TimesNewRoman(0)/m/n/10 . \TU/GFSPorson(0)/m/n/
10 Πρίσμα ἐστὶ σθῆμα στερεὸν ἐπιπέδοιξ περιεχόμενον,
 []


Overfull \hbox (36.15485pt too wide) in paragraph at lines 128--132
\TU/GFSPorson(0)/m/n/10 περιενεθθὲν τὸ τρίγωνον εἰξ τὸ αὐτὸ πάλιν ἀποκατασταθῆ|
,
 []


Overfull \hbox (32.80078pt too wide) in paragraph at lines 144--148
[]\TU/GFSPorson(0)/m/n/10 21\TU/TimesNewRoman(0)/m/n/10 . \TU/GFSPorson(0)/m/n/
10 Κύλινδρόξ ἐστιν, <όταν ὀρθογωνίου παραλληλογράμ-
 []


Overfull \hbox (2.4503pt too wide) in paragraph at lines 151--153
\TU/GFSPorson(0)/m/n/10 εὐθεῖα, περὶ <ὴν τὸ παραλληλόγραμμον στρέφεται. 
 []


Overfull \hbox (5.16496pt too wide) in paragraph at lines 166--168
[]\TU/GFSPorson(0)/m/n/10 25\TU/TimesNewRoman(0)/m/n/10 . \TU/GFSPorson(0)/m/n/
10 Κύβοξ ἐστὶ σθῆμα στερεὸν ὑπὸ <ὲχ τετραγώνων
 []


Overfull \hbox (1.79395pt too wide) in paragraph at lines 181--182
\TU/GFSPorson(0)/m/n/10 πενταγώνων >ίσων καὶ ἰσοπλεύρων καὶ ἰσογωνίων
 []


Overfull \hbox (232.62204pt too wide) in paragraph at lines 186--186
[]
 []


Overfull \hbox (232.62204pt too wide) in paragraph at lines 186--186
[]
 []


Overfull \hbox (232.62204pt too wide) in paragraph at lines 186--186
[]
 []


Overfull \hbox (232.62204pt too wide) in paragraph at lines 186--186
[]
 []


Overfull \hbox (232.62204pt too wide) in paragraph at lines 186--186
[]
 []


Overfull \hbox (232.62204pt too wide) in paragraph at lines 186--186
[]
 []


Overfull \hbox (232.62204pt too wide) in paragraph at lines 186--186
[]
 []


Overfull \hbox (232.62204pt too wide) in paragraph at lines 186--186
[]
 []


Overfull \hbox (232.62204pt too wide) in paragraph at lines 186--186
[]
 []


Overfull \hbox (232.62204pt too wide) in paragraph at lines 186--186
[]
 []


Overfull \hbox (232.62204pt too wide) in paragraph at lines 186--186
[]
 []


Overfull \hbox (232.62204pt too wide) in paragraph at lines 186--186
[]
 []


Overfull \hbox (232.62204pt too wide) in paragraph at lines 186--186
[]
 []


Overfull \hbox (232.62204pt too wide) in paragraph at lines 186--186
[]
 []


Overfull \hbox (232.62204pt too wide) in paragraph at lines 186--186
[]
 []


Overfull \hbox (232.62204pt too wide) in paragraph at lines 186--186
[]
 []


Overfull \hbox (232.62204pt too wide) in paragraph at lines 186--186
[]
 []


Overfull \hbox (232.62204pt too wide) in paragraph at lines 186--186
[]
 []


Overfull \hbox (232.62204pt too wide) in paragraph at lines 186--186
[]
 []


Overfull \hbox (232.62204pt too wide) in paragraph at lines 186--186
[]
 []


Overfull \hbox (232.62204pt too wide) in paragraph at lines 186--186
[]
 []


Overfull \hbox (232.62204pt too wide) in paragraph at lines 186--186
[]
 []


Overfull \hbox (232.62204pt too wide) in paragraph at lines 186--186
[]
 []


Overfull \hbox (232.62204pt too wide) in paragraph at lines 186--186
[]
 []


Overfull \hbox (232.62204pt too wide) in paragraph at lines 186--186
[]
 []


Overfull \hbox (232.62204pt too wide) in paragraph at lines 186--186
[]
 []


Overfull \hbox (232.62204pt too wide) in paragraph at lines 186--186
[]
 []


Overfull \hbox (232.62204pt too wide) in paragraph at lines 186--186
[]
 []


Overfull \hbox (232.62204pt too wide) in paragraph at lines 186--186
[]
 []


Overfull \hbox (232.62204pt too wide) in paragraph at lines 186--186
[]
 []


Overfull \hbox (232.62204pt too wide) in paragraph at lines 186--186
[]
 []


Overfull \hbox (232.62204pt too wide) in paragraph at lines 186--186
[]
 []


Overfull \hbox (232.62204pt too wide) in paragraph at lines 186--186
[]
 []


Overfull \hbox (232.62204pt too wide) in paragraph at lines 186--186
[]
 []


Overfull \hbox (232.62204pt too wide) in paragraph at lines 186--186
[]
 []


Overfull \hbox (232.62204pt too wide) in paragraph at lines 186--186
[]
 []


Overfull \hbox (232.62204pt too wide) in paragraph at lines 186--186
[]
 []


Overfull \hbox (232.62204pt too wide) in paragraph at lines 186--186
[]
 []


Overfull \hbox (232.62204pt too wide) in paragraph at lines 186--186
[]
 []


Overfull \hbox (232.62204pt too wide) in paragraph at lines 186--186
[]
 []


Overfull \hbox (232.62204pt too wide) in paragraph at lines 186--186
[]
 []


Overfull \hbox (232.62204pt too wide) in paragraph at lines 186--186
[]
 []


Overfull \hbox (232.62204pt too wide) in paragraph at lines 186--186
[]
 []


Overfull \hbox (232.62204pt too wide) in paragraph at lines 186--186
[]
 []


Overfull \hbox (232.62204pt too wide) in paragraph at lines 186--186
[]
 []


Overfull \hbox (232.62204pt too wide) in paragraph at lines 186--186
[]
 []


Overfull \hbox (232.62204pt too wide) in paragraph at lines 186--186
[]
 []


Overfull \hbox (232.62204pt too wide) in paragraph at lines 186--186
[]
 []


Overfull \hbox (232.62204pt too wide) in paragraph at lines 186--186
[]
 []


Overfull \hbox (232.62204pt too wide) in paragraph at lines 186--186
[]
 []


Overfull \hbox (232.62204pt too wide) in paragraph at lines 186--186
[]
 []


Overfull \hbox (232.62204pt too wide) in paragraph at lines 186--186
[]
 []


Overfull \hbox (232.62204pt too wide) in paragraph at lines 186--186
[]
 []


Overfull \hbox (232.62204pt too wide) in paragraph at lines 186--186
[]
 []


Overfull \hbox (232.62204pt too wide) in paragraph at lines 186--186
[]
 []


Overfull \hbox (232.62204pt too wide) in paragraph at lines 186--186
[]
 []


Overfull \hbox (232.62204pt too wide) in paragraph at lines 186--186
[]
 []


Overfull \hbox (232.62204pt too wide) in paragraph at lines 186--186
[]
 []


Overfull \hbox (232.62204pt too wide) in paragraph at lines 186--186
[]
 []


Overfull \hbox (232.62204pt too wide) in paragraph at lines 186--186
[]
 []


Overfull \hbox (232.62204pt too wide) in paragraph at lines 186--186
[]
 []


Overfull \hbox (232.62204pt too wide) in paragraph at lines 186--186
[]
 []


Overfull \hbox (232.62204pt too wide) in paragraph at lines 186--186
[]
 []


Overfull \hbox (232.62204pt too wide) in paragraph at lines 186--186
[]
 []


Overfull \hbox (232.62204pt too wide) in paragraph at lines 186--186
[]
 []


Overfull \hbox (232.62204pt too wide) in paragraph at lines 186--186
[]
 []


Overfull \hbox (232.62204pt too wide) in paragraph at lines 186--186
[]
 []


Overfull \hbox (232.62204pt too wide) in paragraph at lines 186--186
[]
 []


Overfull \hbox (232.62204pt too wide) in paragraph at lines 186--186
[]
 []


Overfull \hbox (232.62204pt too wide) in paragraph at lines 186--186
[]
 []


Overfull \hbox (232.62204pt too wide) in paragraph at lines 186--186
[]
 []


Overfull \hbox (232.62204pt too wide) in paragraph at lines 186--186
[]
 []


Overfull \hbox (232.62204pt too wide) in paragraph at lines 186--186
[]
 []


Overfull \hbox (232.62204pt too wide) in paragraph at lines 186--186
[]
 []


Overfull \hbox (232.62204pt too wide) in paragraph at lines 186--186
[]
 []


Overfull \hbox (232.62204pt too wide) in paragraph at lines 186--186
[]
 []


Overfull \hbox (232.62204pt too wide) in paragraph at lines 186--186
[]
 []


Overfull \hbox (232.62204pt too wide) in paragraph at lines 186--186
[]
 []


Overfull \hbox (232.62204pt too wide) in paragraph at lines 186--186
[]
 []


Overfull \hbox (232.62204pt too wide) in paragraph at lines 186--186
[]
 []


Overfull \hbox (232.62204pt too wide) in paragraph at lines 186--186
[]
 []


Overfull \hbox (232.62204pt too wide) in paragraph at lines 186--186
[]
 []


Overfull \hbox (232.62204pt too wide) in paragraph at lines 186--186
[]
 []


Overfull \hbox (232.62204pt too wide) in paragraph at lines 186--186
[]
 []


Overfull \hbox (232.62204pt too wide) in paragraph at lines 186--186
[]
 []


Overfull \hbox (232.62204pt too wide) in paragraph at lines 186--186
[]
 []


Overfull \hbox (232.62204pt too wide) in paragraph at lines 186--186
[]
 []


Overfull \hbox (232.62204pt too wide) in paragraph at lines 186--186
[] 
 []




Package fancyhdr Warning: \headheight is too small (0.0pt): 
(fancyhdr)                Make it at least 14.0pt, for example:
(fancyhdr)                \setlength{\headheight}{14.0pt}.
(fancyhdr)                You might also make \topmargin smaller:
(fancyhdr)                \addtolength{\topmargin}{-14.0pt}.

[583]


Package fancyhdr Warning: \headheight is too small (0.0pt): 
(fancyhdr)                Make it at least 14.0pt, for example:
(fancyhdr)                \setlength{\headheight}{14.0pt}.
(fancyhdr)                You might also make \topmargin smaller:
(fancyhdr)                \addtolength{\topmargin}{-14.0pt}.

[584]


Package fancyhdr Warning: \headheight is too small (0.0pt): 
(fancyhdr)                Make it at least 14.0pt, for example:
(fancyhdr)                \setlength{\headheight}{14.0pt}.
(fancyhdr)                You might also make \topmargin smaller:
(fancyhdr)                \addtolength{\topmargin}{-14.0pt}.

[585]
Underfull \hbox (badness 10000) in paragraph at lines 307--308

 []

File: Book11/fig01g.eps Graphic file (type eps)
<Book11/fig01g.eps>
File: Book11/fig01e.eps Graphic file (type eps)
<Book11/fig01e.eps>

Overfull \vbox (14.65388pt too high) detected at line 338
 []


Overfull \vbox (305.55496pt too high) detected at line 338
 []


Overfull \vbox (305.55496pt too high) detected at line 338
 []




Package fancyhdr Warning: \headheight is too small (0.0pt): 
(fancyhdr)                Make it at least 14.0pt, for example:
(fancyhdr)                \setlength{\headheight}{14.0pt}.
(fancyhdr)                You might also make \topmargin smaller:
(fancyhdr)                \addtolength{\topmargin}{-14.0pt}.

[586]


Package fancyhdr Warning: \headheight is too small (0.0pt): 
(fancyhdr)                Make it at least 14.0pt, for example:
(fancyhdr)                \setlength{\headheight}{14.0pt}.
(fancyhdr)                You might also make \topmargin smaller:
(fancyhdr)                \addtolength{\topmargin}{-14.0pt}.

[587]
Underfull \hbox (badness 10000) in paragraph at lines 353--354

 []

File: Book11/fig02g.eps Graphic file (type eps)
<Book11/fig02g.eps>
File: Book11/fig02e.eps Graphic file (type eps)
<Book11/fig02e.eps>

Overfull \vbox (14.65388pt too high) detected at line 414
 []


Overfull \vbox (265.40495pt too high) detected at line 414
 []


Overfull \vbox (264.40121pt too high) detected at line 414
 []




Package fancyhdr Warning: \headheight is too small (0.0pt): 
(fancyhdr)                Make it at least 14.0pt, for example:
(fancyhdr)                \setlength{\headheight}{14.0pt}.
(fancyhdr)                You might also make \topmargin smaller:
(fancyhdr)                \addtolength{\topmargin}{-14.0pt}.

[588]
File: Book11/fig03g.eps Graphic file (type eps)
<Book11/fig03g.eps>
File: Book11/fig03e.eps Graphic file (type eps)
<Book11/fig03e.eps>

Overfull \vbox (14.65388pt too high) detected at line 471
 []


Overfull \vbox (244.32622pt too high) detected at line 471
 []


Overfull \vbox (240.31122pt too high) detected at line 471
 []


Underfull \hbox (badness 10000) in paragraph at lines 495--496

 []


Underfull \hbox (badness 10000) in paragraph at lines 495--496

 []


Underfull \hbox (badness 10000) in paragraph at lines 495--496

 []

File: Book11/fig04g.eps Graphic file (type eps)
<Book11/fig04g.eps>
File: Book11/fig04e.eps Graphic file (type eps)
<Book11/fig04e.eps>

Overfull \vbox (14.65388pt too high) detected at line 600
 []


Overfull \vbox (248.34122pt too high) detected at line 600
 []


Overfull \vbox (249.34496pt too high) detected at line 600
 []




Package fancyhdr Warning: \headheight is too small (0.0pt): 
(fancyhdr)                Make it at least 14.0pt, for example:
(fancyhdr)                \setlength{\headheight}{14.0pt}.
(fancyhdr)                You might also make \topmargin smaller:
(fancyhdr)                \addtolength{\topmargin}{-14.0pt}.

[589]


Package fancyhdr Warning: \headheight is too small (0.0pt): 
(fancyhdr)                Make it at least 14.0pt, for example:
(fancyhdr)                \setlength{\headheight}{14.0pt}.
(fancyhdr)                You might also make \topmargin smaller:
(fancyhdr)                \addtolength{\topmargin}{-14.0pt}.

[590]
File: Book11/fig05g.eps Graphic file (type eps)
<Book11/fig05g.eps>
File: Book11/fig05e.eps Graphic file (type eps)
<Book11/fig05e.eps>

Overfull \vbox (14.65388pt too high) detected at line 680
 []


Overfull \vbox (293.50995pt too high) detected at line 680
 []


Overfull \vbox (292.50621pt too high) detected at line 680
 []




Package fancyhdr Warning: \headheight is too small (0.0pt): 
(fancyhdr)                Make it at least 14.0pt, for example:
(fancyhdr)                \setlength{\headheight}{14.0pt}.
(fancyhdr)                You might also make \topmargin smaller:
(fancyhdr)                \addtolength{\topmargin}{-14.0pt}.

[591]
File: Book11/fig06g.eps Graphic file (type eps)
<Book11/fig06g.eps>

Overfull \hbox (1.46294pt too wide) in paragraph at lines 699--700
[]\TU/GFSPorson(0)/m/n/10 Δύο γὰρ εὐθεῖαι αἱ ΑΒ, ΓΔ τῶ| ὑποκειμένῳ ἐπιπέδῳ
 []

File: Book11/fig06e.eps Graphic file (type eps)
<Book11/fig06e.eps>

Overfull \vbox (14.65388pt too high) detected at line 778
 []


Overfull \vbox (283.47247pt too high) detected at line 778
 []


Overfull \vbox (283.47247pt too high) detected at line 778
 []




Package fancyhdr Warning: \headheight is too small (0.0pt): 
(fancyhdr)                Make it at least 14.0pt, for example:
(fancyhdr)                \setlength{\headheight}{14.0pt}.
(fancyhdr)                You might also make \topmargin smaller:
(fancyhdr)                \addtolength{\topmargin}{-14.0pt}.

[592]


Package fancyhdr Warning: \headheight is too small (0.0pt): 
(fancyhdr)                Make it at least 14.0pt, for example:
(fancyhdr)                \setlength{\headheight}{14.0pt}.
(fancyhdr)                You might also make \topmargin smaller:
(fancyhdr)                \addtolength{\topmargin}{-14.0pt}.

[593]
File: Book11/fig07g.eps Graphic file (type eps)
<Book11/fig07g.eps>

Overfull \hbox (12.43102pt too wide) in paragraph at lines 810--811
\TU/GFSPorson(0)/m/n/10 ἐπιζευγνυμένη εὐθεῖαι ἐν μετεωροτέρῳ ἐστὶν ἐπιπέδῳ;
 []

File: Book11/fig07e.eps Graphic file (type eps)
<Book11/fig07e.eps>

Overfull \vbox (14.65388pt too high) detected at line 845
 []


Overfull \vbox (205.17996pt too high) detected at line 845
 []


Overfull \vbox (205.17996pt too high) detected at line 845
 []




Package fancyhdr Warning: \headheight is too small (0.0pt): 
(fancyhdr)                Make it at least 14.0pt, for example:
(fancyhdr)                \setlength{\headheight}{14.0pt}.
(fancyhdr)                You might also make \topmargin smaller:
(fancyhdr)                \addtolength{\topmargin}{-14.0pt}.

[594]
Underfull \hbox (badness 10000) in paragraph at lines 869--870

 []

File: Book11/fig08g.eps Graphic file (type eps)
<Book11/fig08g.eps>
File: Book11/fig08e.eps Graphic file (type eps)
<Book11/fig08e.eps>

Overfull \vbox (14.65388pt too high) detected at line 961
 []


Overfull \vbox (345.70497pt too high) detected at line 961
 []


Overfull \vbox (345.70497pt too high) detected at line 961
 []




Package fancyhdr Warning: \headheight is too small (0.0pt): 
(fancyhdr)                Make it at least 14.0pt, for example:
(fancyhdr)                \setlength{\headheight}{14.0pt}.
(fancyhdr)                You might also make \topmargin smaller:
(fancyhdr)                \addtolength{\topmargin}{-14.0pt}.

[595]


Package fancyhdr Warning: \headheight is too small (0.0pt): 
(fancyhdr)                Make it at least 14.0pt, for example:
(fancyhdr)                \setlength{\headheight}{14.0pt}.
(fancyhdr)                You might also make \topmargin smaller:
(fancyhdr)                \addtolength{\topmargin}{-14.0pt}.

[596]
Underfull \hbox (badness 10000) in paragraph at lines 974--975

 []

File: Book11/fig09g.eps Graphic file (type eps)
<Book11/fig09g.eps>

Overfull \hbox (12.35191pt too wide) in paragraph at lines 981--982
[]\TU/GFSPorson(0)/m/n/10 >’Εστω γὰρ ἑκατέρα τῶν ΑΒ, ΓΔ τῆ| ΕΖ παράλληλοξ
 []

File: Book11/fig09e.eps Graphic file (type eps)
<Book11/fig09e.eps>

Overfull \vbox (14.65388pt too high) detected at line 1029
 []


Overfull \vbox (223.24747pt too high) detected at line 1029
 []


Overfull \vbox (223.24747pt too high) detected at line 1029
 []




Package fancyhdr Warning: \headheight is too small (0.0pt): 
(fancyhdr)                Make it at least 14.0pt, for example:
(fancyhdr)                \setlength{\headheight}{14.0pt}.
(fancyhdr)                You might also make \topmargin smaller:
(fancyhdr)                \addtolength{\topmargin}{-14.0pt}.

[597]
Underfull \hbox (badness 10000) in paragraph at lines 1064--1065

 []


Underfull \hbox (badness 10000) in paragraph at lines 1064--1065

 []


LaTeX Warning: File `Book11/fig10g.eps' not found on input line 1067.


! LaTeX Error: File `Book11/fig10g.eps' not found.

See the LaTeX manual or LaTeX Companion for explanation.
Type  H <return>  for immediate help.
 ...                                              
                                                  
l.1067 ...ine{\includegraphics{Book11/fig10g.eps}}
                                                  
Try typing  <return>  to proceed.
If that doesn't work, type  X <return>  to quit.


! LaTeX Error: Cannot determine size of graphic in Book11/fig10g.eps (no Boundi
ngBox).

See the LaTeX manual or LaTeX Companion for explanation.
Type  H <return>  for immediate help.
 ...                                              
                                                  
l.1067 ...ine{\includegraphics{Book11/fig10g.eps}}
                                                  
Try typing  <return>  to proceed.
If that doesn't work, type  X <return>  to quit.

File: Book11/fig10g.eps Graphic file (type eps)
<Book11/fig10g.eps>
File: Book11/fig10e.eps Graphic file (type eps)
<Book11/fig10e.eps>

Overfull \vbox (14.65388pt too high) detected at line 1108
 []


Overfull \vbox (68.66995pt too high) detected at line 1108
 []


Overfull \vbox (282.4687pt too high) detected at line 1108
 []




Package fancyhdr Warning: \headheight is too small (0.0pt): 
(fancyhdr)                Make it at least 14.0pt, for example:
(fancyhdr)                \setlength{\headheight}{14.0pt}.
(fancyhdr)                You might also make \topmargin smaller:
(fancyhdr)                \addtolength{\topmargin}{-14.0pt}.

[598]
File: Book11/fig11g.eps Graphic file (type eps)
<Book11/fig11g.eps>
File: Book11/fig11e.eps Graphic file (type eps)
<Book11/fig11e.eps>

Overfull \vbox (14.65388pt too high) detected at line 1205
 []


Overfull \vbox (318.60371pt too high) detected at line 1205
 []


Overfull \vbox (318.60371pt too high) detected at line 1205
 []




Package fancyhdr Warning: \headheight is too small (0.0pt): 
(fancyhdr)                Make it at least 14.0pt, for example:
(fancyhdr)                \setlength{\headheight}{14.0pt}.
(fancyhdr)                You might also make \topmargin smaller:
(fancyhdr)                \addtolength{\topmargin}{-14.0pt}.

[599]


Package fancyhdr Warning: \headheight is too small (0.0pt): 
(fancyhdr)                Make it at least 14.0pt, for example:
(fancyhdr)                \setlength{\headheight}{14.0pt}.
(fancyhdr)                You might also make \topmargin smaller:
(fancyhdr)                \addtolength{\topmargin}{-14.0pt}.

[600]
File: Book11/fig12g.eps Graphic file (type eps)
<Book11/fig12g.eps>
File: Book11/fig12e.eps Graphic file (type eps)
<Book11/fig12e.eps>

Overfull \vbox (14.65388pt too high) detected at line 1264
 []


Overfull \vbox (360.76122pt too high) detected at line 1264
 []


Overfull \vbox (360.76122pt too high) detected at line 1264
 []




Package fancyhdr Warning: \headheight is too small (0.0pt): 
(fancyhdr)                Make it at least 14.0pt, for example:
(fancyhdr)                \setlength{\headheight}{14.0pt}.
(fancyhdr)                You might also make \topmargin smaller:
(fancyhdr)                \addtolength{\topmargin}{-14.0pt}.

[601]
File: Book11/fig13g.eps Graphic file (type eps)
<Book11/fig13g.eps>
File: Book11/fig13e.eps Graphic file (type eps)
<Book11/fig13e.eps>

Underfull \hbox (badness 10000) in paragraph at lines 1320--1320

 []


Underfull \hbox (badness 10000) in paragraph at lines 1320--1320

 []


Overfull \vbox (14.65388pt too high) detected at line 1321
 []


Overfull \vbox (329.64497pt too high) detected at line 1321
 []


Overfull \vbox (329.64497pt too high) detected at line 1321
 []




Package fancyhdr Warning: \headheight is too small (0.0pt): 
(fancyhdr)                Make it at least 14.0pt, for example:
(fancyhdr)                \setlength{\headheight}{14.0pt}.
(fancyhdr)                You might also make \topmargin smaller:
(fancyhdr)                \addtolength{\topmargin}{-14.0pt}.

[602]
File: Book11/fig14g.eps Graphic file (type eps)
<Book11/fig14g.eps>

Overfull \hbox (6.2701pt too wide) in paragraph at lines 1346--1347
[]\TU/GFSPorson(0)/m/n/10 Εἰ γὰρ μή, ἐκβαλλόμενα συμπεσοῦνται. συμπιπτέτ-
 []


Overfull \hbox (14.91373pt too wide) in paragraph at lines 1346--1347
\TU/GFSPorson(0)/m/n/10 ωσαν; ποιήσουσι δὴ κοινὴν τομὴν εὐθεῖαν. ποιείτωσαν
 []


Underfull \hbox (badness 10000) in paragraph at lines 1369--1371

 []

File: Book11/fig14e.eps Graphic file (type eps)
<Book11/fig14e.eps>

Overfull \vbox (14.65388pt too high) detected at line 1390
 []


Overfull \vbox (319.60747pt too high) detected at line 1390
 []


Overfull \vbox (319.60747pt too high) detected at line 1390
 []




Package fancyhdr Warning: \headheight is too small (0.0pt): 
(fancyhdr)                Make it at least 14.0pt, for example:
(fancyhdr)                \setlength{\headheight}{14.0pt}.
(fancyhdr)                You might also make \topmargin smaller:
(fancyhdr)                \addtolength{\topmargin}{-14.0pt}.

[603]
Underfull \hbox (badness 10000) in paragraph at lines 1414--1415

 []


Underfull \hbox (badness 10000) in paragraph at lines 1414--1415

 []

File: Book11/fig15g.eps Graphic file (type eps)
<Book11/fig15g.eps>
File: Book11/fig15e.eps Graphic file (type eps)
<Book11/fig15e.eps>

Overfull \vbox (14.65388pt too high) detected at line 1488
 []


Overfull \vbox (258.37871pt too high) detected at line 1488
 []


Overfull \vbox (258.3